product_id,m5_item_id,date,demand,week,category
P01,FOODS_3_586,2011-01-29,516,1,FOODS
P01,FOODS_3_586,2011-01-30,479,1,FOODS
P01,FOODS_3_586,2011-01-31,328,1,FOODS
P01,FOODS_3_586,2011-02-01,376,1,FOODS
P01,FOODS_3_586,2011-02-02,319,1,FOODS
P01,FOODS_3_586,2011-02-03,430,1,FOODS
P01,FOODS_3_586,2011-02-04,405,1,FOODS
P01,FOODS_3_586,2011-02-05,624,2,FOODS
P01,FOODS_3_586,2011-02-06,537,2,FOODS
P01,FOODS_3_586,2011-02-07,432,2,FOODS
P01,FOODS_3_586,2011-02-08,386,2,FOODS
P01,FOODS_3_586,2011-02-09,391,2,FOODS
P01,FOODS_3_586,2011-02-10,369,2,FOODS
P01,FOODS_3_586,2011-02-11,529,2,FOODS
P01,FOODS_3_586,2011-02-12,713,3,FOODS
P01,FOODS_3_586,2011-02-13,713,3,FOODS
P01,FOODS_3_586,2011-02-14,452,3,FOODS
P01,FOODS_3_586,2011-02-15,462,3,FOODS
P01,FOODS_3_586,2011-02-16,385,3,FOODS
P01,FOODS_3_586,2011-02-17,399,3,FOODS
P01,FOODS_3_586,2011-02-18,489,3,FOODS
P01,FOODS_3_586,2011-02-19,608,4,FOODS
P01,FOODS_3_586,2011-02-20,564,4,FOODS
P01,FOODS_3_586,2011-02-21,378,4,FOODS
P01,FOODS_3_586,2011-02-22,434,4,FOODS
P01,FOODS_3_586,2011-02-23,397,4,FOODS
P01,FOODS_3_586,2011-02-24,381,4,FOODS
P01,FOODS_3_586,2011-02-25,488,4,FOODS
P01,FOODS_3_586,2011-02-26,568,5,FOODS
P01,FOODS_3_586,2011-02-27,568,5,FOODS
P01,FOODS_3_586,2011-02-28,357,5,FOODS
P01,FOODS_3_586,2011-03-01,448,5,FOODS
P01,FOODS_3_586,2011-03-02,416,5,FOODS
P01,FOODS_3_586,2011-03-03,454,5,FOODS
P01,FOODS_3_586,2011-03-04,508,5,FOODS
P01,FOODS_3_586,2011-03-05,618,6,FOODS
P01,FOODS_3_586,2011-03-06,617,6,FOODS
P01,FOODS_3_586,2011-03-07,410,6,FOODS
P01,FOODS_3_586,2011-03-08,431,6,FOODS
P01,FOODS_3_586,2011-03-09,416,6,FOODS
P01,FOODS_3_586,2011-03-10,440,6,FOODS
P01,FOODS_3_586,2011-03-11,467,6,FOODS
P01,FOODS_3_586,2011-03-12,625,7,FOODS
P01,FOODS_3_586,2011-03-13,556,7,FOODS
P01,FOODS_3_586,2011-03-14,413,7,FOODS
P01,FOODS_3_586,2011-03-15,450,7,FOODS
P01,FOODS_3_586,2011-03-16,395,7,FOODS
P01,FOODS_3_586,2011-03-17,460,7,FOODS
P01,FOODS_3_586,2011-03-18,433,7,FOODS
P01,FOODS_3_586,2011-03-19,540,8,FOODS
P01,FOODS_3_586,2011-03-20,640,8,FOODS
P01,FOODS_3_586,2011-03-21,418,8,FOODS
P01,FOODS_3_586,2011-03-22,405,8,FOODS
P01,FOODS_3_586,2011-03-23,394,8,FOODS
P01,FOODS_3_586,2011-03-24,385,8,FOODS
P01,FOODS_3_586,2011-03-25,421,8,FOODS
P01,FOODS_3_586,2011-03-26,543,9,FOODS
P01,FOODS_3_586,2011-03-27,549,9,FOODS
P01,FOODS_3_586,2011-03-28,371,9,FOODS
P01,FOODS_3_586,2011-03-29,357,9,FOODS
P01,FOODS_3_586,2011-03-30,367,9,FOODS
P01,FOODS_3_586,2011-03-31,469,9,FOODS
P01,FOODS_3_586,2011-04-01,553,9,FOODS
P01,FOODS_3_586,2011-04-02,628,10,FOODS
P01,FOODS_3_586,2011-04-03,623,10,FOODS
P01,FOODS_3_586,2011-04-04,473,10,FOODS
P01,FOODS_3_586,2011-04-05,412,10,FOODS
P01,FOODS_3_586,2011-04-06,423,10,FOODS
P01,FOODS_3_586,2011-04-07,372,10,FOODS
P01,FOODS_3_586,2011-04-08,446,10,FOODS
P01,FOODS_3_586,2011-04-09,623,11,FOODS
P01,FOODS_3_586,2011-04-10,665,11,FOODS
P01,FOODS_3_586,2011-04-11,470,11,FOODS
P01,FOODS_3_586,2011-04-12,448,11,FOODS
P01,FOODS_3_586,2011-04-13,428,11,FOODS
P01,FOODS_3_586,2011-04-14,412,11,FOODS
P01,FOODS_3_586,2011-04-15,487,11,FOODS
P01,FOODS_3_586,2011-04-16,646,12,FOODS
P01,FOODS_3_586,2011-04-17,637,12,FOODS
P01,FOODS_3_586,2011-04-18,456,12,FOODS
P01,FOODS_3_586,2011-04-19,430,12,FOODS
P01,FOODS_3_586,2011-04-20,464,12,FOODS
P01,FOODS_3_586,2011-04-21,408,12,FOODS
P01,FOODS_3_586,2011-04-22,588,12,FOODS
P01,FOODS_3_586,2011-04-23,675,13,FOODS
P01,FOODS_3_586,2011-04-24,656,13,FOODS
P01,FOODS_3_586,2011-04-25,414,13,FOODS
P01,FOODS_3_586,2011-04-26,341,13,FOODS
P01,FOODS_3_586,2011-04-27,409,13,FOODS
P01,FOODS_3_586,2011-04-28,366,13,FOODS
P01,FOODS_3_586,2011-04-29,516,13,FOODS
P01,FOODS_3_586,2011-04-30,598,14,FOODS
P01,FOODS_3_586,2011-05-01,643,14,FOODS
P01,FOODS_3_586,2011-05-02,481,14,FOODS
P01,FOODS_3_586,2011-05-03,486,14,FOODS
P01,FOODS_3_586,2011-05-04,418,14,FOODS
P01,FOODS_3_586,2011-05-05,507,14,FOODS
P01,FOODS_3_586,2011-05-06,534,14,FOODS
P01,FOODS_3_586,2011-05-07,641,15,FOODS
P01,FOODS_3_586,2011-05-08,652,15,FOODS
P01,FOODS_3_586,2011-05-09,486,15,FOODS
P01,FOODS_3_586,2011-05-10,436,15,FOODS
P01,FOODS_3_586,2011-05-11,405,15,FOODS
P01,FOODS_3_586,2011-05-12,441,15,FOODS
P01,FOODS_3_586,2011-05-13,583,15,FOODS
P01,FOODS_3_586,2011-05-14,545,16,FOODS
P01,FOODS_3_586,2011-05-15,591,16,FOODS
P01,FOODS_3_586,2011-05-16,375,16,FOODS
P01,FOODS_3_586,2011-05-17,409,16,FOODS
P01,FOODS_3_586,2011-05-18,356,16,FOODS
P01,FOODS_3_586,2011-05-19,419,16,FOODS
P01,FOODS_3_586,2011-05-20,508,16,FOODS
P01,FOODS_3_586,2011-05-21,602,17,FOODS
P01,FOODS_3_586,2011-05-22,594,17,FOODS
P01,FOODS_3_586,2011-05-23,479,17,FOODS
P01,FOODS_3_586,2011-05-24,437,17,FOODS
P01,FOODS_3_586,2011-05-25,440,17,FOODS
P01,FOODS_3_586,2011-05-26,463,17,FOODS
P01,FOODS_3_586,2011-05-27,514,17,FOODS
P01,FOODS_3_586,2011-05-28,567,18,FOODS
P01,FOODS_3_586,2011-05-29,519,18,FOODS
P01,FOODS_3_586,2011-05-30,523,18,FOODS
P01,FOODS_3_586,2011-05-31,383,18,FOODS
P01,FOODS_3_586,2011-06-01,525,18,FOODS
P01,FOODS_3_586,2011-06-02,488,18,FOODS
P01,FOODS_3_586,2011-06-03,643,18,FOODS
P01,FOODS_3_586,2011-06-04,633,19,FOODS
P01,FOODS_3_586,2011-06-05,673,19,FOODS
P01,FOODS_3_586,2011-06-06,475,19,FOODS
P01,FOODS_3_586,2011-06-07,564,19,FOODS
P01,FOODS_3_586,2011-06-08,476,19,FOODS
P01,FOODS_3_586,2011-06-09,521,19,FOODS
P01,FOODS_3_586,2011-06-10,504,19,FOODS
P01,FOODS_3_586,2011-06-11,606,20,FOODS
P01,FOODS_3_586,2011-06-12,634,20,FOODS
P01,FOODS_3_586,2011-06-13,506,20,FOODS
P01,FOODS_3_586,2011-06-14,511,20,FOODS
P01,FOODS_3_586,2011-06-15,550,20,FOODS
P01,FOODS_3_586,2011-06-16,495,20,FOODS
P01,FOODS_3_586,2011-06-17,567,20,FOODS
P01,FOODS_3_586,2011-06-18,688,21,FOODS
P01,FOODS_3_586,2011-06-19,673,21,FOODS
P01,FOODS_3_586,2011-06-20,460,21,FOODS
P01,FOODS_3_586,2011-06-21,464,21,FOODS
P01,FOODS_3_586,2011-06-22,390,21,FOODS
P01,FOODS_3_586,2011-06-23,436,21,FOODS
P01,FOODS_3_586,2011-06-24,465,21,FOODS
P01,FOODS_3_586,2011-06-25,561,22,FOODS
P01,FOODS_3_586,2011-06-26,569,22,FOODS
P01,FOODS_3_586,2011-06-27,423,22,FOODS
P01,FOODS_3_586,2011-06-28,407,22,FOODS
P01,FOODS_3_586,2011-06-29,418,22,FOODS
P01,FOODS_3_586,2011-06-30,472,22,FOODS
P01,FOODS_3_586,2011-07-01,744,22,FOODS
P01,FOODS_3_586,2011-07-02,683,23,FOODS
P01,FOODS_3_586,2011-07-03,687,23,FOODS
P01,FOODS_3_586,2011-07-04,542,23,FOODS
P01,FOODS_3_586,2011-07-05,471,23,FOODS
P01,FOODS_3_586,2011-07-06,440,23,FOODS
P01,FOODS_3_586,2011-07-07,473,23,FOODS
P01,FOODS_3_586,2011-07-08,565,23,FOODS
P01,FOODS_3_586,2011-07-09,746,24,FOODS
P01,FOODS_3_586,2011-07-10,667,24,FOODS
P01,FOODS_3_586,2011-07-11,481,24,FOODS
P01,FOODS_3_586,2011-07-12,468,24,FOODS
P01,FOODS_3_586,2011-07-13,427,24,FOODS
P01,FOODS_3_586,2011-07-14,472,24,FOODS
P01,FOODS_3_586,2011-07-15,604,24,FOODS
P01,FOODS_3_586,2011-07-16,633,25,FOODS
P01,FOODS_3_586,2011-07-17,661,25,FOODS
P01,FOODS_3_586,2011-07-18,509,25,FOODS
P01,FOODS_3_586,2011-07-19,397,25,FOODS
P01,FOODS_3_586,2011-07-20,463,25,FOODS
P01,FOODS_3_586,2011-07-21,503,25,FOODS
P01,FOODS_3_586,2011-07-22,541,25,FOODS
P01,FOODS_3_586,2011-07-23,628,26,FOODS
P01,FOODS_3_586,2011-07-24,631,26,FOODS
P01,FOODS_3_586,2011-07-25,507,26,FOODS
P01,FOODS_3_586,2011-07-26,437,26,FOODS
P01,FOODS_3_586,2011-07-27,399,26,FOODS
P01,FOODS_3_586,2011-07-28,398,26,FOODS
P01,FOODS_3_586,2011-07-29,478,26,FOODS
P01,FOODS_3_586,2011-07-30,681,27,FOODS
P01,FOODS_3_586,2011-07-31,681,27,FOODS
P01,FOODS_3_586,2011-08-01,591,27,FOODS
P01,FOODS_3_586,2011-08-02,502,27,FOODS
P01,FOODS_3_586,2011-08-03,565,27,FOODS
P01,FOODS_3_586,2011-08-04,550,27,FOODS
P01,FOODS_3_586,2011-08-05,666,27,FOODS
P01,FOODS_3_586,2011-08-06,759,28,FOODS
P01,FOODS_3_586,2011-08-07,817,28,FOODS
P01,FOODS_3_586,2011-08-08,573,28,FOODS
P01,FOODS_3_586,2011-08-09,607,28,FOODS
P01,FOODS_3_586,2011-08-10,587,28,FOODS
P01,FOODS_3_586,2011-08-11,540,28,FOODS
P01,FOODS_3_586,2011-08-12,730,28,FOODS
P01,FOODS_3_586,2011-08-13,805,29,FOODS
P01,FOODS_3_586,2011-08-14,820,29,FOODS
P01,FOODS_3_586,2011-08-15,655,29,FOODS
P01,FOODS_3_586,2011-08-16,611,29,FOODS
P01,FOODS_3_586,2011-08-17,567,29,FOODS
P01,FOODS_3_586,2011-08-18,570,29,FOODS
P01,FOODS_3_586,2011-08-19,723,29,FOODS
P01,FOODS_3_586,2011-08-20,872,30,FOODS
P01,FOODS_3_586,2011-08-21,908,30,FOODS
P01,FOODS_3_586,2011-08-22,662,30,FOODS
P01,FOODS_3_586,2011-08-23,599,30,FOODS
P01,FOODS_3_586,2011-08-24,511,30,FOODS
P01,FOODS_3_586,2011-08-25,457,30,FOODS
P01,FOODS_3_586,2011-08-26,574,30,FOODS
P01,FOODS_3_586,2011-08-27,721,31,FOODS
P01,FOODS_3_586,2011-08-28,787,31,FOODS
P01,FOODS_3_586,2011-08-29,480,31,FOODS
P01,FOODS_3_586,2011-08-30,456,31,FOODS
P01,FOODS_3_586,2011-08-31,457,31,FOODS
P01,FOODS_3_586,2011-09-01,651,31,FOODS
P01,FOODS_3_586,2011-09-02,714,31,FOODS
P01,FOODS_3_586,2011-09-03,801,32,FOODS
P01,FOODS_3_586,2011-09-04,536,32,FOODS
P01,FOODS_3_586,2011-09-05,608,32,FOODS
P01,FOODS_3_586,2011-09-06,492,32,FOODS
P01,FOODS_3_586,2011-09-07,526,32,FOODS
P01,FOODS_3_586,2011-09-08,476,32,FOODS
P01,FOODS_3_586,2011-09-09,676,32,FOODS
P01,FOODS_3_586,2011-09-10,677,33,FOODS
P01,FOODS_3_586,2011-09-11,820,33,FOODS
P01,FOODS_3_586,2011-09-12,557,33,FOODS
P01,FOODS_3_586,2011-09-13,510,33,FOODS
P01,FOODS_3_586,2011-09-14,484,33,FOODS
P01,FOODS_3_586,2011-09-15,524,33,FOODS
P01,FOODS_3_586,2011-09-16,619,33,FOODS
P01,FOODS_3_586,2011-09-17,666,34,FOODS
P01,FOODS_3_586,2011-09-18,657,34,FOODS
P01,FOODS_3_586,2011-09-19,509,34,FOODS
P01,FOODS_3_586,2011-09-20,501,34,FOODS
P01,FOODS_3_586,2011-09-21,498,34,FOODS
P01,FOODS_3_586,2011-09-22,470,34,FOODS
P01,FOODS_3_586,2011-09-23,529,34,FOODS
P01,FOODS_3_586,2011-09-24,696,35,FOODS
P01,FOODS_3_586,2011-09-25,677,35,FOODS
P01,FOODS_3_586,2011-09-26,489,35,FOODS
P01,FOODS_3_586,2011-09-27,441,35,FOODS
P01,FOODS_3_586,2011-09-28,456,35,FOODS
P01,FOODS_3_586,2011-09-29,445,35,FOODS
P01,FOODS_3_586,2011-09-30,587,35,FOODS
P01,FOODS_3_586,2011-10-01,738,36,FOODS
P01,FOODS_3_586,2011-10-02,749,36,FOODS
P01,FOODS_3_586,2011-10-03,534,36,FOODS
P01,FOODS_3_586,2011-10-04,491,36,FOODS
P01,FOODS_3_586,2011-10-05,554,36,FOODS
P01,FOODS_3_586,2011-10-06,534,36,FOODS
P01,FOODS_3_586,2011-10-07,653,36,FOODS
P01,FOODS_3_586,2011-10-08,655,37,FOODS
P01,FOODS_3_586,2011-10-09,710,37,FOODS
P01,FOODS_3_586,2011-10-10,492,37,FOODS
P01,FOODS_3_586,2011-10-11,541,37,FOODS
P01,FOODS_3_586,2011-10-12,541,37,FOODS
P01,FOODS_3_586,2011-10-13,556,37,FOODS
P01,FOODS_3_586,2011-10-14,653,37,FOODS
P01,FOODS_3_586,2011-10-15,764,38,FOODS
P01,FOODS_3_586,2011-10-16,735,38,FOODS
P01,FOODS_3_586,2011-10-17,525,38,FOODS
P01,FOODS_3_586,2011-10-18,435,38,FOODS
P01,FOODS_3_586,2011-10-19,420,38,FOODS
P01,FOODS_3_586,2011-10-20,446,38,FOODS
P01,FOODS_3_586,2011-10-21,550,38,FOODS
P01,FOODS_3_586,2011-10-22,639,39,FOODS
P01,FOODS_3_586,2011-10-23,657,39,FOODS
P01,FOODS_3_586,2011-10-24,509,39,FOODS
P01,FOODS_3_586,2011-10-25,480,39,FOODS
P01,FOODS_3_586,2011-10-26,470,39,FOODS
P01,FOODS_3_586,2011-10-27,509,39,FOODS
P01,FOODS_3_586,2011-10-28,604,39,FOODS
P01,FOODS_3_586,2011-10-29,710,40,FOODS
P01,FOODS_3_586,2011-10-30,716,40,FOODS
P01,FOODS_3_586,2011-10-31,456,40,FOODS
P01,FOODS_3_586,2011-11-01,538,40,FOODS
P01,FOODS_3_586,2011-11-02,501,40,FOODS
P01,FOODS_3_586,2011-11-03,526,40,FOODS
P01,FOODS_3_586,2011-11-04,629,40,FOODS
P01,FOODS_3_586,2011-11-05,686,41,FOODS
P01,FOODS_3_586,2011-11-06,742,41,FOODS
P01,FOODS_3_586,2011-11-07,530,41,FOODS
P01,FOODS_3_586,2011-11-08,460,41,FOODS
P01,FOODS_3_586,2011-11-09,479,41,FOODS
P01,FOODS_3_586,2011-11-10,508,41,FOODS
P01,FOODS_3_586,2011-11-11,569,41,FOODS
P01,FOODS_3_586,2011-11-12,685,42,FOODS
P01,FOODS_3_586,2011-11-13,742,42,FOODS
P01,FOODS_3_586,2011-11-14,506,42,FOODS
P01,FOODS_3_586,2011-11-15,496,42,FOODS
P01,FOODS_3_586,2011-11-16,492,42,FOODS
P01,FOODS_3_586,2011-11-17,426,42,FOODS
P01,FOODS_3_586,2011-11-18,574,42,FOODS
P01,FOODS_3_586,2011-11-19,656,43,FOODS
P01,FOODS_3_586,2011-11-20,643,43,FOODS
P01,FOODS_3_586,2011-11-21,537,43,FOODS
P01,FOODS_3_586,2011-11-22,507,43,FOODS
P01,FOODS_3_586,2011-11-23,511,43,FOODS
P01,FOODS_3_586,2011-11-24,748,43,FOODS
P01,FOODS_3_586,2011-11-25,1147,43,FOODS
P01,FOODS_3_586,2011-11-26,536,44,FOODS
P01,FOODS_3_586,2011-11-27,532,44,FOODS
P01,FOODS_3_586,2011-11-28,449,44,FOODS
P01,FOODS_3_586,2011-11-29,386,44,FOODS
P01,FOODS_3_586,2011-11-30,412,44,FOODS
P01,FOODS_3_586,2011-12-01,530,44,FOODS
P01,FOODS_3_586,2011-12-02,631,44,FOODS
P01,FOODS_3_586,2011-12-03,731,45,FOODS
P01,FOODS_3_586,2011-12-04,712,45,FOODS
P01,FOODS_3_586,2011-12-05,519,45,FOODS
P01,FOODS_3_586,2011-12-06,458,45,FOODS
P01,FOODS_3_586,2011-12-07,450,45,FOODS
P01,FOODS_3_586,2011-12-08,522,45,FOODS
P01,FOODS_3_586,2011-12-09,594,45,FOODS
P01,FOODS_3_586,2011-12-10,684,46,FOODS
P01,FOODS_3_586,2011-12-11,769,46,FOODS
P01,FOODS_3_586,2011-12-12,552,46,FOODS
P01,FOODS_3_586,2011-12-13,516,46,FOODS
P01,FOODS_3_586,2011-12-14,573,46,FOODS
P01,FOODS_3_586,2011-12-15,582,46,FOODS
P01,FOODS_3_586,2011-12-16,604,46,FOODS
P01,FOODS_3_586,2011-12-17,794,47,FOODS
P01,FOODS_3_586,2011-12-18,730,47,FOODS
P01,FOODS_3_586,2011-12-19,596,47,FOODS
P01,FOODS_3_586,2011-12-20,612,47,FOODS
P01,FOODS_3_586,2011-12-21,608,47,FOODS
P01,FOODS_3_586,2011-12-22,743,47,FOODS
P01,FOODS_3_586,2011-12-23,984,47,FOODS
P01,FOODS_3_586,2011-12-24,721,48,FOODS
P01,FOODS_3_586,2011-12-25,6,48,FOODS
P01,FOODS_3_586,2011-12-26,608,48,FOODS
P01,FOODS_3_586,2011-12-27,490,48,FOODS
P01,FOODS_3_586,2011-12-28,460,48,FOODS
P01,FOODS_3_586,2011-12-29,441,48,FOODS
P01,FOODS_3_586,2011-12-30,576,48,FOODS
P01,FOODS_3_586,2011-12-31,584,49,FOODS
P01,FOODS_3_586,2012-01-01,396,49,FOODS
P01,FOODS_3_586,2012-01-02,472,49,FOODS
P01,FOODS_3_586,2012-01-03,425,49,FOODS
P01,FOODS_3_586,2012-01-04,436,49,FOODS
P01,FOODS_3_586,2012-01-05,450,49,FOODS
P01,FOODS_3_586,2012-01-06,469,49,FOODS
P01,FOODS_3_586,2012-01-07,619,50,FOODS
P01,FOODS_3_586,2012-01-08,574,50,FOODS
P01,FOODS_3_586,2012-01-09,371,50,FOODS
P01,FOODS_3_586,2012-01-10,352,50,FOODS
P01,FOODS_3_586,2012-01-11,468,50,FOODS
P01,FOODS_3_586,2012-01-12,374,50,FOODS
P01,FOODS_3_586,2012-01-13,443,50,FOODS
P01,FOODS_3_586,2012-01-14,588,51,FOODS
P01,FOODS_3_586,2012-01-15,574,51,FOODS
P01,FOODS_3_586,2012-01-16,458,51,FOODS
P01,FOODS_3_586,2012-01-17,368,51,FOODS
P01,FOODS_3_586,2012-01-18,361,51,FOODS
P01,FOODS_3_586,2012-01-19,375,51,FOODS
P01,FOODS_3_586,2012-01-20,437,51,FOODS
P01,FOODS_3_586,2012-01-21,579,52,FOODS
P01,FOODS_3_586,2012-01-22,547,52,FOODS
P01,FOODS_3_586,2012-01-23,399,52,FOODS
P01,FOODS_3_586,2012-01-24,343,52,FOODS
P01,FOODS_3_586,2012-01-25,330,52,FOODS
P01,FOODS_3_586,2012-01-26,376,52,FOODS
P01,FOODS_3_586,2012-01-27,462,52,FOODS
P01,FOODS_3_586,2012-01-28,538,53,FOODS
P01,FOODS_3_586,2012-01-29,520,53,FOODS
P01,FOODS_3_586,2012-01-30,341,53,FOODS
P01,FOODS_3_586,2012-01-31,374,53,FOODS
P01,FOODS_3_586,2012-02-01,544,53,FOODS
P01,FOODS_3_586,2012-02-02,499,53,FOODS
P01,FOODS_3_586,2012-02-03,535,53,FOODS
P01,FOODS_3_586,2012-02-04,692,54,FOODS
P01,FOODS_3_586,2012-02-05,687,54,FOODS
P01,FOODS_3_586,2012-02-06,533,54,FOODS
P01,FOODS_3_586,2012-02-07,438,54,FOODS
P01,FOODS_3_586,2012-02-08,502,54,FOODS
P01,FOODS_3_586,2012-02-09,523,54,FOODS
P01,FOODS_3_586,2012-02-10,538,54,FOODS
P01,FOODS_3_586,2012-02-11,700,55,FOODS
P01,FOODS_3_586,2012-02-12,638,55,FOODS
P01,FOODS_3_586,2012-02-13,546,55,FOODS
P01,FOODS_3_586,2012-02-14,557,55,FOODS
P01,FOODS_3_586,2012-02-15,342,55,FOODS
P01,FOODS_3_586,2012-02-16,113,55,FOODS
P01,FOODS_3_586,2012-02-17,34,55,FOODS
P01,FOODS_3_586,2012-02-18,634,56,FOODS
P01,FOODS_3_586,2012-02-19,674,56,FOODS
P01,FOODS_3_586,2012-02-20,483,56,FOODS
P01,FOODS_3_586,2012-02-21,408,56,FOODS
P01,FOODS_3_586,2012-02-22,438,56,FOODS
P01,FOODS_3_586,2012-02-23,430,56,FOODS
P01,FOODS_3_586,2012-02-24,464,56,FOODS
P01,FOODS_3_586,2012-02-25,588,57,FOODS
P01,FOODS_3_586,2012-02-26,599,57,FOODS
P01,FOODS_3_586,2012-02-27,430,57,FOODS
P01,FOODS_3_586,2012-02-28,382,57,FOODS
P01,FOODS_3_586,2012-02-29,401,57,FOODS
P01,FOODS_3_586,2012-03-01,498,57,FOODS
P01,FOODS_3_586,2012-03-02,556,57,FOODS
P01,FOODS_3_586,2012-03-03,625,58,FOODS
P01,FOODS_3_586,2012-03-04,607,58,FOODS
P01,FOODS_3_586,2012-03-05,502,58,FOODS
P01,FOODS_3_586,2012-03-06,484,58,FOODS
P01,FOODS_3_586,2012-03-07,430,58,FOODS
P01,FOODS_3_586,2012-03-08,468,58,FOODS
P01,FOODS_3_586,2012-03-09,484,58,FOODS
P01,FOODS_3_586,2012-03-10,595,59,FOODS
P01,FOODS_3_586,2012-03-11,546,59,FOODS
P01,FOODS_3_586,2012-03-12,503,59,FOODS
P01,FOODS_3_586,2012-03-13,472,59,FOODS
P01,FOODS_3_586,2012-03-14,485,59,FOODS
P01,FOODS_3_586,2012-03-15,500,59,FOODS
P01,FOODS_3_586,2012-03-16,545,59,FOODS
P01,FOODS_3_586,2012-03-17,653,60,FOODS
P01,FOODS_3_586,2012-03-18,615,60,FOODS
P01,FOODS_3_586,2012-03-19,473,60,FOODS
P01,FOODS_3_586,2012-03-20,383,60,FOODS
P01,FOODS_3_586,2012-03-21,388,60,FOODS
P01,FOODS_3_586,2012-03-22,420,60,FOODS
P01,FOODS_3_586,2012-03-23,482,60,FOODS
P01,FOODS_3_586,2012-03-24,637,61,FOODS
P01,FOODS_3_586,2012-03-25,611,61,FOODS
P01,FOODS_3_586,2012-03-26,395,61,FOODS
P01,FOODS_3_586,2012-03-27,355,61,FOODS
P01,FOODS_3_586,2012-03-28,390,61,FOODS
P01,FOODS_3_586,2012-03-29,372,61,FOODS
P01,FOODS_3_586,2012-03-30,517,61,FOODS
P01,FOODS_3_586,2012-03-31,675,62,FOODS
P01,FOODS_3_586,2012-04-01,652,62,FOODS
P01,FOODS_3_586,2012-04-02,480,62,FOODS
P01,FOODS_3_586,2012-04-03,498,62,FOODS
P01,FOODS_3_586,2012-04-04,538,62,FOODS
P01,FOODS_3_586,2012-04-05,498,62,FOODS
P01,FOODS_3_586,2012-04-06,616,62,FOODS
P01,FOODS_3_586,2012-04-07,779,63,FOODS
P01,FOODS_3_586,2012-04-08,716,63,FOODS
P01,FOODS_3_586,2012-04-09,434,63,FOODS
P01,FOODS_3_586,2012-04-10,397,63,FOODS
P01,FOODS_3_586,2012-04-11,452,63,FOODS
P01,FOODS_3_586,2012-04-12,463,63,FOODS
P01,FOODS_3_586,2012-04-13,537,63,FOODS
P01,FOODS_3_586,2012-04-14,643,64,FOODS
P01,FOODS_3_586,2012-04-15,639,64,FOODS
P01,FOODS_3_586,2012-04-16,373,64,FOODS
P01,FOODS_3_586,2012-04-17,442,64,FOODS
P01,FOODS_3_586,2012-04-18,444,64,FOODS
P01,FOODS_3_586,2012-04-19,447,64,FOODS
P01,FOODS_3_586,2012-04-20,456,64,FOODS
P01,FOODS_3_586,2012-04-21,639,65,FOODS
P01,FOODS_3_586,2012-04-22,565,65,FOODS
P01,FOODS_3_586,2012-04-23,414,65,FOODS
P01,FOODS_3_586,2012-04-24,417,65,FOODS
P01,FOODS_3_586,2012-04-25,410,65,FOODS
P01,FOODS_3_586,2012-04-26,432,65,FOODS
P01,FOODS_3_586,2012-04-27,419,65,FOODS
P01,FOODS_3_586,2012-04-28,537,66,FOODS
P01,FOODS_3_586,2012-04-29,611,66,FOODS
P01,FOODS_3_586,2012-04-30,431,66,FOODS
P01,FOODS_3_586,2012-05-01,464,66,FOODS
P01,FOODS_3_586,2012-05-02,472,66,FOODS
P01,FOODS_3_586,2012-05-03,535,66,FOODS
P01,FOODS_3_586,2012-05-04,528,66,FOODS
P01,FOODS_3_586,2012-05-05,620,67,FOODS
P01,FOODS_3_586,2012-05-06,638,67,FOODS
P01,FOODS_3_586,2012-05-07,530,67,FOODS
P01,FOODS_3_586,2012-05-08,447,67,FOODS
P01,FOODS_3_586,2012-05-09,475,67,FOODS
P01,FOODS_3_586,2012-05-10,496,67,FOODS
P01,FOODS_3_586,2012-05-11,510,67,FOODS
P01,FOODS_3_586,2012-05-12,730,68,FOODS
P01,FOODS_3_586,2012-05-13,676,68,FOODS
P01,FOODS_3_586,2012-05-14,520,68,FOODS
P01,FOODS_3_586,2012-05-15,459,68,FOODS
P01,FOODS_3_586,2012-05-16,457,68,FOODS
P01,FOODS_3_586,2012-05-17,453,68,FOODS
P01,FOODS_3_586,2012-05-18,518,68,FOODS
P01,FOODS_3_586,2012-05-19,696,69,FOODS
P01,FOODS_3_586,2012-05-20,651,69,FOODS
P01,FOODS_3_586,2012-05-21,464,69,FOODS
P01,FOODS_3_586,2012-05-22,440,69,FOODS
P01,FOODS_3_586,2012-05-23,397,69,FOODS
P01,FOODS_3_586,2012-05-24,485,69,FOODS
P01,FOODS_3_586,2012-05-25,545,69,FOODS
P01,FOODS_3_586,2012-05-26,581,70,FOODS
P01,FOODS_3_586,2012-05-27,551,70,FOODS
P01,FOODS_3_586,2012-05-28,525,70,FOODS
P01,FOODS_3_586,2012-05-29,401,70,FOODS
P01,FOODS_3_586,2012-05-30,436,70,FOODS
P01,FOODS_3_586,2012-05-31,386,70,FOODS
P01,FOODS_3_586,2012-06-01,587,70,FOODS
P01,FOODS_3_586,2012-06-02,665,71,FOODS
P01,FOODS_3_586,2012-06-03,719,71,FOODS
P01,FOODS_3_586,2012-06-04,453,71,FOODS
P01,FOODS_3_586,2012-06-05,429,71,FOODS
P01,FOODS_3_586,2012-06-06,507,71,FOODS
P01,FOODS_3_586,2012-06-07,501,71,FOODS
P01,FOODS_3_586,2012-06-08,526,71,FOODS
P01,FOODS_3_586,2012-06-09,690,72,FOODS
P01,FOODS_3_586,2012-06-10,730,72,FOODS
P01,FOODS_3_586,2012-06-11,543,72,FOODS
P01,FOODS_3_586,2012-06-12,511,72,FOODS
P01,FOODS_3_586,2012-06-13,447,72,FOODS
P01,FOODS_3_586,2012-06-14,524,72,FOODS
P01,FOODS_3_586,2012-06-15,622,72,FOODS
P01,FOODS_3_586,2012-06-16,662,73,FOODS
P01,FOODS_3_586,2012-06-17,662,73,FOODS
P01,FOODS_3_586,2012-06-18,459,73,FOODS
P01,FOODS_3_586,2012-06-19,462,73,FOODS
P01,FOODS_3_586,2012-06-20,453,73,FOODS
P01,FOODS_3_586,2012-06-21,442,73,FOODS
P01,FOODS_3_586,2012-06-22,552,73,FOODS
P01,FOODS_3_586,2012-06-23,637,74,FOODS
P01,FOODS_3_586,2012-06-24,613,74,FOODS
P01,FOODS_3_586,2012-06-25,479,74,FOODS
P01,FOODS_3_586,2012-06-26,483,74,FOODS
P01,FOODS_3_586,2012-06-27,451,74,FOODS
P01,FOODS_3_586,2012-06-28,379,74,FOODS
P01,FOODS_3_586,2012-06-29,498,74,FOODS
P01,FOODS_3_586,2012-06-30,589,75,FOODS
P01,FOODS_3_586,2012-07-01,602,75,FOODS
P01,FOODS_3_586,2012-07-02,501,75,FOODS
P01,FOODS_3_586,2012-07-03,553,75,FOODS
P01,FOODS_3_586,2012-07-04,615,75,FOODS
P01,FOODS_3_586,2012-07-05,530,75,FOODS
P01,FOODS_3_586,2012-07-06,577,75,FOODS
P01,FOODS_3_586,2012-07-07,630,76,FOODS
P01,FOODS_3_586,2012-07-08,577,76,FOODS
P01,FOODS_3_586,2012-07-09,441,76,FOODS
P01,FOODS_3_586,2012-07-10,437,76,FOODS
P01,FOODS_3_586,2012-07-11,466,76,FOODS
P01,FOODS_3_586,2012-07-12,489,76,FOODS
P01,FOODS_3_586,2012-07-13,496,76,FOODS
P01,FOODS_3_586,2012-07-14,661,77,FOODS
P01,FOODS_3_586,2012-07-15,635,77,FOODS
P01,FOODS_3_586,2012-07-16,491,77,FOODS
P01,FOODS_3_586,2012-07-17,420,77,FOODS
P01,FOODS_3_586,2012-07-18,410,77,FOODS
P01,FOODS_3_586,2012-07-19,477,77,FOODS
P01,FOODS_3_586,2012-07-20,579,77,FOODS
P01,FOODS_3_586,2012-07-21,704,78,FOODS
P01,FOODS_3_586,2012-07-22,608,78,FOODS
P01,FOODS_3_586,2012-07-23,431,78,FOODS
P01,FOODS_3_586,2012-07-24,450,78,FOODS
P01,FOODS_3_586,2012-07-25,423,78,FOODS
P01,FOODS_3_586,2012-07-26,400,78,FOODS
P01,FOODS_3_586,2012-07-27,522,78,FOODS
P01,FOODS_3_586,2012-07-28,586,79,FOODS
P01,FOODS_3_586,2012-07-29,600,79,FOODS
P01,FOODS_3_586,2012-07-30,481,79,FOODS
P01,FOODS_3_586,2012-07-31,479,79,FOODS
P01,FOODS_3_586,2012-08-01,519,79,FOODS
P01,FOODS_3_586,2012-08-02,556,79,FOODS
P01,FOODS_3_586,2012-08-03,643,79,FOODS
P01,FOODS_3_586,2012-08-04,725,80,FOODS
P01,FOODS_3_586,2012-08-05,711,80,FOODS
P01,FOODS_3_586,2012-08-06,534,80,FOODS
P01,FOODS_3_586,2012-08-07,525,80,FOODS
P01,FOODS_3_586,2012-08-08,502,80,FOODS
P01,FOODS_3_586,2012-08-09,582,80,FOODS
P01,FOODS_3_586,2012-08-10,618,80,FOODS
P01,FOODS_3_586,2012-08-11,831,81,FOODS
P01,FOODS_3_586,2012-08-12,780,81,FOODS
P01,FOODS_3_586,2012-08-13,549,81,FOODS
P01,FOODS_3_586,2012-08-14,515,81,FOODS
P01,FOODS_3_586,2012-08-15,555,81,FOODS
P01,FOODS_3_586,2012-08-16,584,81,FOODS
P01,FOODS_3_586,2012-08-17,639,81,FOODS
P01,FOODS_3_586,2012-08-18,760,82,FOODS
P01,FOODS_3_586,2012-08-19,828,82,FOODS
P01,FOODS_3_586,2012-08-20,504,82,FOODS
P01,FOODS_3_586,2012-08-21,506,82,FOODS
P01,FOODS_3_586,2012-08-22,457,82,FOODS
P01,FOODS_3_586,2012-08-23,499,82,FOODS
P01,FOODS_3_586,2012-08-24,555,82,FOODS
P01,FOODS_3_586,2012-08-25,696,83,FOODS
P01,FOODS_3_586,2012-08-26,809,83,FOODS
P01,FOODS_3_586,2012-08-27,545,83,FOODS
P01,FOODS_3_586,2012-08-28,483,83,FOODS
P01,FOODS_3_586,2012-08-29,494,83,FOODS
P01,FOODS_3_586,2012-08-30,472,83,FOODS
P01,FOODS_3_586,2012-08-31,559,83,FOODS
P01,FOODS_3_586,2012-09-01,745,84,FOODS
P01,FOODS_3_586,2012-09-02,723,84,FOODS
P01,FOODS_3_586,2012-09-03,700,84,FOODS
P01,FOODS_3_586,2012-09-04,521,84,FOODS
P01,FOODS_3_586,2012-09-05,481,84,FOODS
P01,FOODS_3_586,2012-09-06,480,84,FOODS
P01,FOODS_3_586,2012-09-07,556,84,FOODS
P01,FOODS_3_586,2012-09-08,682,85,FOODS
P01,FOODS_3_586,2012-09-09,706,85,FOODS
P01,FOODS_3_586,2012-09-10,445,85,FOODS
P01,FOODS_3_586,2012-09-11,433,85,FOODS
P01,FOODS_3_586,2012-09-12,453,85,FOODS
P01,FOODS_3_586,2012-09-13,496,85,FOODS
P01,FOODS_3_586,2012-09-14,563,85,FOODS
P01,FOODS_3_586,2012-09-15,709,86,FOODS
P01,FOODS_3_586,2012-09-16,657,86,FOODS
P01,FOODS_3_586,2012-09-17,482,86,FOODS
P01,FOODS_3_586,2012-09-18,425,86,FOODS
P01,FOODS_3_586,2012-09-19,412,86,FOODS
P01,FOODS_3_586,2012-09-20,459,86,FOODS
P01,FOODS_3_586,2012-09-21,479,86,FOODS
P01,FOODS_3_586,2012-09-22,648,87,FOODS
P01,FOODS_3_586,2012-09-23,629,87,FOODS
P01,FOODS_3_586,2012-09-24,441,87,FOODS
P01,FOODS_3_586,2012-09-25,448,87,FOODS
P01,FOODS_3_586,2012-09-26,429,87,FOODS
P01,FOODS_3_586,2012-09-27,395,87,FOODS
P01,FOODS_3_586,2012-09-28,504,87,FOODS
P01,FOODS_3_586,2012-09-29,587,88,FOODS
P01,FOODS_3_586,2012-09-30,618,88,FOODS
P01,FOODS_3_586,2012-10-01,492,88,FOODS
P01,FOODS_3_586,2012-10-02,503,88,FOODS
P01,FOODS_3_586,2012-10-03,523,88,FOODS
P01,FOODS_3_586,2012-10-04,520,88,FOODS
P01,FOODS_3_586,2012-10-05,547,88,FOODS
P01,FOODS_3_586,2012-10-06,729,89,FOODS
P01,FOODS_3_586,2012-10-07,631,89,FOODS
P01,FOODS_3_586,2012-10-08,457,89,FOODS
P01,FOODS_3_586,2012-10-09,479,89,FOODS
P01,FOODS_3_586,2012-10-10,457,89,FOODS
P01,FOODS_3_586,2012-10-11,476,89,FOODS
P01,FOODS_3_586,2012-10-12,584,89,FOODS
P01,FOODS_3_586,2012-10-13,727,90,FOODS
P01,FOODS_3_586,2012-10-14,677,90,FOODS
P01,FOODS_3_586,2012-10-15,485,90,FOODS
P01,FOODS_3_586,2012-10-16,438,90,FOODS
P01,FOODS_3_586,2012-10-17,480,90,FOODS
P01,FOODS_3_586,2012-10-18,510,90,FOODS
P01,FOODS_3_586,2012-10-19,524,90,FOODS
P01,FOODS_3_586,2012-10-20,651,91,FOODS
P01,FOODS_3_586,2012-10-21,601,91,FOODS
P01,FOODS_3_586,2012-10-22,466,91,FOODS
P01,FOODS_3_586,2012-10-23,488,91,FOODS
P01,FOODS_3_586,2012-10-24,381,91,FOODS
P01,FOODS_3_586,2012-10-25,448,91,FOODS
P01,FOODS_3_586,2012-10-26,525,91,FOODS
P01,FOODS_3_586,2012-10-27,633,92,FOODS
P01,FOODS_3_586,2012-10-28,593,92,FOODS
P01,FOODS_3_586,2012-10-29,383,92,FOODS
P01,FOODS_3_586,2012-10-30,466,92,FOODS
P01,FOODS_3_586,2012-10-31,441,92,FOODS
P01,FOODS_3_586,2012-11-01,510,92,FOODS
P01,FOODS_3_586,2012-11-02,552,92,FOODS
P01,FOODS_3_586,2012-11-03,708,93,FOODS
P01,FOODS_3_586,2012-11-04,650,93,FOODS
P01,FOODS_3_586,2012-11-05,473,93,FOODS
P01,FOODS_3_586,2012-11-06,417,93,FOODS
P01,FOODS_3_586,2012-11-07,459,93,FOODS
P01,FOODS_3_586,2012-11-08,447,93,FOODS
P01,FOODS_3_586,2012-11-09,545,93,FOODS
P01,FOODS_3_586,2012-11-10,661,94,FOODS
P01,FOODS_3_586,2012-11-11,673,94,FOODS
P01,FOODS_3_586,2012-11-12,423,94,FOODS
P01,FOODS_3_586,2012-11-13,388,94,FOODS
P01,FOODS_3_586,2012-11-14,394,94,FOODS
P01,FOODS_3_586,2012-11-15,482,94,FOODS
P01,FOODS_3_586,2012-11-16,501,94,FOODS
P01,FOODS_3_586,2012-11-17,665,95,FOODS
P01,FOODS_3_586,2012-11-18,660,95,FOODS
P01,FOODS_3_586,2012-11-19,498,95,FOODS
P01,FOODS_3_586,2012-11-20,494,95,FOODS
P01,FOODS_3_586,2012-11-21,634,95,FOODS
P01,FOODS_3_586,2012-11-22,902,95,FOODS
P01,FOODS_3_586,2012-11-23,797,95,FOODS
P01,FOODS_3_586,2012-11-24,589,96,FOODS
P01,FOODS_3_586,2012-11-25,584,96,FOODS
P01,FOODS_3_586,2012-11-26,437,96,FOODS
P01,FOODS_3_586,2012-11-27,391,96,FOODS
P01,FOODS_3_586,2012-11-28,327,96,FOODS
P01,FOODS_3_586,2012-11-29,385,96,FOODS
P01,FOODS_3_586,2012-11-30,495,96,FOODS
P01,FOODS_3_586,2012-12-01,674,97,FOODS
P01,FOODS_3_586,2012-12-02,667,97,FOODS
P01,FOODS_3_586,2012-12-03,524,97,FOODS
P01,FOODS_3_586,2012-12-04,447,97,FOODS
P01,FOODS_3_586,2012-12-05,508,97,FOODS
P01,FOODS_3_586,2012-12-06,512,97,FOODS
P01,FOODS_3_586,2012-12-07,584,97,FOODS
P01,FOODS_3_586,2012-12-08,700,98,FOODS
P01,FOODS_3_586,2012-12-09,742,98,FOODS
P01,FOODS_3_586,2012-12-10,476,98,FOODS
P01,FOODS_3_586,2012-12-11,459,98,FOODS
P01,FOODS_3_586,2012-12-12,474,98,FOODS
P01,FOODS_3_586,2012-12-13,487,98,FOODS
P01,FOODS_3_586,2012-12-14,612,98,FOODS
P01,FOODS_3_586,2012-12-15,757,99,FOODS
P01,FOODS_3_586,2012-12-16,745,99,FOODS
P01,FOODS_3_586,2012-12-17,469,99,FOODS
P01,FOODS_3_586,2012-12-18,514,99,FOODS
P01,FOODS_3_586,2012-12-19,590,99,FOODS
P01,FOODS_3_586,2012-12-20,515,99,FOODS
P01,FOODS_3_586,2012-12-21,651,99,FOODS
P01,FOODS_3_586,2012-12-22,919,100,FOODS
P01,FOODS_3_586,2012-12-23,906,100,FOODS
P01,FOODS_3_586,2012-12-24,767,100,FOODS
P01,FOODS_3_586,2012-12-25,1,100,FOODS
P01,FOODS_3_586,2012-12-26,538,100,FOODS
P01,FOODS_3_586,2012-12-27,440,100,FOODS
P01,FOODS_3_586,2012-12-28,468,100,FOODS
P01,FOODS_3_586,2012-12-29,525,101,FOODS
P01,FOODS_3_586,2012-12-30,477,101,FOODS
P01,FOODS_3_586,2012-12-31,449,101,FOODS
P01,FOODS_3_586,2013-01-01,371,101,FOODS
P01,FOODS_3_586,2013-01-02,401,101,FOODS
P01,FOODS_3_586,2013-01-03,422,101,FOODS
P01,FOODS_3_586,2013-01-04,427,101,FOODS
P01,FOODS_3_586,2013-01-05,550,102,FOODS
P01,FOODS_3_586,2013-01-06,550,102,FOODS
P01,FOODS_3_586,2013-01-07,406,102,FOODS
P01,FOODS_3_586,2013-01-08,380,102,FOODS
P01,FOODS_3_586,2013-01-09,323,102,FOODS
P01,FOODS_3_586,2013-01-10,398,102,FOODS
P01,FOODS_3_586,2013-01-11,474,102,FOODS
P01,FOODS_3_586,2013-01-12,581,103,FOODS
P01,FOODS_3_586,2013-01-13,472,103,FOODS
P01,FOODS_3_586,2013-01-14,337,103,FOODS
P01,FOODS_3_586,2013-01-15,351,103,FOODS
P01,FOODS_3_586,2013-01-16,358,103,FOODS
P01,FOODS_3_586,2013-01-17,399,103,FOODS
P01,FOODS_3_586,2013-01-18,415,103,FOODS
P01,FOODS_3_586,2013-01-19,606,104,FOODS
P01,FOODS_3_586,2013-01-20,504,104,FOODS
P01,FOODS_3_586,2013-01-21,409,104,FOODS
P01,FOODS_3_586,2013-01-22,338,104,FOODS
P01,FOODS_3_586,2013-01-23,340,104,FOODS
P01,FOODS_3_586,2013-01-24,393,104,FOODS
P01,FOODS_3_586,2013-01-25,395,104,FOODS
P01,FOODS_3_586,2013-01-26,495,105,FOODS
P01,FOODS_3_586,2013-01-27,477,105,FOODS
P01,FOODS_3_586,2013-01-28,349,105,FOODS
P01,FOODS_3_586,2013-01-29,332,105,FOODS
P01,FOODS_3_586,2013-01-30,315,105,FOODS
P01,FOODS_3_586,2013-01-31,352,105,FOODS
P01,FOODS_3_586,2013-02-01,503,105,FOODS
P01,FOODS_3_586,2013-02-02,613,106,FOODS
P01,FOODS_3_586,2013-02-03,589,106,FOODS
P01,FOODS_3_586,2013-02-04,388,106,FOODS
P01,FOODS_3_586,2013-02-05,444,106,FOODS
P01,FOODS_3_586,2013-02-06,396,106,FOODS
P01,FOODS_3_586,2013-02-07,439,106,FOODS
P01,FOODS_3_586,2013-02-08,493,106,FOODS
P01,FOODS_3_586,2013-02-09,637,107,FOODS
P01,FOODS_3_586,2013-02-10,584,107,FOODS
P01,FOODS_3_586,2013-02-11,466,107,FOODS
P01,FOODS_3_586,2013-02-12,399,107,FOODS
P01,FOODS_3_586,2013-02-13,503,107,FOODS
P01,FOODS_3_586,2013-02-14,409,107,FOODS
P01,FOODS_3_586,2013-02-15,512,107,FOODS
P01,FOODS_3_586,2013-02-16,585,108,FOODS
P01,FOODS_3_586,2013-02-17,646,108,FOODS
P01,FOODS_3_586,2013-02-18,433,108,FOODS
P01,FOODS_3_586,2013-02-19,378,108,FOODS
P01,FOODS_3_586,2013-02-20,397,108,FOODS
P01,FOODS_3_586,2013-02-21,461,108,FOODS
P01,FOODS_3_586,2013-02-22,437,108,FOODS
P01,FOODS_3_586,2013-02-23,590,109,FOODS
P01,FOODS_3_586,2013-02-24,568,109,FOODS
P01,FOODS_3_586,2013-02-25,392,109,FOODS
P01,FOODS_3_586,2013-02-26,347,109,FOODS
P01,FOODS_3_586,2013-02-27,376,109,FOODS
P01,FOODS_3_586,2013-02-28,394,109,FOODS
P01,FOODS_3_586,2013-03-01,523,109,FOODS
P01,FOODS_3_586,2013-03-02,607,110,FOODS
P01,FOODS_3_586,2013-03-03,650,110,FOODS
P01,FOODS_3_586,2013-03-04,468,110,FOODS
P01,FOODS_3_586,2013-03-05,376,110,FOODS
P01,FOODS_3_586,2013-03-06,423,110,FOODS
P01,FOODS_3_586,2013-03-07,420,110,FOODS
P01,FOODS_3_586,2013-03-08,494,110,FOODS
P01,FOODS_3_586,2013-03-09,619,111,FOODS
P01,FOODS_3_586,2013-03-10,571,111,FOODS
P01,FOODS_3_586,2013-03-11,439,111,FOODS
P01,FOODS_3_586,2013-03-12,443,111,FOODS
P01,FOODS_3_586,2013-03-13,401,111,FOODS
P01,FOODS_3_586,2013-03-14,365,111,FOODS
P01,FOODS_3_586,2013-03-15,477,111,FOODS
P01,FOODS_3_586,2013-03-16,563,112,FOODS
P01,FOODS_3_586,2013-03-17,464,112,FOODS
P01,FOODS_3_586,2013-03-18,343,112,FOODS
P01,FOODS_3_586,2013-03-19,304,112,FOODS
P01,FOODS_3_586,2013-03-20,351,112,FOODS
P01,FOODS_3_586,2013-03-21,351,112,FOODS
P01,FOODS_3_586,2013-03-22,418,112,FOODS
P01,FOODS_3_586,2013-03-23,537,113,FOODS
P01,FOODS_3_586,2013-03-24,522,113,FOODS
P01,FOODS_3_586,2013-03-25,374,113,FOODS
P01,FOODS_3_586,2013-03-26,393,113,FOODS
P01,FOODS_3_586,2013-03-27,404,113,FOODS
P01,FOODS_3_586,2013-03-28,399,113,FOODS
P01,FOODS_3_586,2013-03-29,542,113,FOODS
P01,FOODS_3_586,2013-03-30,644,114,FOODS
P01,FOODS_3_586,2013-03-31,558,114,FOODS
P01,FOODS_3_586,2013-04-01,442,114,FOODS
P01,FOODS_3_586,2013-04-02,381,114,FOODS
P01,FOODS_3_586,2013-04-03,411,114,FOODS
P01,FOODS_3_586,2013-04-04,377,114,FOODS
P01,FOODS_3_586,2013-04-05,416,114,FOODS
P01,FOODS_3_586,2013-04-06,547,115,FOODS
P01,FOODS_3_586,2013-04-07,577,115,FOODS
P01,FOODS_3_586,2013-04-08,377,115,FOODS
P01,FOODS_3_586,2013-04-09,398,115,FOODS
P01,FOODS_3_586,2013-04-10,371,115,FOODS
P01,FOODS_3_586,2013-04-11,429,115,FOODS
P01,FOODS_3_586,2013-04-12,427,115,FOODS
P01,FOODS_3_586,2013-04-13,523,116,FOODS
P01,FOODS_3_586,2013-04-14,543,116,FOODS
P01,FOODS_3_586,2013-04-15,425,116,FOODS
P01,FOODS_3_586,2013-04-16,367,116,FOODS
P01,FOODS_3_586,2013-04-17,353,116,FOODS
P01,FOODS_3_586,2013-04-18,354,116,FOODS
P01,FOODS_3_586,2013-04-19,389,116,FOODS
P01,FOODS_3_586,2013-04-20,538,117,FOODS
P01,FOODS_3_586,2013-04-21,548,117,FOODS
P01,FOODS_3_586,2013-04-22,402,117,FOODS
P01,FOODS_3_586,2013-04-23,393,117,FOODS
P01,FOODS_3_586,2013-04-24,353,117,FOODS
P01,FOODS_3_586,2013-04-25,412,117,FOODS
P01,FOODS_3_586,2013-04-26,430,117,FOODS
P01,FOODS_3_586,2013-04-27,473,118,FOODS
P01,FOODS_3_586,2013-04-28,531,118,FOODS
P01,FOODS_3_586,2013-04-29,341,118,FOODS
P01,FOODS_3_586,2013-04-30,400,118,FOODS
P01,FOODS_3_586,2013-05-01,435,118,FOODS
P01,FOODS_3_586,2013-05-02,413,118,FOODS
P01,FOODS_3_586,2013-05-03,464,118,FOODS
P01,FOODS_3_586,2013-05-04,632,119,FOODS
P01,FOODS_3_586,2013-05-05,492,119,FOODS
P01,FOODS_3_586,2013-05-06,370,119,FOODS
P01,FOODS_3_586,2013-05-07,386,119,FOODS
P01,FOODS_3_586,2013-05-08,386,119,FOODS
P01,FOODS_3_586,2013-05-09,413,119,FOODS
P01,FOODS_3_586,2013-05-10,431,119,FOODS
P01,FOODS_3_586,2013-05-11,600,120,FOODS
P01,FOODS_3_586,2013-05-12,616,120,FOODS
P01,FOODS_3_586,2013-05-13,452,120,FOODS
P01,FOODS_3_586,2013-05-14,401,120,FOODS
P01,FOODS_3_586,2013-05-15,369,120,FOODS
P01,FOODS_3_586,2013-05-16,397,120,FOODS
P01,FOODS_3_586,2013-05-17,450,120,FOODS
P01,FOODS_3_586,2013-05-18,551,121,FOODS
P01,FOODS_3_586,2013-05-19,543,121,FOODS
P01,FOODS_3_586,2013-05-20,450,121,FOODS
P01,FOODS_3_586,2013-05-21,386,121,FOODS
P01,FOODS_3_586,2013-05-22,362,121,FOODS
P01,FOODS_3_586,2013-05-23,414,121,FOODS
P01,FOODS_3_586,2013-05-24,436,121,FOODS
P01,FOODS_3_586,2013-05-25,521,122,FOODS
P01,FOODS_3_586,2013-05-26,496,122,FOODS
P01,FOODS_3_586,2013-05-27,470,122,FOODS
P01,FOODS_3_586,2013-05-28,395,122,FOODS
P01,FOODS_3_586,2013-05-29,338,122,FOODS
P01,FOODS_3_586,2013-05-30,368,122,FOODS
P01,FOODS_3_586,2013-05-31,503,122,FOODS
P01,FOODS_3_586,2013-06-01,688,123,FOODS
P01,FOODS_3_586,2013-06-02,550,123,FOODS
P01,FOODS_3_586,2013-06-03,491,123,FOODS
P01,FOODS_3_586,2013-06-04,453,123,FOODS
P01,FOODS_3_586,2013-06-05,422,123,FOODS
P01,FOODS_3_586,2013-06-06,444,123,FOODS
P01,FOODS_3_586,2013-06-07,501,123,FOODS
P01,FOODS_3_586,2013-06-08,624,124,FOODS
P01,FOODS_3_586,2013-06-09,577,124,FOODS
P01,FOODS_3_586,2013-06-10,461,124,FOODS
P01,FOODS_3_586,2013-06-11,456,124,FOODS
P01,FOODS_3_586,2013-06-12,436,124,FOODS
P01,FOODS_3_586,2013-06-13,481,124,FOODS
P01,FOODS_3_586,2013-06-14,541,124,FOODS
P01,FOODS_3_586,2013-06-15,662,125,FOODS
P01,FOODS_3_586,2013-06-16,578,125,FOODS
P01,FOODS_3_586,2013-06-17,432,125,FOODS
P01,FOODS_3_586,2013-06-18,404,125,FOODS
P01,FOODS_3_586,2013-06-19,359,125,FOODS
P01,FOODS_3_586,2013-06-20,420,125,FOODS
P01,FOODS_3_586,2013-06-21,483,125,FOODS
P01,FOODS_3_586,2013-06-22,563,126,FOODS
P01,FOODS_3_586,2013-06-23,596,126,FOODS
P01,FOODS_3_586,2013-06-24,392,126,FOODS
P01,FOODS_3_586,2013-06-25,421,126,FOODS
P01,FOODS_3_586,2013-06-26,437,126,FOODS
P01,FOODS_3_586,2013-06-27,438,126,FOODS
P01,FOODS_3_586,2013-06-28,481,126,FOODS
P01,FOODS_3_586,2013-06-29,672,127,FOODS
P01,FOODS_3_586,2013-06-30,586,127,FOODS
P01,FOODS_3_586,2013-07-01,564,127,FOODS
P01,FOODS_3_586,2013-07-02,456,127,FOODS
P01,FOODS_3_586,2013-07-03,533,127,FOODS
P01,FOODS_3_586,2013-07-04,616,127,FOODS
P01,FOODS_3_586,2013-07-05,549,127,FOODS
P01,FOODS_3_586,2013-07-06,577,128,FOODS
P01,FOODS_3_586,2013-07-07,515,128,FOODS
P01,FOODS_3_586,2013-07-08,389,128,FOODS
P01,FOODS_3_586,2013-07-09,451,128,FOODS
P01,FOODS_3_586,2013-07-10,468,128,FOODS
P01,FOODS_3_586,2013-07-11,463,128,FOODS
P01,FOODS_3_586,2013-07-12,544,128,FOODS
P01,FOODS_3_586,2013-07-13,615,129,FOODS
P01,FOODS_3_586,2013-07-14,611,129,FOODS
P01,FOODS_3_586,2013-07-15,469,129,FOODS
P01,FOODS_3_586,2013-07-16,422,129,FOODS
P01,FOODS_3_586,2013-07-17,408,129,FOODS
P01,FOODS_3_586,2013-07-18,475,129,FOODS
P01,FOODS_3_586,2013-07-19,499,129,FOODS
P01,FOODS_3_586,2013-07-20,577,130,FOODS
P01,FOODS_3_586,2013-07-21,560,130,FOODS
P01,FOODS_3_586,2013-07-22,433,130,FOODS
P01,FOODS_3_586,2013-07-23,371,130,FOODS
P01,FOODS_3_586,2013-07-24,375,130,FOODS
P01,FOODS_3_586,2013-07-25,409,130,FOODS
P01,FOODS_3_586,2013-07-26,483,130,FOODS
P01,FOODS_3_586,2013-07-27,600,131,FOODS
P01,FOODS_3_586,2013-07-28,592,131,FOODS
P01,FOODS_3_586,2013-07-29,483,131,FOODS
P01,FOODS_3_586,2013-07-30,427,131,FOODS
P01,FOODS_3_586,2013-07-31,418,131,FOODS
P01,FOODS_3_586,2013-08-01,528,131,FOODS
P01,FOODS_3_586,2013-08-02,532,131,FOODS
P01,FOODS_3_586,2013-08-03,659,132,FOODS
P01,FOODS_3_586,2013-08-04,661,132,FOODS
P01,FOODS_3_586,2013-08-05,527,132,FOODS
P01,FOODS_3_586,2013-08-06,487,132,FOODS
P01,FOODS_3_586,2013-08-07,514,132,FOODS
P01,FOODS_3_586,2013-08-08,493,132,FOODS
P01,FOODS_3_586,2013-08-09,620,132,FOODS
P01,FOODS_3_586,2013-08-10,645,133,FOODS
P01,FOODS_3_586,2013-08-11,701,133,FOODS
P01,FOODS_3_586,2013-08-12,533,133,FOODS
P01,FOODS_3_586,2013-08-13,561,133,FOODS
P01,FOODS_3_586,2013-08-14,481,133,FOODS
P01,FOODS_3_586,2013-08-15,519,133,FOODS
P01,FOODS_3_586,2013-08-16,547,133,FOODS
P01,FOODS_3_586,2013-08-17,696,134,FOODS
P01,FOODS_3_586,2013-08-18,798,134,FOODS
P01,FOODS_3_586,2013-08-19,555,134,FOODS
P01,FOODS_3_586,2013-08-20,482,134,FOODS
P01,FOODS_3_586,2013-08-21,471,134,FOODS
P01,FOODS_3_586,2013-08-22,463,134,FOODS
P01,FOODS_3_586,2013-08-23,539,134,FOODS
P01,FOODS_3_586,2013-08-24,700,135,FOODS
P01,FOODS_3_586,2013-08-25,770,135,FOODS
P01,FOODS_3_586,2013-08-26,471,135,FOODS
P01,FOODS_3_586,2013-08-27,430,135,FOODS
P01,FOODS_3_586,2013-08-28,421,135,FOODS
P01,FOODS_3_586,2013-08-29,451,135,FOODS
P01,FOODS_3_586,2013-08-30,495,135,FOODS
P01,FOODS_3_586,2013-08-31,592,136,FOODS
P01,FOODS_3_586,2013-09-01,602,136,FOODS
P01,FOODS_3_586,2013-09-02,627,136,FOODS
P01,FOODS_3_586,2013-09-03,491,136,FOODS
P01,FOODS_3_586,2013-09-04,439,136,FOODS
P01,FOODS_3_586,2013-09-05,486,136,FOODS
P01,FOODS_3_586,2013-09-06,513,136,FOODS
P01,FOODS_3_586,2013-09-07,588,137,FOODS
P01,FOODS_3_586,2013-09-08,616,137,FOODS
P01,FOODS_3_586,2013-09-09,443,137,FOODS
P01,FOODS_3_586,2013-09-10,381,137,FOODS
P01,FOODS_3_586,2013-09-11,451,137,FOODS
P01,FOODS_3_586,2013-09-12,363,137,FOODS
P01,FOODS_3_586,2013-09-13,497,137,FOODS
P01,FOODS_3_586,2013-09-14,595,138,FOODS
P01,FOODS_3_586,2013-09-15,600,138,FOODS
P01,FOODS_3_586,2013-09-16,400,138,FOODS
P01,FOODS_3_586,2013-09-17,371,138,FOODS
P01,FOODS_3_586,2013-09-18,369,138,FOODS
P01,FOODS_3_586,2013-09-19,405,138,FOODS
P01,FOODS_3_586,2013-09-20,364,138,FOODS
P01,FOODS_3_586,2013-09-21,436,139,FOODS
P01,FOODS_3_586,2013-09-22,522,139,FOODS
P01,FOODS_3_586,2013-09-23,354,139,FOODS
P01,FOODS_3_586,2013-09-24,358,139,FOODS
P01,FOODS_3_586,2013-09-25,355,139,FOODS
P01,FOODS_3_586,2013-09-26,381,139,FOODS
P01,FOODS_3_586,2013-09-27,422,139,FOODS
P01,FOODS_3_586,2013-09-28,529,140,FOODS
P01,FOODS_3_586,2013-09-29,537,140,FOODS
P01,FOODS_3_586,2013-09-30,363,140,FOODS
P01,FOODS_3_586,2013-10-01,422,140,FOODS
P01,FOODS_3_586,2013-10-02,371,140,FOODS
P01,FOODS_3_586,2013-10-03,470,140,FOODS
P01,FOODS_3_586,2013-10-04,503,140,FOODS
P01,FOODS_3_586,2013-10-05,556,141,FOODS
P01,FOODS_3_586,2013-10-06,578,141,FOODS
P01,FOODS_3_586,2013-10-07,398,141,FOODS
P01,FOODS_3_586,2013-10-08,357,141,FOODS
P01,FOODS_3_586,2013-10-09,406,141,FOODS
P01,FOODS_3_586,2013-10-10,419,141,FOODS
P01,FOODS_3_586,2013-10-11,500,141,FOODS
P01,FOODS_3_586,2013-10-12,552,142,FOODS
P01,FOODS_3_586,2013-10-13,542,142,FOODS
P01,FOODS_3_586,2013-10-14,426,142,FOODS
P01,FOODS_3_586,2013-10-15,402,142,FOODS
P01,FOODS_3_586,2013-10-16,412,142,FOODS
P01,FOODS_3_586,2013-10-17,425,142,FOODS
P01,FOODS_3_586,2013-10-18,435,142,FOODS
P01,FOODS_3_586,2013-10-19,588,143,FOODS
P01,FOODS_3_586,2013-10-20,597,143,FOODS
P01,FOODS_3_586,2013-10-21,362,143,FOODS
P01,FOODS_3_586,2013-10-22,352,143,FOODS
P01,FOODS_3_586,2013-10-23,341,143,FOODS
P01,FOODS_3_586,2013-10-24,342,143,FOODS
P01,FOODS_3_586,2013-10-25,437,143,FOODS
P01,FOODS_3_586,2013-10-26,527,144,FOODS
P01,FOODS_3_586,2013-10-27,434,144,FOODS
P01,FOODS_3_586,2013-10-28,354,144,FOODS
P01,FOODS_3_586,2013-10-29,341,144,FOODS
P01,FOODS_3_586,2013-10-30,428,144,FOODS
P01,FOODS_3_586,2013-10-31,360,144,FOODS
P01,FOODS_3_586,2013-11-01,482,144,FOODS
P01,FOODS_3_586,2013-11-02,497,145,FOODS
P01,FOODS_3_586,2013-11-03,569,145,FOODS
P01,FOODS_3_586,2013-11-04,307,145,FOODS
P01,FOODS_3_586,2013-11-05,396,145,FOODS
P01,FOODS_3_586,2013-11-06,353,145,FOODS
P01,FOODS_3_586,2013-11-07,342,145,FOODS
P01,FOODS_3_586,2013-11-08,427,145,FOODS
P01,FOODS_3_586,2013-11-09,574,146,FOODS
P01,FOODS_3_586,2013-11-10,555,146,FOODS
P01,FOODS_3_586,2013-11-11,420,146,FOODS
P01,FOODS_3_586,2013-11-12,335,146,FOODS
P01,FOODS_3_586,2013-11-13,351,146,FOODS
P01,FOODS_3_586,2013-11-14,324,146,FOODS
P01,FOODS_3_586,2013-11-15,423,146,FOODS
P01,FOODS_3_586,2013-11-16,575,147,FOODS
P01,FOODS_3_586,2013-11-17,599,147,FOODS
P01,FOODS_3_586,2013-11-18,402,147,FOODS
P01,FOODS_3_586,2013-11-19,429,147,FOODS
P01,FOODS_3_586,2013-11-20,375,147,FOODS
P01,FOODS_3_586,2013-11-21,391,147,FOODS
P01,FOODS_3_586,2013-11-22,417,147,FOODS
P01,FOODS_3_586,2013-11-23,508,148,FOODS
P01,FOODS_3_586,2013-11-24,495,148,FOODS
P01,FOODS_3_586,2013-11-25,381,148,FOODS
P01,FOODS_3_586,2013-11-26,373,148,FOODS
P01,FOODS_3_586,2013-11-27,500,148,FOODS
P01,FOODS_3_586,2013-11-28,690,148,FOODS
P01,FOODS_3_586,2013-11-29,602,148,FOODS
P01,FOODS_3_586,2013-11-30,535,149,FOODS
P01,FOODS_3_586,2013-12-01,574,149,FOODS
P01,FOODS_3_586,2013-12-02,378,149,FOODS
P01,FOODS_3_586,2013-12-03,529,149,FOODS
P01,FOODS_3_586,2013-12-04,400,149,FOODS
P01,FOODS_3_586,2013-12-05,388,149,FOODS
P01,FOODS_3_586,2013-12-06,459,149,FOODS
P01,FOODS_3_586,2013-12-07,523,150,FOODS
P01,FOODS_3_586,2013-12-08,569,150,FOODS
P01,FOODS_3_586,2013-12-09,398,150,FOODS
P01,FOODS_3_586,2013-12-10,418,150,FOODS
P01,FOODS_3_586,2013-12-11,417,150,FOODS
P01,FOODS_3_586,2013-12-12,395,150,FOODS
P01,FOODS_3_586,2013-12-13,459,150,FOODS
P01,FOODS_3_586,2013-12-14,547,151,FOODS
P01,FOODS_3_586,2013-12-15,560,151,FOODS
P01,FOODS_3_586,2013-12-16,410,151,FOODS
P01,FOODS_3_586,2013-12-17,416,151,FOODS
P01,FOODS_3_586,2013-12-18,439,151,FOODS
P01,FOODS_3_586,2013-12-19,479,151,FOODS
P01,FOODS_3_586,2013-12-20,524,151,FOODS
P01,FOODS_3_586,2013-12-21,677,152,FOODS
P01,FOODS_3_586,2013-12-22,591,152,FOODS
P01,FOODS_3_586,2013-12-23,564,152,FOODS
P01,FOODS_3_586,2013-12-24,602,152,FOODS
P01,FOODS_3_586,2013-12-25,6,152,FOODS
P01,FOODS_3_586,2013-12-26,455,152,FOODS
P01,FOODS_3_586,2013-12-27,386,152,FOODS
P01,FOODS_3_586,2013-12-28,459,153,FOODS
P01,FOODS_3_586,2013-12-29,447,153,FOODS
P01,FOODS_3_586,2013-12-30,328,153,FOODS
P01,FOODS_3_586,2013-12-31,400,153,FOODS
P01,FOODS_3_586,2014-01-01,331,153,FOODS
P01,FOODS_3_586,2014-01-02,353,153,FOODS
P01,FOODS_3_586,2014-01-03,423,153,FOODS
P01,FOODS_3_586,2014-01-04,456,154,FOODS
P01,FOODS_3_586,2014-01-05,440,154,FOODS
P01,FOODS_3_586,2014-01-06,318,154,FOODS
P01,FOODS_3_586,2014-01-07,318,154,FOODS
P01,FOODS_3_586,2014-01-08,333,154,FOODS
P01,FOODS_3_586,2014-01-09,329,154,FOODS
P01,FOODS_3_586,2014-01-10,363,154,FOODS
P01,FOODS_3_586,2014-01-11,493,155,FOODS
P01,FOODS_3_586,2014-01-12,464,155,FOODS
P01,FOODS_3_586,2014-01-13,337,155,FOODS
P01,FOODS_3_586,2014-01-14,306,155,FOODS
P01,FOODS_3_586,2014-01-15,327,155,FOODS
P01,FOODS_3_586,2014-01-16,350,155,FOODS
P01,FOODS_3_586,2014-01-17,405,155,FOODS
P01,FOODS_3_586,2014-01-18,417,156,FOODS
P01,FOODS_3_586,2014-01-19,447,156,FOODS
P01,FOODS_3_586,2014-01-20,332,156,FOODS
P01,FOODS_3_586,2014-01-21,286,156,FOODS
P01,FOODS_3_586,2014-01-22,266,156,FOODS
P01,FOODS_3_586,2014-01-23,286,156,FOODS
P01,FOODS_3_586,2014-01-24,307,156,FOODS
P01,FOODS_3_586,2014-01-25,413,157,FOODS
P01,FOODS_3_586,2014-01-26,446,157,FOODS
P01,FOODS_3_586,2014-01-27,285,157,FOODS
P01,FOODS_3_586,2014-01-28,246,157,FOODS
P01,FOODS_3_586,2014-01-29,252,157,FOODS
P01,FOODS_3_586,2014-01-30,310,157,FOODS
P01,FOODS_3_586,2014-01-31,361,157,FOODS
P01,FOODS_3_586,2014-02-01,486,158,FOODS
P01,FOODS_3_586,2014-02-02,390,158,FOODS
P01,FOODS_3_586,2014-02-03,353,158,FOODS
P01,FOODS_3_586,2014-02-04,309,158,FOODS
P01,FOODS_3_586,2014-02-05,300,158,FOODS
P01,FOODS_3_586,2014-02-06,332,158,FOODS
P01,FOODS_3_586,2014-02-07,354,158,FOODS
P01,FOODS_3_586,2014-02-08,473,159,FOODS
P01,FOODS_3_586,2014-02-09,557,159,FOODS
P01,FOODS_3_586,2014-02-10,350,159,FOODS
P01,FOODS_3_586,2014-02-11,343,159,FOODS
P01,FOODS_3_586,2014-02-12,405,159,FOODS
P01,FOODS_3_586,2014-02-13,527,159,FOODS
P01,FOODS_3_586,2014-02-14,464,159,FOODS
P01,FOODS_3_586,2014-02-15,526,160,FOODS
P01,FOODS_3_586,2014-02-16,521,160,FOODS
P01,FOODS_3_586,2014-02-17,391,160,FOODS
P01,FOODS_3_586,2014-02-18,341,160,FOODS
P01,FOODS_3_586,2014-02-19,327,160,FOODS
P01,FOODS_3_586,2014-02-20,384,160,FOODS
P01,FOODS_3_586,2014-02-21,398,160,FOODS
P01,FOODS_3_586,2014-02-22,443,161,FOODS
P01,FOODS_3_586,2014-02-23,521,161,FOODS
P01,FOODS_3_586,2014-02-24,359,161,FOODS
P01,FOODS_3_586,2014-02-25,349,161,FOODS
P01,FOODS_3_586,2014-02-26,276,161,FOODS
P01,FOODS_3_586,2014-02-27,344,161,FOODS
P01,FOODS_3_586,2014-02-28,379,161,FOODS
P01,FOODS_3_586,2014-03-01,525,162,FOODS
P01,FOODS_3_586,2014-03-02,502,162,FOODS
P01,FOODS_3_586,2014-03-03,334,162,FOODS
P01,FOODS_3_586,2014-03-04,341,162,FOODS
P01,FOODS_3_586,2014-03-05,330,162,FOODS
P01,FOODS_3_586,2014-03-06,379,162,FOODS
P01,FOODS_3_586,2014-03-07,427,162,FOODS
P01,FOODS_3_586,2014-03-08,469,163,FOODS
P01,FOODS_3_586,2014-03-09,484,163,FOODS
P01,FOODS_3_586,2014-03-10,422,163,FOODS
P01,FOODS_3_586,2014-03-11,372,163,FOODS
P01,FOODS_3_586,2014-03-12,363,163,FOODS
P01,FOODS_3_586,2014-03-13,396,163,FOODS
P01,FOODS_3_586,2014-03-14,390,163,FOODS
P01,FOODS_3_586,2014-03-15,439,164,FOODS
P01,FOODS_3_586,2014-03-16,515,164,FOODS
P01,FOODS_3_586,2014-03-17,365,164,FOODS
P01,FOODS_3_586,2014-03-18,350,164,FOODS
P01,FOODS_3_586,2014-03-19,326,164,FOODS
P01,FOODS_3_586,2014-03-20,305,164,FOODS
P01,FOODS_3_586,2014-03-21,336,164,FOODS
P01,FOODS_3_586,2014-03-22,541,165,FOODS
P01,FOODS_3_586,2014-03-23,468,165,FOODS
P01,FOODS_3_586,2014-03-24,317,165,FOODS
P01,FOODS_3_586,2014-03-25,326,165,FOODS
P01,FOODS_3_586,2014-03-26,248,165,FOODS
P01,FOODS_3_586,2014-03-27,332,165,FOODS
P01,FOODS_3_586,2014-03-28,363,165,FOODS
P01,FOODS_3_586,2014-03-29,473,166,FOODS
P01,FOODS_3_586,2014-03-30,509,166,FOODS
P01,FOODS_3_586,2014-03-31,292,166,FOODS
P01,FOODS_3_586,2014-04-01,358,166,FOODS
P01,FOODS_3_586,2014-04-02,320,166,FOODS
P01,FOODS_3_586,2014-04-03,324,166,FOODS
P01,FOODS_3_586,2014-04-04,348,166,FOODS
P01,FOODS_3_586,2014-04-05,446,167,FOODS
P01,FOODS_3_586,2014-04-06,512,167,FOODS
P01,FOODS_3_586,2014-04-07,380,167,FOODS
P01,FOODS_3_586,2014-04-08,399,167,FOODS
P01,FOODS_3_586,2014-04-09,368,167,FOODS
P01,FOODS_3_586,2014-04-10,398,167,FOODS
P01,FOODS_3_586,2014-04-11,411,167,FOODS
P01,FOODS_3_586,2014-04-12,502,168,FOODS
P01,FOODS_3_586,2014-04-13,500,168,FOODS
P01,FOODS_3_586,2014-04-14,333,168,FOODS
P01,FOODS_3_586,2014-04-15,395,168,FOODS
P01,FOODS_3_586,2014-04-16,381,168,FOODS
P01,FOODS_3_586,2014-04-17,396,168,FOODS
P01,FOODS_3_586,2014-04-18,474,168,FOODS
P01,FOODS_3_586,2014-04-19,556,169,FOODS
P01,FOODS_3_586,2014-04-20,590,169,FOODS
P01,FOODS_3_586,2014-04-21,330,169,FOODS
P01,FOODS_3_586,2014-04-22,313,169,FOODS
P01,FOODS_3_586,2014-04-23,374,169,FOODS
P01,FOODS_3_586,2014-04-24,355,169,FOODS
P01,FOODS_3_586,2014-04-25,411,169,FOODS
P01,FOODS_3_586,2014-04-26,453,170,FOODS
P01,FOODS_3_586,2014-04-27,510,170,FOODS
P01,FOODS_3_586,2014-04-28,307,170,FOODS
P01,FOODS_3_586,2014-04-29,330,170,FOODS
P01,FOODS_3_586,2014-04-30,334,170,FOODS
P01,FOODS_3_586,2014-05-01,447,170,FOODS
P01,FOODS_3_586,2014-05-02,409,170,FOODS
P01,FOODS_3_586,2014-05-03,511,171,FOODS
P01,FOODS_3_586,2014-05-04,518,171,FOODS
P01,FOODS_3_586,2014-05-05,390,171,FOODS
P01,FOODS_3_586,2014-05-06,364,171,FOODS
P01,FOODS_3_586,2014-05-07,388,171,FOODS
P01,FOODS_3_586,2014-05-08,368,171,FOODS
P01,FOODS_3_586,2014-05-09,422,171,FOODS
P01,FOODS_3_586,2014-05-10,559,172,FOODS
P01,FOODS_3_586,2014-05-11,527,172,FOODS
P01,FOODS_3_586,2014-05-12,385,172,FOODS
P01,FOODS_3_586,2014-05-13,395,172,FOODS
P01,FOODS_3_586,2014-05-14,346,172,FOODS
P01,FOODS_3_586,2014-05-15,400,172,FOODS
P01,FOODS_3_586,2014-05-16,446,172,FOODS
P01,FOODS_3_586,2014-05-17,461,173,FOODS
P01,FOODS_3_586,2014-05-18,495,173,FOODS
P01,FOODS_3_586,2014-05-19,352,173,FOODS
P01,FOODS_3_586,2014-05-20,322,173,FOODS
P01,FOODS_3_586,2014-05-21,348,173,FOODS
P01,FOODS_3_586,2014-05-22,319,173,FOODS
P01,FOODS_3_586,2014-05-23,447,173,FOODS
P01,FOODS_3_586,2014-05-24,447,174,FOODS
P01,FOODS_3_586,2014-05-25,510,174,FOODS
P01,FOODS_3_586,2014-05-26,380,174,FOODS
P01,FOODS_3_586,2014-05-27,310,174,FOODS
P01,FOODS_3_586,2014-05-28,288,174,FOODS
P01,FOODS_3_586,2014-05-29,369,174,FOODS
P01,FOODS_3_586,2014-05-30,415,174,FOODS
P01,FOODS_3_586,2014-05-31,480,175,FOODS
P01,FOODS_3_586,2014-06-01,568,175,FOODS
P01,FOODS_3_586,2014-06-02,388,175,FOODS
P01,FOODS_3_586,2014-06-03,380,175,FOODS
P01,FOODS_3_586,2014-06-04,412,175,FOODS
P01,FOODS_3_586,2014-06-05,460,175,FOODS
P01,FOODS_3_586,2014-06-06,424,175,FOODS
P01,FOODS_3_586,2014-06-07,590,176,FOODS
P01,FOODS_3_586,2014-06-08,568,176,FOODS
P01,FOODS_3_586,2014-06-09,453,176,FOODS
P01,FOODS_3_586,2014-06-10,360,176,FOODS
P01,FOODS_3_586,2014-06-11,397,176,FOODS
P01,FOODS_3_586,2014-06-12,407,176,FOODS
P01,FOODS_3_586,2014-06-13,490,176,FOODS
P01,FOODS_3_586,2014-06-14,630,177,FOODS
P01,FOODS_3_586,2014-06-15,512,177,FOODS
P01,FOODS_3_586,2014-06-16,412,177,FOODS
P01,FOODS_3_586,2014-06-17,374,177,FOODS
P01,FOODS_3_586,2014-06-18,418,177,FOODS
P01,FOODS_3_586,2014-06-19,435,177,FOODS
P01,FOODS_3_586,2014-06-20,477,177,FOODS
P01,FOODS_3_586,2014-06-21,503,178,FOODS
P01,FOODS_3_586,2014-06-22,493,178,FOODS
P01,FOODS_3_586,2014-06-23,383,178,FOODS
P01,FOODS_3_586,2014-06-24,356,178,FOODS
P01,FOODS_3_586,2014-06-25,376,178,FOODS
P01,FOODS_3_586,2014-06-26,366,178,FOODS
P01,FOODS_3_586,2014-06-27,528,178,FOODS
P01,FOODS_3_586,2014-06-28,504,179,FOODS
P01,FOODS_3_586,2014-06-29,566,179,FOODS
P01,FOODS_3_586,2014-06-30,433,179,FOODS
P01,FOODS_3_586,2014-07-01,485,179,FOODS
P01,FOODS_3_586,2014-07-02,519,179,FOODS
P01,FOODS_3_586,2014-07-03,654,179,FOODS
P01,FOODS_3_586,2014-07-04,702,179,FOODS
P01,FOODS_3_586,2014-07-05,528,180,FOODS
P01,FOODS_3_586,2014-07-06,607,180,FOODS
P01,FOODS_3_586,2014-07-07,502,180,FOODS
P01,FOODS_3_586,2014-07-08,441,180,FOODS
P01,FOODS_3_586,2014-07-09,513,180,FOODS
P01,FOODS_3_586,2014-07-10,539,180,FOODS
P01,FOODS_3_586,2014-07-11,548,180,FOODS
P01,FOODS_3_586,2014-07-12,640,181,FOODS
P01,FOODS_3_586,2014-07-13,591,181,FOODS
P01,FOODS_3_586,2014-07-14,525,181,FOODS
P01,FOODS_3_586,2014-07-15,513,181,FOODS
P01,FOODS_3_586,2014-07-16,440,181,FOODS
P01,FOODS_3_586,2014-07-17,462,181,FOODS
P01,FOODS_3_586,2014-07-18,618,181,FOODS
P01,FOODS_3_586,2014-07-19,668,182,FOODS
P01,FOODS_3_586,2014-07-20,674,182,FOODS
P01,FOODS_3_586,2014-07-21,467,182,FOODS
P01,FOODS_3_586,2014-07-22,515,182,FOODS
P01,FOODS_3_586,2014-07-23,503,182,FOODS
P01,FOODS_3_586,2014-07-24,608,182,FOODS
P01,FOODS_3_586,2014-07-25,473,182,FOODS
P01,FOODS_3_586,2014-07-26,535,183,FOODS
P01,FOODS_3_586,2014-07-27,532,183,FOODS
P01,FOODS_3_586,2014-07-28,475,183,FOODS
P01,FOODS_3_586,2014-07-29,475,183,FOODS
P01,FOODS_3_586,2014-07-30,512,183,FOODS
P01,FOODS_3_586,2014-07-31,535,183,FOODS
P01,FOODS_3_586,2014-08-01,762,183,FOODS
P01,FOODS_3_586,2014-08-02,745,184,FOODS
P01,FOODS_3_586,2014-08-03,729,184,FOODS
P01,FOODS_3_586,2014-08-04,528,184,FOODS
P01,FOODS_3_586,2014-08-05,536,184,FOODS
P01,FOODS_3_586,2014-08-06,550,184,FOODS
P01,FOODS_3_586,2014-08-07,590,184,FOODS
P01,FOODS_3_586,2014-08-08,725,184,FOODS
P01,FOODS_3_586,2014-08-09,785,185,FOODS
P01,FOODS_3_586,2014-08-10,775,185,FOODS
P01,FOODS_3_586,2014-08-11,581,185,FOODS
P01,FOODS_3_586,2014-08-12,539,185,FOODS
P01,FOODS_3_586,2014-08-13,501,185,FOODS
P01,FOODS_3_586,2014-08-14,514,185,FOODS
P01,FOODS_3_586,2014-08-15,620,185,FOODS
P01,FOODS_3_586,2014-08-16,715,186,FOODS
P01,FOODS_3_586,2014-08-17,697,186,FOODS
P01,FOODS_3_586,2014-08-18,433,186,FOODS
P01,FOODS_3_586,2014-08-19,462,186,FOODS
P01,FOODS_3_586,2014-08-20,413,186,FOODS
P01,FOODS_3_586,2014-08-21,482,186,FOODS
P01,FOODS_3_586,2014-08-22,556,186,FOODS
P01,FOODS_3_586,2014-08-23,738,187,FOODS
P01,FOODS_3_586,2014-08-24,787,187,FOODS
P01,FOODS_3_586,2014-08-25,473,187,FOODS
P01,FOODS_3_586,2014-08-26,466,187,FOODS
P01,FOODS_3_586,2014-08-27,454,187,FOODS
P01,FOODS_3_586,2014-08-28,457,187,FOODS
P01,FOODS_3_586,2014-08-29,525,187,FOODS
P01,FOODS_3_586,2014-08-30,651,188,FOODS
P01,FOODS_3_586,2014-08-31,602,188,FOODS
P01,FOODS_3_586,2014-09-01,681,188,FOODS
P01,FOODS_3_586,2014-09-02,466,188,FOODS
P01,FOODS_3_586,2014-09-03,492,188,FOODS
P01,FOODS_3_586,2014-09-04,475,188,FOODS
P01,FOODS_3_586,2014-09-05,525,188,FOODS
P01,FOODS_3_586,2014-09-06,643,189,FOODS
P01,FOODS_3_586,2014-09-07,578,189,FOODS
P01,FOODS_3_586,2014-09-08,448,189,FOODS
P01,FOODS_3_586,2014-09-09,467,189,FOODS
P01,FOODS_3_586,2014-09-10,513,189,FOODS
P01,FOODS_3_586,2014-09-11,473,189,FOODS
P01,FOODS_3_586,2014-09-12,462,189,FOODS
P01,FOODS_3_586,2014-09-13,629,190,FOODS
P01,FOODS_3_586,2014-09-14,529,190,FOODS
P01,FOODS_3_586,2014-09-15,467,190,FOODS
P01,FOODS_3_586,2014-09-16,398,190,FOODS
P01,FOODS_3_586,2014-09-17,419,190,FOODS
P01,FOODS_3_586,2014-09-18,384,190,FOODS
P01,FOODS_3_586,2014-09-19,486,190,FOODS
P01,FOODS_3_586,2014-09-20,601,191,FOODS
P01,FOODS_3_586,2014-09-21,546,191,FOODS
P01,FOODS_3_586,2014-09-22,345,191,FOODS
P01,FOODS_3_586,2014-09-23,399,191,FOODS
P01,FOODS_3_586,2014-09-24,386,191,FOODS
P01,FOODS_3_586,2014-09-25,368,191,FOODS
P01,FOODS_3_586,2014-09-26,403,191,FOODS
P01,FOODS_3_586,2014-09-27,574,192,FOODS
P01,FOODS_3_586,2014-09-28,534,192,FOODS
P01,FOODS_3_586,2014-09-29,384,192,FOODS
P01,FOODS_3_586,2014-09-30,367,192,FOODS
P01,FOODS_3_586,2014-10-01,490,192,FOODS
P01,FOODS_3_586,2014-10-02,446,192,FOODS
P01,FOODS_3_586,2014-10-03,576,192,FOODS
P01,FOODS_3_586,2014-10-04,613,193,FOODS
P01,FOODS_3_586,2014-10-05,566,193,FOODS
P01,FOODS_3_586,2014-10-06,400,193,FOODS
P01,FOODS_3_586,2014-10-07,437,193,FOODS
P01,FOODS_3_586,2014-10-08,404,193,FOODS
P01,FOODS_3_586,2014-10-09,467,193,FOODS
P01,FOODS_3_586,2014-10-10,483,193,FOODS
P01,FOODS_3_586,2014-10-11,546,194,FOODS
P01,FOODS_3_586,2014-10-12,577,194,FOODS
P01,FOODS_3_586,2014-10-13,394,194,FOODS
P01,FOODS_3_586,2014-10-14,408,194,FOODS
P01,FOODS_3_586,2014-10-15,406,194,FOODS
P01,FOODS_3_586,2014-10-16,380,194,FOODS
P01,FOODS_3_586,2014-10-17,429,194,FOODS
P01,FOODS_3_586,2014-10-18,567,195,FOODS
P01,FOODS_3_586,2014-10-19,541,195,FOODS
P01,FOODS_3_586,2014-10-20,406,195,FOODS
P01,FOODS_3_586,2014-10-21,371,195,FOODS
P01,FOODS_3_586,2014-10-22,366,195,FOODS
P01,FOODS_3_586,2014-10-23,448,195,FOODS
P01,FOODS_3_586,2014-10-24,457,195,FOODS
P01,FOODS_3_586,2014-10-25,590,196,FOODS
P01,FOODS_3_586,2014-10-26,522,196,FOODS
P01,FOODS_3_586,2014-10-27,423,196,FOODS
P01,FOODS_3_586,2014-10-28,410,196,FOODS
P01,FOODS_3_586,2014-10-29,390,196,FOODS
P01,FOODS_3_586,2014-10-30,424,196,FOODS
P01,FOODS_3_586,2014-10-31,437,196,FOODS
P01,FOODS_3_586,2014-11-01,548,197,FOODS
P01,FOODS_3_586,2014-11-02,534,197,FOODS
P01,FOODS_3_586,2014-11-03,395,197,FOODS
P01,FOODS_3_586,2014-11-04,386,197,FOODS
P01,FOODS_3_586,2014-11-05,319,197,FOODS
P01,FOODS_3_586,2014-11-06,382,197,FOODS
P01,FOODS_3_586,2014-11-07,428,197,FOODS
P01,FOODS_3_586,2014-11-08,512,198,FOODS
P01,FOODS_3_586,2014-11-09,498,198,FOODS
P01,FOODS_3_586,2014-11-10,339,198,FOODS
P01,FOODS_3_586,2014-11-11,356,198,FOODS
P01,FOODS_3_586,2014-11-12,306,198,FOODS
P01,FOODS_3_586,2014-11-13,339,198,FOODS
P01,FOODS_3_586,2014-11-14,443,198,FOODS
P01,FOODS_3_586,2014-11-15,546,199,FOODS
P01,FOODS_3_586,2014-11-16,552,199,FOODS
P01,FOODS_3_586,2014-11-17,404,199,FOODS
P01,FOODS_3_586,2014-11-18,328,199,FOODS
P01,FOODS_3_586,2014-11-19,372,199,FOODS
P01,FOODS_3_586,2014-11-20,345,199,FOODS
P01,FOODS_3_586,2014-11-21,408,199,FOODS
P01,FOODS_3_586,2014-11-22,522,200,FOODS
P01,FOODS_3_586,2014-11-23,497,200,FOODS
P01,FOODS_3_586,2014-11-24,431,200,FOODS
P01,FOODS_3_586,2014-11-25,397,200,FOODS
P01,FOODS_3_586,2014-11-26,515,200,FOODS
P01,FOODS_3_586,2014-11-27,737,200,FOODS
P01,FOODS_3_586,2014-11-28,545,200,FOODS
P01,FOODS_3_586,2014-11-29,469,201,FOODS
P01,FOODS_3_586,2014-11-30,502,201,FOODS
P01,FOODS_3_586,2014-12-01,391,201,FOODS
P01,FOODS_3_586,2014-12-02,382,201,FOODS
P01,FOODS_3_586,2014-12-03,407,201,FOODS
P01,FOODS_3_586,2014-12-04,442,201,FOODS
P01,FOODS_3_586,2014-12-05,514,201,FOODS
P01,FOODS_3_586,2014-12-06,561,202,FOODS
P01,FOODS_3_586,2014-12-07,569,202,FOODS
P01,FOODS_3_586,2014-12-08,439,202,FOODS
P01,FOODS_3_586,2014-12-09,414,202,FOODS
P01,FOODS_3_586,2014-12-10,429,202,FOODS
P01,FOODS_3_586,2014-12-11,379,202,FOODS
P01,FOODS_3_586,2014-12-12,478,202,FOODS
P01,FOODS_3_586,2014-12-13,612,203,FOODS
P01,FOODS_3_586,2014-12-14,587,203,FOODS
P01,FOODS_3_586,2014-12-15,527,203,FOODS
P01,FOODS_3_586,2014-12-16,422,203,FOODS
P01,FOODS_3_586,2014-12-17,415,203,FOODS
P01,FOODS_3_586,2014-12-18,497,203,FOODS
P01,FOODS_3_586,2014-12-19,532,203,FOODS
P01,FOODS_3_586,2014-12-20,656,204,FOODS
P01,FOODS_3_586,2014-12-21,727,204,FOODS
P01,FOODS_3_586,2014-12-22,581,204,FOODS
P01,FOODS_3_586,2014-12-23,642,204,FOODS
P01,FOODS_3_586,2014-12-24,601,204,FOODS
P01,FOODS_3_586,2014-12-25,2,204,FOODS
P01,FOODS_3_586,2014-12-26,532,204,FOODS
P01,FOODS_3_586,2014-12-27,406,205,FOODS
P01,FOODS_3_586,2014-12-28,387,205,FOODS
P01,FOODS_3_586,2014-12-29,289,205,FOODS
P01,FOODS_3_586,2014-12-30,319,205,FOODS
P01,FOODS_3_586,2014-12-31,391,205,FOODS
P01,FOODS_3_586,2015-01-01,328,205,FOODS
P01,FOODS_3_586,2015-01-02,414,205,FOODS
P01,FOODS_3_586,2015-01-03,450,206,FOODS
P01,FOODS_3_586,2015-01-04,423,206,FOODS
P01,FOODS_3_586,2015-01-05,348,206,FOODS
P01,FOODS_3_586,2015-01-06,358,206,FOODS
P01,FOODS_3_586,2015-01-07,316,206,FOODS
P01,FOODS_3_586,2015-01-08,313,206,FOODS
P01,FOODS_3_586,2015-01-09,342,206,FOODS
P01,FOODS_3_586,2015-01-10,423,207,FOODS
P01,FOODS_3_586,2015-01-11,433,207,FOODS
P01,FOODS_3_586,2015-01-12,334,207,FOODS
P01,FOODS_3_586,2015-01-13,280,207,FOODS
P01,FOODS_3_586,2015-01-14,287,207,FOODS
P01,FOODS_3_586,2015-01-15,326,207,FOODS
P01,FOODS_3_586,2015-01-16,366,207,FOODS
P01,FOODS_3_586,2015-01-17,463,208,FOODS
P01,FOODS_3_586,2015-01-18,480,208,FOODS
P01,FOODS_3_586,2015-01-19,335,208,FOODS
P01,FOODS_3_586,2015-01-20,291,208,FOODS
P01,FOODS_3_586,2015-01-21,301,208,FOODS
P01,FOODS_3_586,2015-01-22,249,208,FOODS
P01,FOODS_3_586,2015-01-23,334,208,FOODS
P01,FOODS_3_586,2015-01-24,447,209,FOODS
P01,FOODS_3_586,2015-01-25,394,209,FOODS
P01,FOODS_3_586,2015-01-26,302,209,FOODS
P01,FOODS_3_586,2015-01-27,315,209,FOODS
P01,FOODS_3_586,2015-01-28,305,209,FOODS
P01,FOODS_3_586,2015-01-29,324,209,FOODS
P01,FOODS_3_586,2015-01-30,358,209,FOODS
P01,FOODS_3_586,2015-01-31,484,210,FOODS
P01,FOODS_3_586,2015-02-01,434,210,FOODS
P01,FOODS_3_586,2015-02-02,335,210,FOODS
P01,FOODS_3_586,2015-02-03,377,210,FOODS
P01,FOODS_3_586,2015-02-04,358,210,FOODS
P01,FOODS_3_586,2015-02-05,354,210,FOODS
P01,FOODS_3_586,2015-02-06,400,210,FOODS
P01,FOODS_3_586,2015-02-07,526,211,FOODS
P01,FOODS_3_586,2015-02-08,536,211,FOODS
P01,FOODS_3_586,2015-02-09,421,211,FOODS
P01,FOODS_3_586,2015-02-10,380,211,FOODS
P01,FOODS_3_586,2015-02-11,403,211,FOODS
P01,FOODS_3_586,2015-02-12,457,211,FOODS
P01,FOODS_3_586,2015-02-13,454,211,FOODS
P01,FOODS_3_586,2015-02-14,512,212,FOODS
P01,FOODS_3_586,2015-02-15,515,212,FOODS
P01,FOODS_3_586,2015-02-16,382,212,FOODS
P01,FOODS_3_586,2015-02-17,297,212,FOODS
P01,FOODS_3_586,2015-02-18,313,212,FOODS
P01,FOODS_3_586,2015-02-19,357,212,FOODS
P01,FOODS_3_586,2015-02-20,373,212,FOODS
P01,FOODS_3_586,2015-02-21,517,213,FOODS
P01,FOODS_3_586,2015-02-22,466,213,FOODS
P01,FOODS_3_586,2015-02-23,279,213,FOODS
P01,FOODS_3_586,2015-02-24,320,213,FOODS
P01,FOODS_3_586,2015-02-25,309,213,FOODS
P01,FOODS_3_586,2015-02-26,321,213,FOODS
P01,FOODS_3_586,2015-02-27,319,213,FOODS
P01,FOODS_3_586,2015-02-28,460,214,FOODS
P01,FOODS_3_586,2015-03-01,501,214,FOODS
P01,FOODS_3_586,2015-03-02,305,214,FOODS
P01,FOODS_3_586,2015-03-03,401,214,FOODS
P01,FOODS_3_586,2015-03-04,389,214,FOODS
P01,FOODS_3_586,2015-03-05,331,214,FOODS
P01,FOODS_3_586,2015-03-06,328,214,FOODS
P01,FOODS_3_586,2015-03-07,450,215,FOODS
P01,FOODS_3_586,2015-03-08,435,215,FOODS
P01,FOODS_3_586,2015-03-09,346,215,FOODS
P01,FOODS_3_586,2015-03-10,315,215,FOODS
P01,FOODS_3_586,2015-03-11,340,215,FOODS
P01,FOODS_3_586,2015-03-12,337,215,FOODS
P01,FOODS_3_586,2015-03-13,421,215,FOODS
P01,FOODS_3_586,2015-03-14,523,216,FOODS
P01,FOODS_3_586,2015-03-15,484,216,FOODS
P01,FOODS_3_586,2015-03-16,352,216,FOODS
P01,FOODS_3_586,2015-03-17,384,216,FOODS
P01,FOODS_3_586,2015-03-18,300,216,FOODS
P01,FOODS_3_586,2015-03-19,339,216,FOODS
P01,FOODS_3_586,2015-03-20,410,216,FOODS
P01,FOODS_3_586,2015-03-21,436,217,FOODS
P01,FOODS_3_586,2015-03-22,448,217,FOODS
P01,FOODS_3_586,2015-03-23,346,217,FOODS
P01,FOODS_3_586,2015-03-24,247,217,FOODS
P01,FOODS_3_586,2015-03-25,358,217,FOODS
P01,FOODS_3_586,2015-03-26,310,217,FOODS
P01,FOODS_3_586,2015-03-27,301,217,FOODS
P01,FOODS_3_586,2015-03-28,482,218,FOODS
P01,FOODS_3_586,2015-03-29,427,218,FOODS
P01,FOODS_3_586,2015-03-30,357,218,FOODS
P01,FOODS_3_586,2015-03-31,318,218,FOODS
P01,FOODS_3_586,2015-04-01,379,218,FOODS
P01,FOODS_3_586,2015-04-02,353,218,FOODS
P01,FOODS_3_586,2015-04-03,526,218,FOODS
P01,FOODS_3_586,2015-04-04,563,219,FOODS
P01,FOODS_3_586,2015-04-05,516,219,FOODS
P01,FOODS_3_586,2015-04-06,366,219,FOODS
P01,FOODS_3_586,2015-04-07,347,219,FOODS
P01,FOODS_3_586,2015-04-08,367,219,FOODS
P01,FOODS_3_586,2015-04-09,343,219,FOODS
P01,FOODS_3_586,2015-04-10,354,219,FOODS
P01,FOODS_3_586,2015-04-11,453,220,FOODS
P01,FOODS_3_586,2015-04-12,506,220,FOODS
P01,FOODS_3_586,2015-04-13,373,220,FOODS
P01,FOODS_3_586,2015-04-14,315,220,FOODS
P01,FOODS_3_586,2015-04-15,364,220,FOODS
P01,FOODS_3_586,2015-04-16,297,220,FOODS
P01,FOODS_3_586,2015-04-17,348,220,FOODS
P01,FOODS_3_586,2015-04-18,452,221,FOODS
P01,FOODS_3_586,2015-04-19,513,221,FOODS
P01,FOODS_3_586,2015-04-20,364,221,FOODS
P01,FOODS_3_586,2015-04-21,325,221,FOODS
P01,FOODS_3_586,2015-04-22,347,221,FOODS
P01,FOODS_3_586,2015-04-23,364,221,FOODS
P01,FOODS_3_586,2015-04-24,383,221,FOODS
P01,FOODS_3_586,2015-04-25,495,222,FOODS
P01,FOODS_3_586,2015-04-26,465,222,FOODS
P01,FOODS_3_586,2015-04-27,375,222,FOODS
P01,FOODS_3_586,2015-04-28,365,222,FOODS
P01,FOODS_3_586,2015-04-29,324,222,FOODS
P01,FOODS_3_586,2015-04-30,369,222,FOODS
P01,FOODS_3_586,2015-05-01,482,222,FOODS
P01,FOODS_3_586,2015-05-02,541,223,FOODS
P01,FOODS_3_586,2015-05-03,501,223,FOODS
P01,FOODS_3_586,2015-05-04,382,223,FOODS
P01,FOODS_3_586,2015-05-05,329,223,FOODS
P01,FOODS_3_586,2015-05-06,413,223,FOODS
P01,FOODS_3_586,2015-05-07,377,223,FOODS
P01,FOODS_3_586,2015-05-08,465,223,FOODS
P01,FOODS_3_586,2015-05-09,575,224,FOODS
P01,FOODS_3_586,2015-05-10,592,224,FOODS
P01,FOODS_3_586,2015-05-11,440,224,FOODS
P01,FOODS_3_586,2015-05-12,382,224,FOODS
P01,FOODS_3_586,2015-05-13,381,224,FOODS
P01,FOODS_3_586,2015-05-14,386,224,FOODS
P01,FOODS_3_586,2015-05-15,451,224,FOODS
P01,FOODS_3_586,2015-05-16,559,225,FOODS
P01,FOODS_3_586,2015-05-17,490,225,FOODS
P01,FOODS_3_586,2015-05-18,382,225,FOODS
P01,FOODS_3_586,2015-05-19,358,225,FOODS
P01,FOODS_3_586,2015-05-20,335,225,FOODS
P01,FOODS_3_586,2015-05-21,391,225,FOODS
P01,FOODS_3_586,2015-05-22,352,225,FOODS
P01,FOODS_3_586,2015-05-23,499,226,FOODS
P01,FOODS_3_586,2015-05-24,484,226,FOODS
P01,FOODS_3_586,2015-05-25,426,226,FOODS
P01,FOODS_3_586,2015-05-26,346,226,FOODS
P01,FOODS_3_586,2015-05-27,336,226,FOODS
P01,FOODS_3_586,2015-05-28,377,226,FOODS
P01,FOODS_3_586,2015-05-29,427,226,FOODS
P01,FOODS_3_586,2015-05-30,463,227,FOODS
P01,FOODS_3_586,2015-05-31,476,227,FOODS
P01,FOODS_3_586,2015-06-01,483,227,FOODS
P01,FOODS_3_586,2015-06-02,375,227,FOODS
P01,FOODS_3_586,2015-06-03,467,227,FOODS
P01,FOODS_3_586,2015-06-04,460,227,FOODS
P01,FOODS_3_586,2015-06-05,459,227,FOODS
P01,FOODS_3_586,2015-06-06,569,228,FOODS
P01,FOODS_3_586,2015-06-07,583,228,FOODS
P01,FOODS_3_586,2015-06-08,486,228,FOODS
P01,FOODS_3_586,2015-06-09,479,228,FOODS
P01,FOODS_3_586,2015-06-10,439,228,FOODS
P01,FOODS_3_586,2015-06-11,466,228,FOODS
P01,FOODS_3_586,2015-06-12,586,228,FOODS
P01,FOODS_3_586,2015-06-13,546,229,FOODS
P01,FOODS_3_586,2015-06-14,553,229,FOODS
P01,FOODS_3_586,2015-06-15,432,229,FOODS
P01,FOODS_3_586,2015-06-16,370,229,FOODS
P01,FOODS_3_586,2015-06-17,390,229,FOODS
P01,FOODS_3_586,2015-06-18,450,229,FOODS
P01,FOODS_3_586,2015-06-19,447,229,FOODS
P01,FOODS_3_586,2015-06-20,605,230,FOODS
P01,FOODS_3_586,2015-06-21,592,230,FOODS
P01,FOODS_3_586,2015-06-22,377,230,FOODS
P01,FOODS_3_586,2015-06-23,408,230,FOODS
P01,FOODS_3_586,2015-06-24,385,230,FOODS
P01,FOODS_3_586,2015-06-25,459,230,FOODS
P01,FOODS_3_586,2015-06-26,478,230,FOODS
P01,FOODS_3_586,2015-06-27,597,231,FOODS
P01,FOODS_3_586,2015-06-28,559,231,FOODS
P01,FOODS_3_586,2015-06-29,397,231,FOODS
P01,FOODS_3_586,2015-06-30,393,231,FOODS
P01,FOODS_3_586,2015-07-01,391,231,FOODS
P01,FOODS_3_586,2015-07-02,508,231,FOODS
P01,FOODS_3_586,2015-07-03,708,231,FOODS
P01,FOODS_3_586,2015-07-04,573,232,FOODS
P01,FOODS_3_586,2015-07-05,585,232,FOODS
P01,FOODS_3_586,2015-07-06,499,232,FOODS
P01,FOODS_3_586,2015-07-07,454,232,FOODS
P01,FOODS_3_586,2015-07-08,390,232,FOODS
P01,FOODS_3_586,2015-07-09,475,232,FOODS
P01,FOODS_3_586,2015-07-10,556,232,FOODS
P01,FOODS_3_586,2015-07-11,623,233,FOODS
P01,FOODS_3_586,2015-07-12,690,233,FOODS
P01,FOODS_3_586,2015-07-13,477,233,FOODS
P01,FOODS_3_586,2015-07-14,481,233,FOODS
P01,FOODS_3_586,2015-07-15,438,233,FOODS
P01,FOODS_3_586,2015-07-16,446,233,FOODS
P01,FOODS_3_586,2015-07-17,577,233,FOODS
P01,FOODS_3_586,2015-07-18,619,234,FOODS
P01,FOODS_3_586,2015-07-19,637,234,FOODS
P01,FOODS_3_586,2015-07-20,479,234,FOODS
P01,FOODS_3_586,2015-07-21,504,234,FOODS
P01,FOODS_3_586,2015-07-22,358,234,FOODS
P01,FOODS_3_586,2015-07-23,460,234,FOODS
P01,FOODS_3_586,2015-07-24,588,234,FOODS
P01,FOODS_3_586,2015-07-25,595,235,FOODS
P01,FOODS_3_586,2015-07-26,578,235,FOODS
P01,FOODS_3_586,2015-07-27,447,235,FOODS
P01,FOODS_3_586,2015-07-28,446,235,FOODS
P01,FOODS_3_586,2015-07-29,382,235,FOODS
P01,FOODS_3_586,2015-07-30,468,235,FOODS
P01,FOODS_3_586,2015-07-31,580,235,FOODS
P01,FOODS_3_586,2015-08-01,663,236,FOODS
P01,FOODS_3_586,2015-08-02,679,236,FOODS
P01,FOODS_3_586,2015-08-03,557,236,FOODS
P01,FOODS_3_586,2015-08-04,470,236,FOODS
P01,FOODS_3_586,2015-08-05,486,236,FOODS
P01,FOODS_3_586,2015-08-06,461,236,FOODS
P01,FOODS_3_586,2015-08-07,538,236,FOODS
P01,FOODS_3_586,2015-08-08,640,237,FOODS
P01,FOODS_3_586,2015-08-09,737,237,FOODS
P01,FOODS_3_586,2015-08-10,544,237,FOODS
P01,FOODS_3_586,2015-08-11,495,237,FOODS
P01,FOODS_3_586,2015-08-12,515,237,FOODS
P01,FOODS_3_586,2015-08-13,518,237,FOODS
P01,FOODS_3_586,2015-08-14,626,237,FOODS
P01,FOODS_3_586,2015-08-15,762,238,FOODS
P01,FOODS_3_586,2015-08-16,734,238,FOODS
P01,FOODS_3_586,2015-08-17,517,238,FOODS
P01,FOODS_3_586,2015-08-18,540,238,FOODS
P01,FOODS_3_586,2015-08-19,424,238,FOODS
P01,FOODS_3_586,2015-08-20,352,238,FOODS
P01,FOODS_3_586,2015-08-21,530,238,FOODS
P01,FOODS_3_586,2015-08-22,701,239,FOODS
P01,FOODS_3_586,2015-08-23,801,239,FOODS
P01,FOODS_3_586,2015-08-24,497,239,FOODS
P01,FOODS_3_586,2015-08-25,374,239,FOODS
P01,FOODS_3_586,2015-08-26,397,239,FOODS
P01,FOODS_3_586,2015-08-27,441,239,FOODS
P01,FOODS_3_586,2015-08-28,448,239,FOODS
P01,FOODS_3_586,2015-08-29,581,240,FOODS
P01,FOODS_3_586,2015-08-30,567,240,FOODS
P01,FOODS_3_586,2015-08-31,398,240,FOODS
P01,FOODS_3_586,2015-09-01,444,240,FOODS
P01,FOODS_3_586,2015-09-02,434,240,FOODS
P01,FOODS_3_586,2015-09-03,419,240,FOODS
P01,FOODS_3_586,2015-09-04,460,240,FOODS
P01,FOODS_3_586,2015-09-05,563,241,FOODS
P01,FOODS_3_586,2015-09-06,608,241,FOODS
P01,FOODS_3_586,2015-09-07,513,241,FOODS
P01,FOODS_3_586,2015-09-08,392,241,FOODS
P01,FOODS_3_586,2015-09-09,422,241,FOODS
P01,FOODS_3_586,2015-09-10,394,241,FOODS
P01,FOODS_3_586,2015-09-11,450,241,FOODS
P01,FOODS_3_586,2015-09-12,569,242,FOODS
P01,FOODS_3_586,2015-09-13,584,242,FOODS
P01,FOODS_3_586,2015-09-14,383,242,FOODS
P01,FOODS_3_586,2015-09-15,427,242,FOODS
P01,FOODS_3_586,2015-09-16,360,242,FOODS
P01,FOODS_3_586,2015-09-17,391,242,FOODS
P01,FOODS_3_586,2015-09-18,454,242,FOODS
P01,FOODS_3_586,2015-09-19,613,243,FOODS
P01,FOODS_3_586,2015-09-20,569,243,FOODS
P01,FOODS_3_586,2015-09-21,407,243,FOODS
P01,FOODS_3_586,2015-09-22,409,243,FOODS
P01,FOODS_3_586,2015-09-23,366,243,FOODS
P01,FOODS_3_586,2015-09-24,400,243,FOODS
P01,FOODS_3_586,2015-09-25,449,243,FOODS
P01,FOODS_3_586,2015-09-26,523,244,FOODS
P01,FOODS_3_586,2015-09-27,494,244,FOODS
P01,FOODS_3_586,2015-09-28,325,244,FOODS
P01,FOODS_3_586,2015-09-29,306,244,FOODS
P01,FOODS_3_586,2015-09-30,288,244,FOODS
P01,FOODS_3_586,2015-10-01,403,244,FOODS
P01,FOODS_3_586,2015-10-02,489,244,FOODS
P01,FOODS_3_586,2015-10-03,566,245,FOODS
P01,FOODS_3_586,2015-10-04,586,245,FOODS
P01,FOODS_3_586,2015-10-05,451,245,FOODS
P01,FOODS_3_586,2015-10-06,466,245,FOODS
P01,FOODS_3_586,2015-10-07,418,245,FOODS
P01,FOODS_3_586,2015-10-08,394,245,FOODS
P01,FOODS_3_586,2015-10-09,475,245,FOODS
P01,FOODS_3_586,2015-10-10,583,246,FOODS
P01,FOODS_3_586,2015-10-11,607,246,FOODS
P01,FOODS_3_586,2015-10-12,485,246,FOODS
P01,FOODS_3_586,2015-10-13,466,246,FOODS
P01,FOODS_3_586,2015-10-14,414,246,FOODS
P01,FOODS_3_586,2015-10-15,424,246,FOODS
P01,FOODS_3_586,2015-10-16,495,246,FOODS
P01,FOODS_3_586,2015-10-17,542,247,FOODS
P01,FOODS_3_586,2015-10-18,554,247,FOODS
P01,FOODS_3_586,2015-10-19,380,247,FOODS
P01,FOODS_3_586,2015-10-20,353,247,FOODS
P01,FOODS_3_586,2015-10-21,326,247,FOODS
P01,FOODS_3_586,2015-10-22,405,247,FOODS
P01,FOODS_3_586,2015-10-23,463,247,FOODS
P01,FOODS_3_586,2015-10-24,459,248,FOODS
P01,FOODS_3_586,2015-10-25,509,248,FOODS
P01,FOODS_3_586,2015-10-26,416,248,FOODS
P01,FOODS_3_586,2015-10-27,420,248,FOODS
P01,FOODS_3_586,2015-10-28,375,248,FOODS
P01,FOODS_3_586,2015-10-29,500,248,FOODS
P01,FOODS_3_586,2015-10-30,539,248,FOODS
P01,FOODS_3_586,2015-10-31,580,249,FOODS
P01,FOODS_3_586,2015-11-01,526,249,FOODS
P01,FOODS_3_586,2015-11-02,357,249,FOODS
P01,FOODS_3_586,2015-11-03,381,249,FOODS
P01,FOODS_3_586,2015-11-04,347,249,FOODS
P01,FOODS_3_586,2015-11-05,411,249,FOODS
P01,FOODS_3_586,2015-11-06,432,249,FOODS
P01,FOODS_3_586,2015-11-07,510,250,FOODS
P01,FOODS_3_586,2015-11-08,553,250,FOODS
P01,FOODS_3_586,2015-11-09,364,250,FOODS
P01,FOODS_3_586,2015-11-10,397,250,FOODS
P01,FOODS_3_586,2015-11-11,401,250,FOODS
P01,FOODS_3_586,2015-11-12,404,250,FOODS
P01,FOODS_3_586,2015-11-13,457,250,FOODS
P01,FOODS_3_586,2015-11-14,557,251,FOODS
P01,FOODS_3_586,2015-11-15,568,251,FOODS
P01,FOODS_3_586,2015-11-16,359,251,FOODS
P01,FOODS_3_586,2015-11-17,344,251,FOODS
P01,FOODS_3_586,2015-11-18,397,251,FOODS
P01,FOODS_3_586,2015-11-19,369,251,FOODS
P01,FOODS_3_586,2015-11-20,453,251,FOODS
P01,FOODS_3_586,2015-11-21,578,252,FOODS
P01,FOODS_3_586,2015-11-22,613,252,FOODS
P01,FOODS_3_586,2015-11-23,407,252,FOODS
P01,FOODS_3_586,2015-11-24,442,252,FOODS
P01,FOODS_3_586,2015-11-25,516,252,FOODS
P01,FOODS_3_586,2015-11-26,656,252,FOODS
P01,FOODS_3_586,2015-11-27,629,252,FOODS
P01,FOODS_3_586,2015-11-28,455,253,FOODS
P01,FOODS_3_586,2015-11-29,518,253,FOODS
P01,FOODS_3_586,2015-11-30,332,253,FOODS
P01,FOODS_3_586,2015-12-01,413,253,FOODS
P01,FOODS_3_586,2015-12-02,359,253,FOODS
P01,FOODS_3_586,2015-12-03,427,253,FOODS
P01,FOODS_3_586,2015-12-04,488,253,FOODS
P01,FOODS_3_586,2015-12-05,663,254,FOODS
P01,FOODS_3_586,2015-12-06,665,254,FOODS
P01,FOODS_3_586,2015-12-07,382,254,FOODS
P01,FOODS_3_586,2015-12-08,418,254,FOODS
P01,FOODS_3_586,2015-12-09,408,254,FOODS
P01,FOODS_3_586,2015-12-10,436,254,FOODS
P01,FOODS_3_586,2015-12-11,495,254,FOODS
P01,FOODS_3_586,2015-12-12,614,255,FOODS
P01,FOODS_3_586,2015-12-13,588,255,FOODS
P01,FOODS_3_586,2015-12-14,430,255,FOODS
P01,FOODS_3_586,2015-12-15,495,255,FOODS
P01,FOODS_3_586,2015-12-16,474,255,FOODS
P01,FOODS_3_586,2015-12-17,504,255,FOODS
P01,FOODS_3_586,2015-12-18,465,255,FOODS
P01,FOODS_3_586,2015-12-19,615,256,FOODS
P01,FOODS_3_586,2015-12-20,630,256,FOODS
P01,FOODS_3_586,2015-12-21,488,256,FOODS
P01,FOODS_3_586,2015-12-22,512,256,FOODS
P01,FOODS_3_586,2015-12-23,676,256,FOODS
P01,FOODS_3_586,2015-12-24,688,256,FOODS
P01,FOODS_3_586,2015-12-25,0,256,FOODS
P01,FOODS_3_586,2015-12-26,523,257,FOODS
P01,FOODS_3_586,2015-12-27,392,257,FOODS
P01,FOODS_3_586,2015-12-28,292,257,FOODS
P01,FOODS_3_586,2015-12-29,294,257,FOODS
P01,FOODS_3_586,2015-12-30,344,257,FOODS
P01,FOODS_3_586,2015-12-31,425,257,FOODS
P01,FOODS_3_586,2016-01-01,378,257,FOODS
P01,FOODS_3_586,2016-01-02,433,258,FOODS
P01,FOODS_3_586,2016-01-03,449,258,FOODS
P01,FOODS_3_586,2016-01-04,337,258,FOODS
P01,FOODS_3_586,2016-01-05,339,258,FOODS
P01,FOODS_3_586,2016-01-06,339,258,FOODS
P01,FOODS_3_586,2016-01-07,361,258,FOODS
P01,FOODS_3_586,2016-01-08,374,258,FOODS
P01,FOODS_3_586,2016-01-09,422,259,FOODS
P01,FOODS_3_586,2016-01-10,412,259,FOODS
P01,FOODS_3_586,2016-01-11,346,259,FOODS
P01,FOODS_3_586,2016-01-12,305,259,FOODS
P01,FOODS_3_586,2016-01-13,306,259,FOODS
P01,FOODS_3_586,2016-01-14,303,259,FOODS
P01,FOODS_3_586,2016-01-15,379,259,FOODS
P01,FOODS_3_586,2016-01-16,453,260,FOODS
P01,FOODS_3_586,2016-01-17,421,260,FOODS
P01,FOODS_3_586,2016-01-18,368,260,FOODS
P01,FOODS_3_586,2016-01-19,311,260,FOODS
P01,FOODS_3_586,2016-01-20,324,260,FOODS
P01,FOODS_3_586,2016-01-21,324,260,FOODS
P01,FOODS_3_586,2016-01-22,355,260,FOODS
P01,FOODS_3_586,2016-01-23,459,261,FOODS
P01,FOODS_3_586,2016-01-24,468,261,FOODS
P01,FOODS_3_586,2016-01-25,312,261,FOODS
P01,FOODS_3_586,2016-01-26,274,261,FOODS
P01,FOODS_3_586,2016-01-27,300,261,FOODS
P01,FOODS_3_586,2016-01-28,301,261,FOODS
P01,FOODS_3_586,2016-01-29,338,261,FOODS
P01,FOODS_3_586,2016-01-30,439,262,FOODS
P01,FOODS_3_586,2016-01-31,437,262,FOODS
P01,FOODS_3_586,2016-02-01,376,262,FOODS
P01,FOODS_3_586,2016-02-02,321,262,FOODS
P01,FOODS_3_586,2016-02-03,383,262,FOODS
P01,FOODS_3_586,2016-02-04,325,262,FOODS
P01,FOODS_3_586,2016-02-05,364,262,FOODS
P01,FOODS_3_586,2016-02-06,517,263,FOODS
P01,FOODS_3_586,2016-02-07,464,263,FOODS
P01,FOODS_3_586,2016-02-08,353,263,FOODS
P01,FOODS_3_586,2016-02-09,356,263,FOODS
P01,FOODS_3_586,2016-02-10,398,263,FOODS
P01,FOODS_3_586,2016-02-11,518,263,FOODS
P01,FOODS_3_586,2016-02-12,504,263,FOODS
P01,FOODS_3_586,2016-02-13,636,264,FOODS
P01,FOODS_3_586,2016-02-14,535,264,FOODS
P01,FOODS_3_586,2016-02-15,456,264,FOODS
P01,FOODS_3_586,2016-02-16,382,264,FOODS
P01,FOODS_3_586,2016-02-17,362,264,FOODS
P01,FOODS_3_586,2016-02-18,304,264,FOODS
P01,FOODS_3_586,2016-02-19,402,264,FOODS
P01,FOODS_3_586,2016-02-20,542,265,FOODS
P01,FOODS_3_586,2016-02-21,532,265,FOODS
P01,FOODS_3_586,2016-02-22,336,265,FOODS
P01,FOODS_3_586,2016-02-23,378,265,FOODS
P01,FOODS_3_586,2016-02-24,319,265,FOODS
P01,FOODS_3_586,2016-02-25,390,265,FOODS
P01,FOODS_3_586,2016-02-26,373,265,FOODS
P01,FOODS_3_586,2016-02-27,545,266,FOODS
P01,FOODS_3_586,2016-02-28,492,266,FOODS
P01,FOODS_3_586,2016-02-29,359,266,FOODS
P01,FOODS_3_586,2016-03-01,393,266,FOODS
P01,FOODS_3_586,2016-03-02,382,266,FOODS
P01,FOODS_3_586,2016-03-03,426,266,FOODS
P01,FOODS_3_586,2016-03-04,384,266,FOODS
P01,FOODS_3_586,2016-03-05,457,267,FOODS
P01,FOODS_3_586,2016-03-06,515,267,FOODS
P01,FOODS_3_586,2016-03-07,383,267,FOODS
P01,FOODS_3_586,2016-03-08,354,267,FOODS
P01,FOODS_3_586,2016-03-09,367,267,FOODS
P01,FOODS_3_586,2016-03-10,402,267,FOODS
P01,FOODS_3_586,2016-03-11,392,267,FOODS
P01,FOODS_3_586,2016-03-12,508,268,FOODS
P01,FOODS_3_586,2016-03-13,481,268,FOODS
P01,FOODS_3_586,2016-03-14,403,268,FOODS
P01,FOODS_3_586,2016-03-15,363,268,FOODS
P01,FOODS_3_586,2016-03-16,354,268,FOODS
P01,FOODS_3_586,2016-03-17,393,268,FOODS
P01,FOODS_3_586,2016-03-18,367,268,FOODS
P01,FOODS_3_586,2016-03-19,419,269,FOODS
P01,FOODS_3_586,2016-03-20,434,269,FOODS
P01,FOODS_3_586,2016-03-21,313,269,FOODS
P01,FOODS_3_586,2016-03-22,335,269,FOODS
P01,FOODS_3_586,2016-03-23,361,269,FOODS
P01,FOODS_3_586,2016-03-24,391,269,FOODS
P01,FOODS_3_586,2016-03-25,504,269,FOODS
P01,FOODS_3_586,2016-03-26,635,270,FOODS
P01,FOODS_3_586,2016-03-27,579,270,FOODS
P01,FOODS_3_586,2016-03-28,339,270,FOODS
P01,FOODS_3_586,2016-03-29,290,270,FOODS
P01,FOODS_3_586,2016-03-30,300,270,FOODS
P01,FOODS_3_586,2016-03-31,332,270,FOODS
P01,FOODS_3_586,2016-04-01,405,270,FOODS
P01,FOODS_3_586,2016-04-02,485,271,FOODS
P01,FOODS_3_586,2016-04-03,506,271,FOODS
P01,FOODS_3_586,2016-04-04,362,271,FOODS
P01,FOODS_3_586,2016-04-05,411,271,FOODS
P01,FOODS_3_586,2016-04-06,366,271,FOODS
P01,FOODS_3_586,2016-04-07,427,271,FOODS
P01,FOODS_3_586,2016-04-08,409,271,FOODS
P01,FOODS_3_586,2016-04-09,511,272,FOODS
P01,FOODS_3_586,2016-04-10,502,272,FOODS
P01,FOODS_3_586,2016-04-11,381,272,FOODS
P01,FOODS_3_586,2016-04-12,306,272,FOODS
P01,FOODS_3_586,2016-04-13,343,272,FOODS
P01,FOODS_3_586,2016-04-14,369,272,FOODS
P01,FOODS_3_586,2016-04-15,396,272,FOODS
P01,FOODS_3_586,2016-04-16,481,273,FOODS
P01,FOODS_3_586,2016-04-17,530,273,FOODS
P01,FOODS_3_586,2016-04-18,391,273,FOODS
P01,FOODS_3_586,2016-04-19,434,273,FOODS
P01,FOODS_3_586,2016-04-20,373,273,FOODS
P01,FOODS_3_586,2016-04-21,365,273,FOODS
P01,FOODS_3_586,2016-04-22,381,273,FOODS
P02,FOODS_1_218,2011-01-29,56,1,FOODS
P02,FOODS_1_218,2011-01-30,45,1,FOODS
P02,FOODS_1_218,2011-01-31,48,1,FOODS
P02,FOODS_1_218,2011-02-01,28,1,FOODS
P02,FOODS_1_218,2011-02-02,22,1,FOODS
P02,FOODS_1_218,2011-02-03,47,1,FOODS
P02,FOODS_1_218,2011-02-04,43,1,FOODS
P02,FOODS_1_218,2011-02-05,53,2,FOODS
P02,FOODS_1_218,2011-02-06,35,2,FOODS
P02,FOODS_1_218,2011-02-07,33,2,FOODS
P02,FOODS_1_218,2011-02-08,25,2,FOODS
P02,FOODS_1_218,2011-02-09,22,2,FOODS
P02,FOODS_1_218,2011-02-10,20,2,FOODS
P02,FOODS_1_218,2011-02-11,25,2,FOODS
P02,FOODS_1_218,2011-02-12,27,3,FOODS
P02,FOODS_1_218,2011-02-13,26,3,FOODS
P02,FOODS_1_218,2011-02-14,26,3,FOODS
P02,FOODS_1_218,2011-02-15,20,3,FOODS
P02,FOODS_1_218,2011-02-16,18,3,FOODS
P02,FOODS_1_218,2011-02-17,14,3,FOODS
P02,FOODS_1_218,2011-02-18,12,3,FOODS
P02,FOODS_1_218,2011-02-19,19,4,FOODS
P02,FOODS_1_218,2011-02-20,19,4,FOODS
P02,FOODS_1_218,2011-02-21,14,4,FOODS
P02,FOODS_1_218,2011-02-22,28,4,FOODS
P02,FOODS_1_218,2011-02-23,15,4,FOODS
P02,FOODS_1_218,2011-02-24,13,4,FOODS
P02,FOODS_1_218,2011-02-25,11,4,FOODS
P02,FOODS_1_218,2011-02-26,17,5,FOODS
P02,FOODS_1_218,2011-02-27,12,5,FOODS
P02,FOODS_1_218,2011-02-28,19,5,FOODS
P02,FOODS_1_218,2011-03-01,47,5,FOODS
P02,FOODS_1_218,2011-03-02,35,5,FOODS
P02,FOODS_1_218,2011-03-03,54,5,FOODS
P02,FOODS_1_218,2011-03-04,49,5,FOODS
P02,FOODS_1_218,2011-03-05,58,6,FOODS
P02,FOODS_1_218,2011-03-06,49,6,FOODS
P02,FOODS_1_218,2011-03-07,23,6,FOODS
P02,FOODS_1_218,2011-03-08,19,6,FOODS
P02,FOODS_1_218,2011-03-09,30,6,FOODS
P02,FOODS_1_218,2011-03-10,18,6,FOODS
P02,FOODS_1_218,2011-03-11,27,6,FOODS
P02,FOODS_1_218,2011-03-12,37,7,FOODS
P02,FOODS_1_218,2011-03-13,18,7,FOODS
P02,FOODS_1_218,2011-03-14,16,7,FOODS
P02,FOODS_1_218,2011-03-15,22,7,FOODS
P02,FOODS_1_218,2011-03-16,24,7,FOODS
P02,FOODS_1_218,2011-03-17,19,7,FOODS
P02,FOODS_1_218,2011-03-18,29,7,FOODS
P02,FOODS_1_218,2011-03-19,22,8,FOODS
P02,FOODS_1_218,2011-03-20,24,8,FOODS
P02,FOODS_1_218,2011-03-21,35,8,FOODS
P02,FOODS_1_218,2011-03-22,32,8,FOODS
P02,FOODS_1_218,2011-03-23,30,8,FOODS
P02,FOODS_1_218,2011-03-24,41,8,FOODS
P02,FOODS_1_218,2011-03-25,44,8,FOODS
P02,FOODS_1_218,2011-03-26,64,9,FOODS
P02,FOODS_1_218,2011-03-27,46,9,FOODS
P02,FOODS_1_218,2011-03-28,49,9,FOODS
P02,FOODS_1_218,2011-03-29,53,9,FOODS
P02,FOODS_1_218,2011-03-30,28,9,FOODS
P02,FOODS_1_218,2011-03-31,43,9,FOODS
P02,FOODS_1_218,2011-04-01,54,9,FOODS
P02,FOODS_1_218,2011-04-02,61,10,FOODS
P02,FOODS_1_218,2011-04-03,91,10,FOODS
P02,FOODS_1_218,2011-04-04,63,10,FOODS
P02,FOODS_1_218,2011-04-05,41,10,FOODS
P02,FOODS_1_218,2011-04-06,33,10,FOODS
P02,FOODS_1_218,2011-04-07,41,10,FOODS
P02,FOODS_1_218,2011-04-08,42,10,FOODS
P02,FOODS_1_218,2011-04-09,42,11,FOODS
P02,FOODS_1_218,2011-04-10,38,11,FOODS
P02,FOODS_1_218,2011-04-11,18,11,FOODS
P02,FOODS_1_218,2011-04-12,15,11,FOODS
P02,FOODS_1_218,2011-04-13,7,11,FOODS
P02,FOODS_1_218,2011-04-14,22,11,FOODS
P02,FOODS_1_218,2011-04-15,23,11,FOODS
P02,FOODS_1_218,2011-04-16,46,12,FOODS
P02,FOODS_1_218,2011-04-17,21,12,FOODS
P02,FOODS_1_218,2011-04-18,8,12,FOODS
P02,FOODS_1_218,2011-04-19,21,12,FOODS
P02,FOODS_1_218,2011-04-20,17,12,FOODS
P02,FOODS_1_218,2011-04-21,14,12,FOODS
P02,FOODS_1_218,2011-04-22,23,12,FOODS
P02,FOODS_1_218,2011-04-23,56,13,FOODS
P02,FOODS_1_218,2011-04-24,37,13,FOODS
P02,FOODS_1_218,2011-04-25,11,13,FOODS
P02,FOODS_1_218,2011-04-26,13,13,FOODS
P02,FOODS_1_218,2011-04-27,17,13,FOODS
P02,FOODS_1_218,2011-04-28,16,13,FOODS
P02,FOODS_1_218,2011-04-29,31,13,FOODS
P02,FOODS_1_218,2011-04-30,20,14,FOODS
P02,FOODS_1_218,2011-05-01,30,14,FOODS
P02,FOODS_1_218,2011-05-02,20,14,FOODS
P02,FOODS_1_218,2011-05-03,77,14,FOODS
P02,FOODS_1_218,2011-05-04,24,14,FOODS
P02,FOODS_1_218,2011-05-05,36,14,FOODS
P02,FOODS_1_218,2011-05-06,42,14,FOODS
P02,FOODS_1_218,2011-05-07,58,15,FOODS
P02,FOODS_1_218,2011-05-08,44,15,FOODS
P02,FOODS_1_218,2011-05-09,49,15,FOODS
P02,FOODS_1_218,2011-05-10,18,15,FOODS
P02,FOODS_1_218,2011-05-11,27,15,FOODS
P02,FOODS_1_218,2011-05-12,35,15,FOODS
P02,FOODS_1_218,2011-05-13,34,15,FOODS
P02,FOODS_1_218,2011-05-14,51,16,FOODS
P02,FOODS_1_218,2011-05-15,39,16,FOODS
P02,FOODS_1_218,2011-05-16,32,16,FOODS
P02,FOODS_1_218,2011-05-17,28,16,FOODS
P02,FOODS_1_218,2011-05-18,22,16,FOODS
P02,FOODS_1_218,2011-05-19,25,16,FOODS
P02,FOODS_1_218,2011-05-20,23,16,FOODS
P02,FOODS_1_218,2011-05-21,36,17,FOODS
P02,FOODS_1_218,2011-05-22,24,17,FOODS
P02,FOODS_1_218,2011-05-23,24,17,FOODS
P02,FOODS_1_218,2011-05-24,26,17,FOODS
P02,FOODS_1_218,2011-05-25,37,17,FOODS
P02,FOODS_1_218,2011-05-26,42,17,FOODS
P02,FOODS_1_218,2011-05-27,43,17,FOODS
P02,FOODS_1_218,2011-05-28,38,18,FOODS
P02,FOODS_1_218,2011-05-29,28,18,FOODS
P02,FOODS_1_218,2011-05-30,17,18,FOODS
P02,FOODS_1_218,2011-05-31,21,18,FOODS
P02,FOODS_1_218,2011-06-01,16,18,FOODS
P02,FOODS_1_218,2011-06-02,42,18,FOODS
P02,FOODS_1_218,2011-06-03,60,18,FOODS
P02,FOODS_1_218,2011-06-04,50,19,FOODS
P02,FOODS_1_218,2011-06-05,33,19,FOODS
P02,FOODS_1_218,2011-06-06,32,19,FOODS
P02,FOODS_1_218,2011-06-07,21,19,FOODS
P02,FOODS_1_218,2011-06-08,24,19,FOODS
P02,FOODS_1_218,2011-06-09,20,19,FOODS
P02,FOODS_1_218,2011-06-10,35,19,FOODS
P02,FOODS_1_218,2011-06-11,55,20,FOODS
P02,FOODS_1_218,2011-06-12,51,20,FOODS
P02,FOODS_1_218,2011-06-13,40,20,FOODS
P02,FOODS_1_218,2011-06-14,52,20,FOODS
P02,FOODS_1_218,2011-06-15,46,20,FOODS
P02,FOODS_1_218,2011-06-16,36,20,FOODS
P02,FOODS_1_218,2011-06-17,45,20,FOODS
P02,FOODS_1_218,2011-06-18,52,21,FOODS
P02,FOODS_1_218,2011-06-19,34,21,FOODS
P02,FOODS_1_218,2011-06-20,18,21,FOODS
P02,FOODS_1_218,2011-06-21,45,21,FOODS
P02,FOODS_1_218,2011-06-22,59,21,FOODS
P02,FOODS_1_218,2011-06-23,74,21,FOODS
P02,FOODS_1_218,2011-06-24,70,21,FOODS
P02,FOODS_1_218,2011-06-25,137,22,FOODS
P02,FOODS_1_218,2011-06-26,108,22,FOODS
P02,FOODS_1_218,2011-06-27,69,22,FOODS
P02,FOODS_1_218,2011-06-28,38,22,FOODS
P02,FOODS_1_218,2011-06-29,63,22,FOODS
P02,FOODS_1_218,2011-06-30,52,22,FOODS
P02,FOODS_1_218,2011-07-01,118,22,FOODS
P02,FOODS_1_218,2011-07-02,166,23,FOODS
P02,FOODS_1_218,2011-07-03,123,23,FOODS
P02,FOODS_1_218,2011-07-04,127,23,FOODS
P02,FOODS_1_218,2011-07-05,138,23,FOODS
P02,FOODS_1_218,2011-07-06,115,23,FOODS
P02,FOODS_1_218,2011-07-07,143,23,FOODS
P02,FOODS_1_218,2011-07-08,135,23,FOODS
P02,FOODS_1_218,2011-07-09,132,24,FOODS
P02,FOODS_1_218,2011-07-10,141,24,FOODS
P02,FOODS_1_218,2011-07-11,73,24,FOODS
P02,FOODS_1_218,2011-07-12,98,24,FOODS
P02,FOODS_1_218,2011-07-13,117,24,FOODS
P02,FOODS_1_218,2011-07-14,93,24,FOODS
P02,FOODS_1_218,2011-07-15,99,24,FOODS
P02,FOODS_1_218,2011-07-16,137,25,FOODS
P02,FOODS_1_218,2011-07-17,75,25,FOODS
P02,FOODS_1_218,2011-07-18,87,25,FOODS
P02,FOODS_1_218,2011-07-19,138,25,FOODS
P02,FOODS_1_218,2011-07-20,106,25,FOODS
P02,FOODS_1_218,2011-07-21,139,25,FOODS
P02,FOODS_1_218,2011-07-22,152,25,FOODS
P02,FOODS_1_218,2011-07-23,180,26,FOODS
P02,FOODS_1_218,2011-07-24,97,26,FOODS
P02,FOODS_1_218,2011-07-25,76,26,FOODS
P02,FOODS_1_218,2011-07-26,82,26,FOODS
P02,FOODS_1_218,2011-07-27,120,26,FOODS
P02,FOODS_1_218,2011-07-28,136,26,FOODS
P02,FOODS_1_218,2011-07-29,145,26,FOODS
P02,FOODS_1_218,2011-07-30,174,27,FOODS
P02,FOODS_1_218,2011-07-31,27,27,FOODS
P02,FOODS_1_218,2011-08-01,9,27,FOODS
P02,FOODS_1_218,2011-08-02,18,27,FOODS
P02,FOODS_1_218,2011-08-03,7,27,FOODS
P02,FOODS_1_218,2011-08-04,1,27,FOODS
P02,FOODS_1_218,2011-08-05,40,27,FOODS
P02,FOODS_1_218,2011-08-06,30,28,FOODS
P02,FOODS_1_218,2011-08-07,109,28,FOODS
P02,FOODS_1_218,2011-08-08,78,28,FOODS
P02,FOODS_1_218,2011-08-09,96,28,FOODS
P02,FOODS_1_218,2011-08-10,74,28,FOODS
P02,FOODS_1_218,2011-08-11,62,28,FOODS
P02,FOODS_1_218,2011-08-12,100,28,FOODS
P02,FOODS_1_218,2011-08-13,139,29,FOODS
P02,FOODS_1_218,2011-08-14,108,29,FOODS
P02,FOODS_1_218,2011-08-15,79,29,FOODS
P02,FOODS_1_218,2011-08-16,129,29,FOODS
P02,FOODS_1_218,2011-08-17,105,29,FOODS
P02,FOODS_1_218,2011-08-18,79,29,FOODS
P02,FOODS_1_218,2011-08-19,139,29,FOODS
P02,FOODS_1_218,2011-08-20,157,30,FOODS
P02,FOODS_1_218,2011-08-21,126,30,FOODS
P02,FOODS_1_218,2011-08-22,60,30,FOODS
P02,FOODS_1_218,2011-08-23,125,30,FOODS
P02,FOODS_1_218,2011-08-24,88,30,FOODS
P02,FOODS_1_218,2011-08-25,148,30,FOODS
P02,FOODS_1_218,2011-08-26,110,30,FOODS
P02,FOODS_1_218,2011-08-27,153,31,FOODS
P02,FOODS_1_218,2011-08-28,138,31,FOODS
P02,FOODS_1_218,2011-08-29,76,31,FOODS
P02,FOODS_1_218,2011-08-30,107,31,FOODS
P02,FOODS_1_218,2011-08-31,119,31,FOODS
P02,FOODS_1_218,2011-09-01,153,31,FOODS
P02,FOODS_1_218,2011-09-02,188,31,FOODS
P02,FOODS_1_218,2011-09-03,183,32,FOODS
P02,FOODS_1_218,2011-09-04,113,32,FOODS
P02,FOODS_1_218,2011-09-05,147,32,FOODS
P02,FOODS_1_218,2011-09-06,93,32,FOODS
P02,FOODS_1_218,2011-09-07,86,32,FOODS
P02,FOODS_1_218,2011-09-08,143,32,FOODS
P02,FOODS_1_218,2011-09-09,150,32,FOODS
P02,FOODS_1_218,2011-09-10,189,33,FOODS
P02,FOODS_1_218,2011-09-11,135,33,FOODS
P02,FOODS_1_218,2011-09-12,110,33,FOODS
P02,FOODS_1_218,2011-09-13,171,33,FOODS
P02,FOODS_1_218,2011-09-14,158,33,FOODS
P02,FOODS_1_218,2011-09-15,166,33,FOODS
P02,FOODS_1_218,2011-09-16,164,33,FOODS
P02,FOODS_1_218,2011-09-17,245,34,FOODS
P02,FOODS_1_218,2011-09-18,173,34,FOODS
P02,FOODS_1_218,2011-09-19,111,34,FOODS
P02,FOODS_1_218,2011-09-20,138,34,FOODS
P02,FOODS_1_218,2011-09-21,95,34,FOODS
P02,FOODS_1_218,2011-09-22,114,34,FOODS
P02,FOODS_1_218,2011-09-23,158,34,FOODS
P02,FOODS_1_218,2011-09-24,189,35,FOODS
P02,FOODS_1_218,2011-09-25,143,35,FOODS
P02,FOODS_1_218,2011-09-26,143,35,FOODS
P02,FOODS_1_218,2011-09-27,116,35,FOODS
P02,FOODS_1_218,2011-09-28,103,35,FOODS
P02,FOODS_1_218,2011-09-29,174,35,FOODS
P02,FOODS_1_218,2011-09-30,208,35,FOODS
P02,FOODS_1_218,2011-10-01,233,36,FOODS
P02,FOODS_1_218,2011-10-02,163,36,FOODS
P02,FOODS_1_218,2011-10-03,168,36,FOODS
P02,FOODS_1_218,2011-10-04,149,36,FOODS
P02,FOODS_1_218,2011-10-05,117,36,FOODS
P02,FOODS_1_218,2011-10-06,112,36,FOODS
P02,FOODS_1_218,2011-10-07,143,36,FOODS
P02,FOODS_1_218,2011-10-08,188,37,FOODS
P02,FOODS_1_218,2011-10-09,127,37,FOODS
P02,FOODS_1_218,2011-10-10,103,37,FOODS
P02,FOODS_1_218,2011-10-11,137,37,FOODS
P02,FOODS_1_218,2011-10-12,147,37,FOODS
P02,FOODS_1_218,2011-10-13,126,37,FOODS
P02,FOODS_1_218,2011-10-14,145,37,FOODS
P02,FOODS_1_218,2011-10-15,193,38,FOODS
P02,FOODS_1_218,2011-10-16,115,38,FOODS
P02,FOODS_1_218,2011-10-17,139,38,FOODS
P02,FOODS_1_218,2011-10-18,116,38,FOODS
P02,FOODS_1_218,2011-10-19,132,38,FOODS
P02,FOODS_1_218,2011-10-20,95,38,FOODS
P02,FOODS_1_218,2011-10-21,160,38,FOODS
P02,FOODS_1_218,2011-10-22,158,39,FOODS
P02,FOODS_1_218,2011-10-23,143,39,FOODS
P02,FOODS_1_218,2011-10-24,89,39,FOODS
P02,FOODS_1_218,2011-10-25,117,39,FOODS
P02,FOODS_1_218,2011-10-26,113,39,FOODS
P02,FOODS_1_218,2011-10-27,123,39,FOODS
P02,FOODS_1_218,2011-10-28,117,39,FOODS
P02,FOODS_1_218,2011-10-29,150,40,FOODS
P02,FOODS_1_218,2011-10-30,150,40,FOODS
P02,FOODS_1_218,2011-10-31,102,40,FOODS
P02,FOODS_1_218,2011-11-01,121,40,FOODS
P02,FOODS_1_218,2011-11-02,107,40,FOODS
P02,FOODS_1_218,2011-11-03,124,40,FOODS
P02,FOODS_1_218,2011-11-04,117,40,FOODS
P02,FOODS_1_218,2011-11-05,88,41,FOODS
P02,FOODS_1_218,2011-11-06,109,41,FOODS
P02,FOODS_1_218,2011-11-07,81,41,FOODS
P02,FOODS_1_218,2011-11-08,106,41,FOODS
P02,FOODS_1_218,2011-11-09,93,41,FOODS
P02,FOODS_1_218,2011-11-10,82,41,FOODS
P02,FOODS_1_218,2011-11-11,122,41,FOODS
P02,FOODS_1_218,2011-11-12,117,42,FOODS
P02,FOODS_1_218,2011-11-13,99,42,FOODS
P02,FOODS_1_218,2011-11-14,69,42,FOODS
P02,FOODS_1_218,2011-11-15,108,42,FOODS
P02,FOODS_1_218,2011-11-16,97,42,FOODS
P02,FOODS_1_218,2011-11-17,94,42,FOODS
P02,FOODS_1_218,2011-11-18,101,42,FOODS
P02,FOODS_1_218,2011-11-19,159,43,FOODS
P02,FOODS_1_218,2011-11-20,83,43,FOODS
P02,FOODS_1_218,2011-11-21,88,43,FOODS
P02,FOODS_1_218,2011-11-22,110,43,FOODS
P02,FOODS_1_218,2011-11-23,136,43,FOODS
P02,FOODS_1_218,2011-11-24,63,43,FOODS
P02,FOODS_1_218,2011-11-25,145,43,FOODS
P02,FOODS_1_218,2011-11-26,172,44,FOODS
P02,FOODS_1_218,2011-11-27,199,44,FOODS
P02,FOODS_1_218,2011-11-28,100,44,FOODS
P02,FOODS_1_218,2011-11-29,148,44,FOODS
P02,FOODS_1_218,2011-11-30,113,44,FOODS
P02,FOODS_1_218,2011-12-01,131,44,FOODS
P02,FOODS_1_218,2011-12-02,225,44,FOODS
P02,FOODS_1_218,2011-12-03,188,45,FOODS
P02,FOODS_1_218,2011-12-04,149,45,FOODS
P02,FOODS_1_218,2011-12-05,158,45,FOODS
P02,FOODS_1_218,2011-12-06,131,45,FOODS
P02,FOODS_1_218,2011-12-07,133,45,FOODS
P02,FOODS_1_218,2011-12-08,141,45,FOODS
P02,FOODS_1_218,2011-12-09,136,45,FOODS
P02,FOODS_1_218,2011-12-10,134,46,FOODS
P02,FOODS_1_218,2011-12-11,122,46,FOODS
P02,FOODS_1_218,2011-12-12,72,46,FOODS
P02,FOODS_1_218,2011-12-13,106,46,FOODS
P02,FOODS_1_218,2011-12-14,95,46,FOODS
P02,FOODS_1_218,2011-12-15,85,46,FOODS
P02,FOODS_1_218,2011-12-16,114,46,FOODS
P02,FOODS_1_218,2011-12-17,111,47,FOODS
P02,FOODS_1_218,2011-12-18,79,47,FOODS
P02,FOODS_1_218,2011-12-19,77,47,FOODS
P02,FOODS_1_218,2011-12-20,82,47,FOODS
P02,FOODS_1_218,2011-12-21,102,47,FOODS
P02,FOODS_1_218,2011-12-22,95,47,FOODS
P02,FOODS_1_218,2011-12-23,145,47,FOODS
P02,FOODS_1_218,2011-12-24,81,48,FOODS
P02,FOODS_1_218,2011-12-25,0,48,FOODS
P02,FOODS_1_218,2011-12-26,90,48,FOODS
P02,FOODS_1_218,2011-12-27,72,48,FOODS
P02,FOODS_1_218,2011-12-28,57,48,FOODS
P02,FOODS_1_218,2011-12-29,87,48,FOODS
P02,FOODS_1_218,2011-12-30,105,48,FOODS
P02,FOODS_1_218,2011-12-31,167,49,FOODS
P02,FOODS_1_218,2012-01-01,84,49,FOODS
P02,FOODS_1_218,2012-01-02,106,49,FOODS
P02,FOODS_1_218,2012-01-03,128,49,FOODS
P02,FOODS_1_218,2012-01-04,96,49,FOODS
P02,FOODS_1_218,2012-01-05,81,49,FOODS
P02,FOODS_1_218,2012-01-06,115,49,FOODS
P02,FOODS_1_218,2012-01-07,160,50,FOODS
P02,FOODS_1_218,2012-01-08,138,50,FOODS
P02,FOODS_1_218,2012-01-09,101,50,FOODS
P02,FOODS_1_218,2012-01-10,86,50,FOODS
P02,FOODS_1_218,2012-01-11,99,50,FOODS
P02,FOODS_1_218,2012-01-12,103,50,FOODS
P02,FOODS_1_218,2012-01-13,126,50,FOODS
P02,FOODS_1_218,2012-01-14,173,51,FOODS
P02,FOODS_1_218,2012-01-15,106,51,FOODS
P02,FOODS_1_218,2012-01-16,131,51,FOODS
P02,FOODS_1_218,2012-01-17,102,51,FOODS
P02,FOODS_1_218,2012-01-18,129,51,FOODS
P02,FOODS_1_218,2012-01-19,137,51,FOODS
P02,FOODS_1_218,2012-01-20,329,51,FOODS
P02,FOODS_1_218,2012-01-21,376,52,FOODS
P02,FOODS_1_218,2012-01-22,342,52,FOODS
P02,FOODS_1_218,2012-01-23,187,52,FOODS
P02,FOODS_1_218,2012-01-24,185,52,FOODS
P02,FOODS_1_218,2012-01-25,144,52,FOODS
P02,FOODS_1_218,2012-01-26,178,52,FOODS
P02,FOODS_1_218,2012-01-27,295,52,FOODS
P02,FOODS_1_218,2012-01-28,393,53,FOODS
P02,FOODS_1_218,2012-01-29,295,53,FOODS
P02,FOODS_1_218,2012-01-30,198,53,FOODS
P02,FOODS_1_218,2012-01-31,189,53,FOODS
P02,FOODS_1_218,2012-02-01,260,53,FOODS
P02,FOODS_1_218,2012-02-02,202,53,FOODS
P02,FOODS_1_218,2012-02-03,265,53,FOODS
P02,FOODS_1_218,2012-02-04,391,54,FOODS
P02,FOODS_1_218,2012-02-05,329,54,FOODS
P02,FOODS_1_218,2012-02-06,215,54,FOODS
P02,FOODS_1_218,2012-02-07,227,54,FOODS
P02,FOODS_1_218,2012-02-08,223,54,FOODS
P02,FOODS_1_218,2012-02-09,242,54,FOODS
P02,FOODS_1_218,2012-02-10,276,54,FOODS
P02,FOODS_1_218,2012-02-11,400,55,FOODS
P02,FOODS_1_218,2012-02-12,368,55,FOODS
P02,FOODS_1_218,2012-02-13,279,55,FOODS
P02,FOODS_1_218,2012-02-14,232,55,FOODS
P02,FOODS_1_218,2012-02-15,195,55,FOODS
P02,FOODS_1_218,2012-02-16,175,55,FOODS
P02,FOODS_1_218,2012-02-17,229,55,FOODS
P02,FOODS_1_218,2012-02-18,329,56,FOODS
P02,FOODS_1_218,2012-02-19,335,56,FOODS
P02,FOODS_1_218,2012-02-20,230,56,FOODS
P02,FOODS_1_218,2012-02-21,175,56,FOODS
P02,FOODS_1_218,2012-02-22,200,56,FOODS
P02,FOODS_1_218,2012-02-23,174,56,FOODS
P02,FOODS_1_218,2012-02-24,196,56,FOODS
P02,FOODS_1_218,2012-02-25,282,57,FOODS
P02,FOODS_1_218,2012-02-26,301,57,FOODS
P02,FOODS_1_218,2012-02-27,260,57,FOODS
P02,FOODS_1_218,2012-02-28,246,57,FOODS
P02,FOODS_1_218,2012-02-29,255,57,FOODS
P02,FOODS_1_218,2012-03-01,331,57,FOODS
P02,FOODS_1_218,2012-03-02,278,57,FOODS
P02,FOODS_1_218,2012-03-03,357,58,FOODS
P02,FOODS_1_218,2012-03-04,288,58,FOODS
P02,FOODS_1_218,2012-03-05,233,58,FOODS
P02,FOODS_1_218,2012-03-06,209,58,FOODS
P02,FOODS_1_218,2012-03-07,187,58,FOODS
P02,FOODS_1_218,2012-03-08,158,58,FOODS
P02,FOODS_1_218,2012-03-09,180,58,FOODS
P02,FOODS_1_218,2012-03-10,275,59,FOODS
P02,FOODS_1_218,2012-03-11,244,59,FOODS
P02,FOODS_1_218,2012-03-12,196,59,FOODS
P02,FOODS_1_218,2012-03-13,192,59,FOODS
P02,FOODS_1_218,2012-03-14,153,59,FOODS
P02,FOODS_1_218,2012-03-15,159,59,FOODS
P02,FOODS_1_218,2012-03-16,222,59,FOODS
P02,FOODS_1_218,2012-03-17,288,60,FOODS
P02,FOODS_1_218,2012-03-18,248,60,FOODS
P02,FOODS_1_218,2012-03-19,139,60,FOODS
P02,FOODS_1_218,2012-03-20,175,60,FOODS
P02,FOODS_1_218,2012-03-21,151,60,FOODS
P02,FOODS_1_218,2012-03-22,164,60,FOODS
P02,FOODS_1_218,2012-03-23,218,60,FOODS
P02,FOODS_1_218,2012-03-24,240,61,FOODS
P02,FOODS_1_218,2012-03-25,253,61,FOODS
P02,FOODS_1_218,2012-03-26,164,61,FOODS
P02,FOODS_1_218,2012-03-27,199,61,FOODS
P02,FOODS_1_218,2012-03-28,207,61,FOODS
P02,FOODS_1_218,2012-03-29,208,61,FOODS
P02,FOODS_1_218,2012-03-30,236,61,FOODS
P02,FOODS_1_218,2012-03-31,283,62,FOODS
P02,FOODS_1_218,2012-04-01,243,62,FOODS
P02,FOODS_1_218,2012-04-02,244,62,FOODS
P02,FOODS_1_218,2012-04-03,246,62,FOODS
P02,FOODS_1_218,2012-04-04,220,62,FOODS
P02,FOODS_1_218,2012-04-05,232,62,FOODS
P02,FOODS_1_218,2012-04-06,271,62,FOODS
P02,FOODS_1_218,2012-04-07,345,63,FOODS
P02,FOODS_1_218,2012-04-08,222,63,FOODS
P02,FOODS_1_218,2012-04-09,167,63,FOODS
P02,FOODS_1_218,2012-04-10,146,63,FOODS
P02,FOODS_1_218,2012-04-11,155,63,FOODS
P02,FOODS_1_218,2012-04-12,205,63,FOODS
P02,FOODS_1_218,2012-04-13,172,63,FOODS
P02,FOODS_1_218,2012-04-14,208,64,FOODS
P02,FOODS_1_218,2012-04-15,131,64,FOODS
P02,FOODS_1_218,2012-04-16,123,64,FOODS
P02,FOODS_1_218,2012-04-17,93,64,FOODS
P02,FOODS_1_218,2012-04-18,91,64,FOODS
P02,FOODS_1_218,2012-04-19,81,64,FOODS
P02,FOODS_1_218,2012-04-20,74,64,FOODS
P02,FOODS_1_218,2012-04-21,123,65,FOODS
P02,FOODS_1_218,2012-04-22,119,65,FOODS
P02,FOODS_1_218,2012-04-23,115,65,FOODS
P02,FOODS_1_218,2012-04-24,127,65,FOODS
P02,FOODS_1_218,2012-04-25,140,65,FOODS
P02,FOODS_1_218,2012-04-26,102,65,FOODS
P02,FOODS_1_218,2012-04-27,173,65,FOODS
P02,FOODS_1_218,2012-04-28,270,66,FOODS
P02,FOODS_1_218,2012-04-29,206,66,FOODS
P02,FOODS_1_218,2012-04-30,123,66,FOODS
P02,FOODS_1_218,2012-05-01,145,66,FOODS
P02,FOODS_1_218,2012-05-02,113,66,FOODS
P02,FOODS_1_218,2012-05-03,174,66,FOODS
P02,FOODS_1_218,2012-05-04,197,66,FOODS
P02,FOODS_1_218,2012-05-05,196,67,FOODS
P02,FOODS_1_218,2012-05-06,164,67,FOODS
P02,FOODS_1_218,2012-05-07,97,67,FOODS
P02,FOODS_1_218,2012-05-08,194,67,FOODS
P02,FOODS_1_218,2012-05-09,166,67,FOODS
P02,FOODS_1_218,2012-05-10,207,67,FOODS
P02,FOODS_1_218,2012-05-11,185,67,FOODS
P02,FOODS_1_218,2012-05-12,288,68,FOODS
P02,FOODS_1_218,2012-05-13,226,68,FOODS
P02,FOODS_1_218,2012-05-14,118,68,FOODS
P02,FOODS_1_218,2012-05-15,119,68,FOODS
P02,FOODS_1_218,2012-05-16,119,68,FOODS
P02,FOODS_1_218,2012-05-17,133,68,FOODS
P02,FOODS_1_218,2012-05-18,113,68,FOODS
P02,FOODS_1_218,2012-05-19,152,69,FOODS
P02,FOODS_1_218,2012-05-20,139,69,FOODS
P02,FOODS_1_218,2012-05-21,98,69,FOODS
P02,FOODS_1_218,2012-05-22,129,69,FOODS
P02,FOODS_1_218,2012-05-23,133,69,FOODS
P02,FOODS_1_218,2012-05-24,141,69,FOODS
P02,FOODS_1_218,2012-05-25,138,69,FOODS
P02,FOODS_1_218,2012-05-26,192,70,FOODS
P02,FOODS_1_218,2012-05-27,193,70,FOODS
P02,FOODS_1_218,2012-05-28,160,70,FOODS
P02,FOODS_1_218,2012-05-29,103,70,FOODS
P02,FOODS_1_218,2012-05-30,125,70,FOODS
P02,FOODS_1_218,2012-05-31,175,70,FOODS
P02,FOODS_1_218,2012-06-01,296,70,FOODS
P02,FOODS_1_218,2012-06-02,304,71,FOODS
P02,FOODS_1_218,2012-06-03,286,71,FOODS
P02,FOODS_1_218,2012-06-04,255,71,FOODS
P02,FOODS_1_218,2012-06-05,256,71,FOODS
P02,FOODS_1_218,2012-06-06,223,71,FOODS
P02,FOODS_1_218,2012-06-07,211,71,FOODS
P02,FOODS_1_218,2012-06-08,309,71,FOODS
P02,FOODS_1_218,2012-06-09,308,72,FOODS
P02,FOODS_1_218,2012-06-10,272,72,FOODS
P02,FOODS_1_218,2012-06-11,196,72,FOODS
P02,FOODS_1_218,2012-06-12,203,72,FOODS
P02,FOODS_1_218,2012-06-13,189,72,FOODS
P02,FOODS_1_218,2012-06-14,144,72,FOODS
P02,FOODS_1_218,2012-06-15,186,72,FOODS
P02,FOODS_1_218,2012-06-16,250,73,FOODS
P02,FOODS_1_218,2012-06-17,197,73,FOODS
P02,FOODS_1_218,2012-06-18,192,73,FOODS
P02,FOODS_1_218,2012-06-19,163,73,FOODS
P02,FOODS_1_218,2012-06-20,152,73,FOODS
P02,FOODS_1_218,2012-06-21,210,73,FOODS
P02,FOODS_1_218,2012-06-22,242,73,FOODS
P02,FOODS_1_218,2012-06-23,188,74,FOODS
P02,FOODS_1_218,2012-06-24,204,74,FOODS
P02,FOODS_1_218,2012-06-25,163,74,FOODS
P02,FOODS_1_218,2012-06-26,161,74,FOODS
P02,FOODS_1_218,2012-06-27,147,74,FOODS
P02,FOODS_1_218,2012-06-28,136,74,FOODS
P02,FOODS_1_218,2012-06-29,211,74,FOODS
P02,FOODS_1_218,2012-06-30,263,75,FOODS
P02,FOODS_1_218,2012-07-01,303,75,FOODS
P02,FOODS_1_218,2012-07-02,225,75,FOODS
P02,FOODS_1_218,2012-07-03,283,75,FOODS
P02,FOODS_1_218,2012-07-04,252,75,FOODS
P02,FOODS_1_218,2012-07-05,285,75,FOODS
P02,FOODS_1_218,2012-07-06,253,75,FOODS
P02,FOODS_1_218,2012-07-07,221,76,FOODS
P02,FOODS_1_218,2012-07-08,285,76,FOODS
P02,FOODS_1_218,2012-07-09,173,76,FOODS
P02,FOODS_1_218,2012-07-10,184,76,FOODS
P02,FOODS_1_218,2012-07-11,167,76,FOODS
P02,FOODS_1_218,2012-07-12,226,76,FOODS
P02,FOODS_1_218,2012-07-13,245,76,FOODS
P02,FOODS_1_218,2012-07-14,232,77,FOODS
P02,FOODS_1_218,2012-07-15,212,77,FOODS
P02,FOODS_1_218,2012-07-16,172,77,FOODS
P02,FOODS_1_218,2012-07-17,200,77,FOODS
P02,FOODS_1_218,2012-07-18,176,77,FOODS
P02,FOODS_1_218,2012-07-19,194,77,FOODS
P02,FOODS_1_218,2012-07-20,230,77,FOODS
P02,FOODS_1_218,2012-07-21,244,78,FOODS
P02,FOODS_1_218,2012-07-22,182,78,FOODS
P02,FOODS_1_218,2012-07-23,162,78,FOODS
P02,FOODS_1_218,2012-07-24,128,78,FOODS
P02,FOODS_1_218,2012-07-25,154,78,FOODS
P02,FOODS_1_218,2012-07-26,156,78,FOODS
P02,FOODS_1_218,2012-07-27,177,78,FOODS
P02,FOODS_1_218,2012-07-28,217,79,FOODS
P02,FOODS_1_218,2012-07-29,191,79,FOODS
P02,FOODS_1_218,2012-07-30,153,79,FOODS
P02,FOODS_1_218,2012-07-31,194,79,FOODS
P02,FOODS_1_218,2012-08-01,216,79,FOODS
P02,FOODS_1_218,2012-08-02,217,79,FOODS
P02,FOODS_1_218,2012-08-03,225,79,FOODS
P02,FOODS_1_218,2012-08-04,244,80,FOODS
P02,FOODS_1_218,2012-08-05,249,80,FOODS
P02,FOODS_1_218,2012-08-06,202,80,FOODS
P02,FOODS_1_218,2012-08-07,164,80,FOODS
P02,FOODS_1_218,2012-08-08,202,80,FOODS
P02,FOODS_1_218,2012-08-09,223,80,FOODS
P02,FOODS_1_218,2012-08-10,179,80,FOODS
P02,FOODS_1_218,2012-08-11,275,81,FOODS
P02,FOODS_1_218,2012-08-12,205,81,FOODS
P02,FOODS_1_218,2012-08-13,154,81,FOODS
P02,FOODS_1_218,2012-08-14,195,81,FOODS
P02,FOODS_1_218,2012-08-15,235,81,FOODS
P02,FOODS_1_218,2012-08-16,212,81,FOODS
P02,FOODS_1_218,2012-08-17,212,81,FOODS
P02,FOODS_1_218,2012-08-18,270,82,FOODS
P02,FOODS_1_218,2012-08-19,239,82,FOODS
P02,FOODS_1_218,2012-08-20,189,82,FOODS
P02,FOODS_1_218,2012-08-21,159,82,FOODS
P02,FOODS_1_218,2012-08-22,178,82,FOODS
P02,FOODS_1_218,2012-08-23,159,82,FOODS
P02,FOODS_1_218,2012-08-24,179,82,FOODS
P02,FOODS_1_218,2012-08-25,221,83,FOODS
P02,FOODS_1_218,2012-08-26,230,83,FOODS
P02,FOODS_1_218,2012-08-27,160,83,FOODS
P02,FOODS_1_218,2012-08-28,155,83,FOODS
P02,FOODS_1_218,2012-08-29,191,83,FOODS
P02,FOODS_1_218,2012-08-30,198,83,FOODS
P02,FOODS_1_218,2012-08-31,299,83,FOODS
P02,FOODS_1_218,2012-09-01,375,84,FOODS
P02,FOODS_1_218,2012-09-02,276,84,FOODS
P02,FOODS_1_218,2012-09-03,215,84,FOODS
P02,FOODS_1_218,2012-09-04,176,84,FOODS
P02,FOODS_1_218,2012-09-05,167,84,FOODS
P02,FOODS_1_218,2012-09-06,111,84,FOODS
P02,FOODS_1_218,2012-09-07,146,84,FOODS
P02,FOODS_1_218,2012-09-08,223,85,FOODS
P02,FOODS_1_218,2012-09-09,198,85,FOODS
P02,FOODS_1_218,2012-09-10,123,85,FOODS
P02,FOODS_1_218,2012-09-11,156,85,FOODS
P02,FOODS_1_218,2012-09-12,169,85,FOODS
P02,FOODS_1_218,2012-09-13,209,85,FOODS
P02,FOODS_1_218,2012-09-14,204,85,FOODS
P02,FOODS_1_218,2012-09-15,276,86,FOODS
P02,FOODS_1_218,2012-09-16,235,86,FOODS
P02,FOODS_1_218,2012-09-17,123,86,FOODS
P02,FOODS_1_218,2012-09-18,145,86,FOODS
P02,FOODS_1_218,2012-09-19,186,86,FOODS
P02,FOODS_1_218,2012-09-20,143,86,FOODS
P02,FOODS_1_218,2012-09-21,146,86,FOODS
P02,FOODS_1_218,2012-09-22,293,87,FOODS
P02,FOODS_1_218,2012-09-23,234,87,FOODS
P02,FOODS_1_218,2012-09-24,123,87,FOODS
P02,FOODS_1_218,2012-09-25,146,87,FOODS
P02,FOODS_1_218,2012-09-26,156,87,FOODS
P02,FOODS_1_218,2012-09-27,178,87,FOODS
P02,FOODS_1_218,2012-09-28,197,87,FOODS
P02,FOODS_1_218,2012-09-29,249,88,FOODS
P02,FOODS_1_218,2012-09-30,199,88,FOODS
P02,FOODS_1_218,2012-10-01,151,88,FOODS
P02,FOODS_1_218,2012-10-02,160,88,FOODS
P02,FOODS_1_218,2012-10-03,147,88,FOODS
P02,FOODS_1_218,2012-10-04,157,88,FOODS
P02,FOODS_1_218,2012-10-05,150,88,FOODS
P02,FOODS_1_218,2012-10-06,234,89,FOODS
P02,FOODS_1_218,2012-10-07,250,89,FOODS
P02,FOODS_1_218,2012-10-08,177,89,FOODS
P02,FOODS_1_218,2012-10-09,166,89,FOODS
P02,FOODS_1_218,2012-10-10,131,89,FOODS
P02,FOODS_1_218,2012-10-11,155,89,FOODS
P02,FOODS_1_218,2012-10-12,195,89,FOODS
P02,FOODS_1_218,2012-10-13,246,90,FOODS
P02,FOODS_1_218,2012-10-14,186,90,FOODS
P02,FOODS_1_218,2012-10-15,143,90,FOODS
P02,FOODS_1_218,2012-10-16,220,90,FOODS
P02,FOODS_1_218,2012-10-17,170,90,FOODS
P02,FOODS_1_218,2012-10-18,141,90,FOODS
P02,FOODS_1_218,2012-10-19,199,90,FOODS
P02,FOODS_1_218,2012-10-20,231,91,FOODS
P02,FOODS_1_218,2012-10-21,182,91,FOODS
P02,FOODS_1_218,2012-10-22,148,91,FOODS
P02,FOODS_1_218,2012-10-23,160,91,FOODS
P02,FOODS_1_218,2012-10-24,199,91,FOODS
P02,FOODS_1_218,2012-10-25,161,91,FOODS
P02,FOODS_1_218,2012-10-26,175,91,FOODS
P02,FOODS_1_218,2012-10-27,201,92,FOODS
P02,FOODS_1_218,2012-10-28,180,92,FOODS
P02,FOODS_1_218,2012-10-29,125,92,FOODS
P02,FOODS_1_218,2012-10-30,117,92,FOODS
P02,FOODS_1_218,2012-10-31,122,92,FOODS
P02,FOODS_1_218,2012-11-01,142,92,FOODS
P02,FOODS_1_218,2012-11-02,174,92,FOODS
P02,FOODS_1_218,2012-11-03,222,93,FOODS
P02,FOODS_1_218,2012-11-04,169,93,FOODS
P02,FOODS_1_218,2012-11-05,134,93,FOODS
P02,FOODS_1_218,2012-11-06,141,93,FOODS
P02,FOODS_1_218,2012-11-07,152,93,FOODS
P02,FOODS_1_218,2012-11-08,172,93,FOODS
P02,FOODS_1_218,2012-11-09,164,93,FOODS
P02,FOODS_1_218,2012-11-10,235,94,FOODS
P02,FOODS_1_218,2012-11-11,190,94,FOODS
P02,FOODS_1_218,2012-11-12,156,94,FOODS
P02,FOODS_1_218,2012-11-13,146,94,FOODS
P02,FOODS_1_218,2012-11-14,136,94,FOODS
P02,FOODS_1_218,2012-11-15,86,94,FOODS
P02,FOODS_1_218,2012-11-16,138,94,FOODS
P02,FOODS_1_218,2012-11-17,155,95,FOODS
P02,FOODS_1_218,2012-11-18,152,95,FOODS
P02,FOODS_1_218,2012-11-19,130,95,FOODS
P02,FOODS_1_218,2012-11-20,154,95,FOODS
P02,FOODS_1_218,2012-11-21,175,95,FOODS
P02,FOODS_1_218,2012-11-22,56,95,FOODS
P02,FOODS_1_218,2012-11-23,197,95,FOODS
P02,FOODS_1_218,2012-11-24,166,96,FOODS
P02,FOODS_1_218,2012-11-25,134,96,FOODS
P02,FOODS_1_218,2012-11-26,131,96,FOODS
P02,FOODS_1_218,2012-11-27,124,96,FOODS
P02,FOODS_1_218,2012-11-28,130,96,FOODS
P02,FOODS_1_218,2012-11-29,152,96,FOODS
P02,FOODS_1_218,2012-11-30,171,96,FOODS
P02,FOODS_1_218,2012-12-01,229,97,FOODS
P02,FOODS_1_218,2012-12-02,199,97,FOODS
P02,FOODS_1_218,2012-12-03,175,97,FOODS
P02,FOODS_1_218,2012-12-04,134,97,FOODS
P02,FOODS_1_218,2012-12-05,154,97,FOODS
P02,FOODS_1_218,2012-12-06,92,97,FOODS
P02,FOODS_1_218,2012-12-07,99,97,FOODS
P02,FOODS_1_218,2012-12-08,119,98,FOODS
P02,FOODS_1_218,2012-12-09,104,98,FOODS
P02,FOODS_1_218,2012-12-10,76,98,FOODS
P02,FOODS_1_218,2012-12-11,90,98,FOODS
P02,FOODS_1_218,2012-12-12,67,98,FOODS
P02,FOODS_1_218,2012-12-13,68,98,FOODS
P02,FOODS_1_218,2012-12-14,122,98,FOODS
P02,FOODS_1_218,2012-12-15,195,99,FOODS
P02,FOODS_1_218,2012-12-16,152,99,FOODS
P02,FOODS_1_218,2012-12-17,104,99,FOODS
P02,FOODS_1_218,2012-12-18,114,99,FOODS
P02,FOODS_1_218,2012-12-19,114,99,FOODS
P02,FOODS_1_218,2012-12-20,101,99,FOODS
P02,FOODS_1_218,2012-12-21,154,99,FOODS
P02,FOODS_1_218,2012-12-22,175,100,FOODS
P02,FOODS_1_218,2012-12-23,198,100,FOODS
P02,FOODS_1_218,2012-12-24,172,100,FOODS
P02,FOODS_1_218,2012-12-25,0,100,FOODS
P02,FOODS_1_218,2012-12-26,134,100,FOODS
P02,FOODS_1_218,2012-12-27,144,100,FOODS
P02,FOODS_1_218,2012-12-28,167,100,FOODS
P02,FOODS_1_218,2012-12-29,241,101,FOODS
P02,FOODS_1_218,2012-12-30,182,101,FOODS
P02,FOODS_1_218,2012-12-31,164,101,FOODS
P02,FOODS_1_218,2013-01-01,176,101,FOODS
P02,FOODS_1_218,2013-01-02,148,101,FOODS
P02,FOODS_1_218,2013-01-03,138,101,FOODS
P02,FOODS_1_218,2013-01-04,125,101,FOODS
P02,FOODS_1_218,2013-01-05,157,102,FOODS
P02,FOODS_1_218,2013-01-06,181,102,FOODS
P02,FOODS_1_218,2013-01-07,155,102,FOODS
P02,FOODS_1_218,2013-01-08,130,102,FOODS
P02,FOODS_1_218,2013-01-09,145,102,FOODS
P02,FOODS_1_218,2013-01-10,124,102,FOODS
P02,FOODS_1_218,2013-01-11,141,102,FOODS
P02,FOODS_1_218,2013-01-12,164,103,FOODS
P02,FOODS_1_218,2013-01-13,151,103,FOODS
P02,FOODS_1_218,2013-01-14,130,103,FOODS
P02,FOODS_1_218,2013-01-15,119,103,FOODS
P02,FOODS_1_218,2013-01-16,100,103,FOODS
P02,FOODS_1_218,2013-01-17,138,103,FOODS
P02,FOODS_1_218,2013-01-18,178,103,FOODS
P02,FOODS_1_218,2013-01-19,251,104,FOODS
P02,FOODS_1_218,2013-01-20,211,104,FOODS
P02,FOODS_1_218,2013-01-21,145,104,FOODS
P02,FOODS_1_218,2013-01-22,138,104,FOODS
P02,FOODS_1_218,2013-01-23,115,104,FOODS
P02,FOODS_1_218,2013-01-24,140,104,FOODS
P02,FOODS_1_218,2013-01-25,168,104,FOODS
P02,FOODS_1_218,2013-01-26,145,105,FOODS
P02,FOODS_1_218,2013-01-27,142,105,FOODS
P02,FOODS_1_218,2013-01-28,88,105,FOODS
P02,FOODS_1_218,2013-01-29,93,105,FOODS
P02,FOODS_1_218,2013-01-30,75,105,FOODS
P02,FOODS_1_218,2013-01-31,118,105,FOODS
P02,FOODS_1_218,2013-02-01,203,105,FOODS
P02,FOODS_1_218,2013-02-02,268,106,FOODS
P02,FOODS_1_218,2013-02-03,196,106,FOODS
P02,FOODS_1_218,2013-02-04,152,106,FOODS
P02,FOODS_1_218,2013-02-05,210,106,FOODS
P02,FOODS_1_218,2013-02-06,136,106,FOODS
P02,FOODS_1_218,2013-02-07,169,106,FOODS
P02,FOODS_1_218,2013-02-08,239,106,FOODS
P02,FOODS_1_218,2013-02-09,281,107,FOODS
P02,FOODS_1_218,2013-02-10,191,107,FOODS
P02,FOODS_1_218,2013-02-11,145,107,FOODS
P02,FOODS_1_218,2013-02-12,113,107,FOODS
P02,FOODS_1_218,2013-02-13,160,107,FOODS
P02,FOODS_1_218,2013-02-14,142,107,FOODS
P02,FOODS_1_218,2013-02-15,178,107,FOODS
P02,FOODS_1_218,2013-02-16,181,108,FOODS
P02,FOODS_1_218,2013-02-17,210,108,FOODS
P02,FOODS_1_218,2013-02-18,133,108,FOODS
P02,FOODS_1_218,2013-02-19,101,108,FOODS
P02,FOODS_1_218,2013-02-20,103,108,FOODS
P02,FOODS_1_218,2013-02-21,92,108,FOODS
P02,FOODS_1_218,2013-02-22,149,108,FOODS
P02,FOODS_1_218,2013-02-23,187,109,FOODS
P02,FOODS_1_218,2013-02-24,152,109,FOODS
P02,FOODS_1_218,2013-02-25,109,109,FOODS
P02,FOODS_1_218,2013-02-26,88,109,FOODS
P02,FOODS_1_218,2013-02-27,111,109,FOODS
P02,FOODS_1_218,2013-02-28,59,109,FOODS
P02,FOODS_1_218,2013-03-01,78,109,FOODS
P02,FOODS_1_218,2013-03-02,104,110,FOODS
P02,FOODS_1_218,2013-03-03,83,110,FOODS
P02,FOODS_1_218,2013-03-04,109,110,FOODS
P02,FOODS_1_218,2013-03-05,69,110,FOODS
P02,FOODS_1_218,2013-03-06,100,110,FOODS
P02,FOODS_1_218,2013-03-07,119,110,FOODS
P02,FOODS_1_218,2013-03-08,150,110,FOODS
P02,FOODS_1_218,2013-03-09,190,111,FOODS
P02,FOODS_1_218,2013-03-10,111,111,FOODS
P02,FOODS_1_218,2013-03-11,79,111,FOODS
P02,FOODS_1_218,2013-03-12,112,111,FOODS
P02,FOODS_1_218,2013-03-13,111,111,FOODS
P02,FOODS_1_218,2013-03-14,103,111,FOODS
P02,FOODS_1_218,2013-03-15,103,111,FOODS
P02,FOODS_1_218,2013-03-16,152,112,FOODS
P02,FOODS_1_218,2013-03-17,224,112,FOODS
P02,FOODS_1_218,2013-03-18,160,112,FOODS
P02,FOODS_1_218,2013-03-19,194,112,FOODS
P02,FOODS_1_218,2013-03-20,153,112,FOODS
P02,FOODS_1_218,2013-03-21,209,112,FOODS
P02,FOODS_1_218,2013-03-22,219,112,FOODS
P02,FOODS_1_218,2013-03-23,231,113,FOODS
P02,FOODS_1_218,2013-03-24,179,113,FOODS
P02,FOODS_1_218,2013-03-25,110,113,FOODS
P02,FOODS_1_218,2013-03-26,119,113,FOODS
P02,FOODS_1_218,2013-03-27,110,113,FOODS
P02,FOODS_1_218,2013-03-28,127,113,FOODS
P02,FOODS_1_218,2013-03-29,167,113,FOODS
P02,FOODS_1_218,2013-03-30,197,114,FOODS
P02,FOODS_1_218,2013-03-31,115,114,FOODS
P02,FOODS_1_218,2013-04-01,53,114,FOODS
P02,FOODS_1_218,2013-04-02,64,114,FOODS
P02,FOODS_1_218,2013-04-03,76,114,FOODS
P02,FOODS_1_218,2013-04-04,59,114,FOODS
P02,FOODS_1_218,2013-04-05,69,114,FOODS
P02,FOODS_1_218,2013-04-06,99,115,FOODS
P02,FOODS_1_218,2013-04-07,85,115,FOODS
P02,FOODS_1_218,2013-04-08,50,115,FOODS
P02,FOODS_1_218,2013-04-09,65,115,FOODS
P02,FOODS_1_218,2013-04-10,74,115,FOODS
P02,FOODS_1_218,2013-04-11,72,115,FOODS
P02,FOODS_1_218,2013-04-12,68,115,FOODS
P02,FOODS_1_218,2013-04-13,81,116,FOODS
P02,FOODS_1_218,2013-04-14,64,116,FOODS
P02,FOODS_1_218,2013-04-15,57,116,FOODS
P02,FOODS_1_218,2013-04-16,90,116,FOODS
P02,FOODS_1_218,2013-04-17,99,116,FOODS
P02,FOODS_1_218,2013-04-18,85,116,FOODS
P02,FOODS_1_218,2013-04-19,101,116,FOODS
P02,FOODS_1_218,2013-04-20,130,117,FOODS
P02,FOODS_1_218,2013-04-21,110,117,FOODS
P02,FOODS_1_218,2013-04-22,62,117,FOODS
P02,FOODS_1_218,2013-04-23,42,117,FOODS
P02,FOODS_1_218,2013-04-24,45,117,FOODS
P02,FOODS_1_218,2013-04-25,31,117,FOODS
P02,FOODS_1_218,2013-04-26,49,117,FOODS
P02,FOODS_1_218,2013-04-27,73,118,FOODS
P02,FOODS_1_218,2013-04-28,90,118,FOODS
P02,FOODS_1_218,2013-04-29,63,118,FOODS
P02,FOODS_1_218,2013-04-30,75,118,FOODS
P02,FOODS_1_218,2013-05-01,89,118,FOODS
P02,FOODS_1_218,2013-05-02,152,118,FOODS
P02,FOODS_1_218,2013-05-03,147,118,FOODS
P02,FOODS_1_218,2013-05-04,162,119,FOODS
P02,FOODS_1_218,2013-05-05,146,119,FOODS
P02,FOODS_1_218,2013-05-06,79,119,FOODS
P02,FOODS_1_218,2013-05-07,127,119,FOODS
P02,FOODS_1_218,2013-05-08,95,119,FOODS
P02,FOODS_1_218,2013-05-09,106,119,FOODS
P02,FOODS_1_218,2013-05-10,111,119,FOODS
P02,FOODS_1_218,2013-05-11,178,120,FOODS
P02,FOODS_1_218,2013-05-12,134,120,FOODS
P02,FOODS_1_218,2013-05-13,98,120,FOODS
P02,FOODS_1_218,2013-05-14,102,120,FOODS
P02,FOODS_1_218,2013-05-15,106,120,FOODS
P02,FOODS_1_218,2013-05-16,100,120,FOODS
P02,FOODS_1_218,2013-05-17,119,120,FOODS
P02,FOODS_1_218,2013-05-18,114,121,FOODS
P02,FOODS_1_218,2013-05-19,109,121,FOODS
P02,FOODS_1_218,2013-05-20,76,121,FOODS
P02,FOODS_1_218,2013-05-21,79,121,FOODS
P02,FOODS_1_218,2013-05-22,67,121,FOODS
P02,FOODS_1_218,2013-05-23,79,121,FOODS
P02,FOODS_1_218,2013-05-24,123,121,FOODS
P02,FOODS_1_218,2013-05-25,125,122,FOODS
P02,FOODS_1_218,2013-05-26,102,122,FOODS
P02,FOODS_1_218,2013-05-27,218,122,FOODS
P02,FOODS_1_218,2013-05-28,106,122,FOODS
P02,FOODS_1_218,2013-05-29,100,122,FOODS
P02,FOODS_1_218,2013-05-30,112,122,FOODS
P02,FOODS_1_218,2013-05-31,112,122,FOODS
P02,FOODS_1_218,2013-06-01,196,123,FOODS
P02,FOODS_1_218,2013-06-02,189,123,FOODS
P02,FOODS_1_218,2013-06-03,126,123,FOODS
P02,FOODS_1_218,2013-06-04,78,123,FOODS
P02,FOODS_1_218,2013-06-05,101,123,FOODS
P02,FOODS_1_218,2013-06-06,119,123,FOODS
P02,FOODS_1_218,2013-06-07,119,123,FOODS
P02,FOODS_1_218,2013-06-08,130,124,FOODS
P02,FOODS_1_218,2013-06-09,126,124,FOODS
P02,FOODS_1_218,2013-06-10,99,124,FOODS
P02,FOODS_1_218,2013-06-11,120,124,FOODS
P02,FOODS_1_218,2013-06-12,102,124,FOODS
P02,FOODS_1_218,2013-06-13,88,124,FOODS
P02,FOODS_1_218,2013-06-14,102,124,FOODS
P02,FOODS_1_218,2013-06-15,114,125,FOODS
P02,FOODS_1_218,2013-06-16,117,125,FOODS
P02,FOODS_1_218,2013-06-17,86,125,FOODS
P02,FOODS_1_218,2013-06-18,112,125,FOODS
P02,FOODS_1_218,2013-06-19,107,125,FOODS
P02,FOODS_1_218,2013-06-20,90,125,FOODS
P02,FOODS_1_218,2013-06-21,161,125,FOODS
P02,FOODS_1_218,2013-06-22,135,126,FOODS
P02,FOODS_1_218,2013-06-23,160,126,FOODS
P02,FOODS_1_218,2013-06-24,74,126,FOODS
P02,FOODS_1_218,2013-06-25,98,126,FOODS
P02,FOODS_1_218,2013-06-26,103,126,FOODS
P02,FOODS_1_218,2013-06-27,70,126,FOODS
P02,FOODS_1_218,2013-06-28,104,126,FOODS
P02,FOODS_1_218,2013-06-29,92,127,FOODS
P02,FOODS_1_218,2013-06-30,96,127,FOODS
P02,FOODS_1_218,2013-07-01,155,127,FOODS
P02,FOODS_1_218,2013-07-02,157,127,FOODS
P02,FOODS_1_218,2013-07-03,155,127,FOODS
P02,FOODS_1_218,2013-07-04,158,127,FOODS
P02,FOODS_1_218,2013-07-05,186,127,FOODS
P02,FOODS_1_218,2013-07-06,212,128,FOODS
P02,FOODS_1_218,2013-07-07,214,128,FOODS
P02,FOODS_1_218,2013-07-08,148,128,FOODS
P02,FOODS_1_218,2013-07-09,191,128,FOODS
P02,FOODS_1_218,2013-07-10,127,128,FOODS
P02,FOODS_1_218,2013-07-11,110,128,FOODS
P02,FOODS_1_218,2013-07-12,131,128,FOODS
P02,FOODS_1_218,2013-07-13,167,129,FOODS
P02,FOODS_1_218,2013-07-14,151,129,FOODS
P02,FOODS_1_218,2013-07-15,108,129,FOODS
P02,FOODS_1_218,2013-07-16,105,129,FOODS
P02,FOODS_1_218,2013-07-17,97,129,FOODS
P02,FOODS_1_218,2013-07-18,111,129,FOODS
P02,FOODS_1_218,2013-07-19,106,129,FOODS
P02,FOODS_1_218,2013-07-20,153,130,FOODS
P02,FOODS_1_218,2013-07-21,112,130,FOODS
P02,FOODS_1_218,2013-07-22,125,130,FOODS
P02,FOODS_1_218,2013-07-23,149,130,FOODS
P02,FOODS_1_218,2013-07-24,125,130,FOODS
P02,FOODS_1_218,2013-07-25,107,130,FOODS
P02,FOODS_1_218,2013-07-26,148,130,FOODS
P02,FOODS_1_218,2013-07-27,106,131,FOODS
P02,FOODS_1_218,2013-07-28,87,131,FOODS
P02,FOODS_1_218,2013-07-29,64,131,FOODS
P02,FOODS_1_218,2013-07-30,101,131,FOODS
P02,FOODS_1_218,2013-07-31,101,131,FOODS
P02,FOODS_1_218,2013-08-01,106,131,FOODS
P02,FOODS_1_218,2013-08-02,106,131,FOODS
P02,FOODS_1_218,2013-08-03,173,132,FOODS
P02,FOODS_1_218,2013-08-04,107,132,FOODS
P02,FOODS_1_218,2013-08-05,119,132,FOODS
P02,FOODS_1_218,2013-08-06,115,132,FOODS
P02,FOODS_1_218,2013-08-07,90,132,FOODS
P02,FOODS_1_218,2013-08-08,67,132,FOODS
P02,FOODS_1_218,2013-08-09,114,132,FOODS
P02,FOODS_1_218,2013-08-10,158,133,FOODS
P02,FOODS_1_218,2013-08-11,133,133,FOODS
P02,FOODS_1_218,2013-08-12,101,133,FOODS
P02,FOODS_1_218,2013-08-13,89,133,FOODS
P02,FOODS_1_218,2013-08-14,120,133,FOODS
P02,FOODS_1_218,2013-08-15,95,133,FOODS
P02,FOODS_1_218,2013-08-16,145,133,FOODS
P02,FOODS_1_218,2013-08-17,127,134,FOODS
P02,FOODS_1_218,2013-08-18,83,134,FOODS
P02,FOODS_1_218,2013-08-19,68,134,FOODS
P02,FOODS_1_218,2013-08-20,98,134,FOODS
P02,FOODS_1_218,2013-08-21,84,134,FOODS
P02,FOODS_1_218,2013-08-22,89,134,FOODS
P02,FOODS_1_218,2013-08-23,146,134,FOODS
P02,FOODS_1_218,2013-08-24,201,135,FOODS
P02,FOODS_1_218,2013-08-25,121,135,FOODS
P02,FOODS_1_218,2013-08-26,97,135,FOODS
P02,FOODS_1_218,2013-08-27,65,135,FOODS
P02,FOODS_1_218,2013-08-28,107,135,FOODS
P02,FOODS_1_218,2013-08-29,78,135,FOODS
P02,FOODS_1_218,2013-08-30,134,135,FOODS
P02,FOODS_1_218,2013-08-31,155,136,FOODS
P02,FOODS_1_218,2013-09-01,96,136,FOODS
P02,FOODS_1_218,2013-09-02,76,136,FOODS
P02,FOODS_1_218,2013-09-03,32,136,FOODS
P02,FOODS_1_218,2013-09-04,76,136,FOODS
P02,FOODS_1_218,2013-09-05,73,136,FOODS
P02,FOODS_1_218,2013-09-06,83,136,FOODS
P02,FOODS_1_218,2013-09-07,105,137,FOODS
P02,FOODS_1_218,2013-09-08,94,137,FOODS
P02,FOODS_1_218,2013-09-09,55,137,FOODS
P02,FOODS_1_218,2013-09-10,38,137,FOODS
P02,FOODS_1_218,2013-09-11,52,137,FOODS
P02,FOODS_1_218,2013-09-12,72,137,FOODS
P02,FOODS_1_218,2013-09-13,69,137,FOODS
P02,FOODS_1_218,2013-09-14,81,138,FOODS
P02,FOODS_1_218,2013-09-15,78,138,FOODS
P02,FOODS_1_218,2013-09-16,47,138,FOODS
P02,FOODS_1_218,2013-09-17,60,138,FOODS
P02,FOODS_1_218,2013-09-18,54,138,FOODS
P02,FOODS_1_218,2013-09-19,43,138,FOODS
P02,FOODS_1_218,2013-09-20,48,138,FOODS
P02,FOODS_1_218,2013-09-21,75,139,FOODS
P02,FOODS_1_218,2013-09-22,65,139,FOODS
P02,FOODS_1_218,2013-09-23,31,139,FOODS
P02,FOODS_1_218,2013-09-24,47,139,FOODS
P02,FOODS_1_218,2013-09-25,48,139,FOODS
P02,FOODS_1_218,2013-09-26,32,139,FOODS
P02,FOODS_1_218,2013-09-27,35,139,FOODS
P02,FOODS_1_218,2013-09-28,47,140,FOODS
P02,FOODS_1_218,2013-09-29,61,140,FOODS
P02,FOODS_1_218,2013-09-30,39,140,FOODS
P02,FOODS_1_218,2013-10-01,43,140,FOODS
P02,FOODS_1_218,2013-10-02,37,140,FOODS
P02,FOODS_1_218,2013-10-03,30,140,FOODS
P02,FOODS_1_218,2013-10-04,47,140,FOODS
P02,FOODS_1_218,2013-10-05,72,141,FOODS
P02,FOODS_1_218,2013-10-06,90,141,FOODS
P02,FOODS_1_218,2013-10-07,45,141,FOODS
P02,FOODS_1_218,2013-10-08,27,141,FOODS
P02,FOODS_1_218,2013-10-09,52,141,FOODS
P02,FOODS_1_218,2013-10-10,37,141,FOODS
P02,FOODS_1_218,2013-10-11,53,141,FOODS
P02,FOODS_1_218,2013-10-12,76,142,FOODS
P02,FOODS_1_218,2013-10-13,48,142,FOODS
P02,FOODS_1_218,2013-10-14,21,142,FOODS
P02,FOODS_1_218,2013-10-15,40,142,FOODS
P02,FOODS_1_218,2013-10-16,68,142,FOODS
P02,FOODS_1_218,2013-10-17,37,142,FOODS
P02,FOODS_1_218,2013-10-18,67,142,FOODS
P02,FOODS_1_218,2013-10-19,56,143,FOODS
P02,FOODS_1_218,2013-10-20,55,143,FOODS
P02,FOODS_1_218,2013-10-21,46,143,FOODS
P02,FOODS_1_218,2013-10-22,79,143,FOODS
P02,FOODS_1_218,2013-10-23,52,143,FOODS
P02,FOODS_1_218,2013-10-24,50,143,FOODS
P02,FOODS_1_218,2013-10-25,42,143,FOODS
P02,FOODS_1_218,2013-10-26,83,144,FOODS
P02,FOODS_1_218,2013-10-27,42,144,FOODS
P02,FOODS_1_218,2013-10-28,53,144,FOODS
P02,FOODS_1_218,2013-10-29,60,144,FOODS
P02,FOODS_1_218,2013-10-30,55,144,FOODS
P02,FOODS_1_218,2013-10-31,55,144,FOODS
P02,FOODS_1_218,2013-11-01,54,144,FOODS
P02,FOODS_1_218,2013-11-02,76,145,FOODS
P02,FOODS_1_218,2013-11-03,59,145,FOODS
P02,FOODS_1_218,2013-11-04,27,145,FOODS
P02,FOODS_1_218,2013-11-05,27,145,FOODS
P02,FOODS_1_218,2013-11-06,40,145,FOODS
P02,FOODS_1_218,2013-11-07,35,145,FOODS
P02,FOODS_1_218,2013-11-08,124,145,FOODS
P02,FOODS_1_218,2013-11-09,101,146,FOODS
P02,FOODS_1_218,2013-11-10,89,146,FOODS
P02,FOODS_1_218,2013-11-11,67,146,FOODS
P02,FOODS_1_218,2013-11-12,102,146,FOODS
P02,FOODS_1_218,2013-11-13,60,146,FOODS
P02,FOODS_1_218,2013-11-14,66,146,FOODS
P02,FOODS_1_218,2013-11-15,84,146,FOODS
P02,FOODS_1_218,2013-11-16,89,147,FOODS
P02,FOODS_1_218,2013-11-17,65,147,FOODS
P02,FOODS_1_218,2013-11-18,47,147,FOODS
P02,FOODS_1_218,2013-11-19,78,147,FOODS
P02,FOODS_1_218,2013-11-20,66,147,FOODS
P02,FOODS_1_218,2013-11-21,63,147,FOODS
P02,FOODS_1_218,2013-11-22,128,147,FOODS
P02,FOODS_1_218,2013-11-23,140,148,FOODS
P02,FOODS_1_218,2013-11-24,90,148,FOODS
P02,FOODS_1_218,2013-11-25,51,148,FOODS
P02,FOODS_1_218,2013-11-26,67,148,FOODS
P02,FOODS_1_218,2013-11-27,103,148,FOODS
P02,FOODS_1_218,2013-11-28,47,148,FOODS
P02,FOODS_1_218,2013-11-29,105,148,FOODS
P02,FOODS_1_218,2013-11-30,109,149,FOODS
P02,FOODS_1_218,2013-12-01,75,149,FOODS
P02,FOODS_1_218,2013-12-02,75,149,FOODS
P02,FOODS_1_218,2013-12-03,90,149,FOODS
P02,FOODS_1_218,2013-12-04,87,149,FOODS
P02,FOODS_1_218,2013-12-05,94,149,FOODS
P02,FOODS_1_218,2013-12-06,86,149,FOODS
P02,FOODS_1_218,2013-12-07,98,150,FOODS
P02,FOODS_1_218,2013-12-08,116,150,FOODS
P02,FOODS_1_218,2013-12-09,82,150,FOODS
P02,FOODS_1_218,2013-12-10,92,150,FOODS
P02,FOODS_1_218,2013-12-11,110,150,FOODS
P02,FOODS_1_218,2013-12-12,108,150,FOODS
P02,FOODS_1_218,2013-12-13,133,150,FOODS
P02,FOODS_1_218,2013-12-14,125,151,FOODS
P02,FOODS_1_218,2013-12-15,92,151,FOODS
P02,FOODS_1_218,2013-12-16,64,151,FOODS
P02,FOODS_1_218,2013-12-17,93,151,FOODS
P02,FOODS_1_218,2013-12-18,118,151,FOODS
P02,FOODS_1_218,2013-12-19,112,151,FOODS
P02,FOODS_1_218,2013-12-20,86,151,FOODS
P02,FOODS_1_218,2013-12-21,111,152,FOODS
P02,FOODS_1_218,2013-12-22,51,152,FOODS
P02,FOODS_1_218,2013-12-23,66,152,FOODS
P02,FOODS_1_218,2013-12-24,131,152,FOODS
P02,FOODS_1_218,2013-12-25,0,152,FOODS
P02,FOODS_1_218,2013-12-26,74,152,FOODS
P02,FOODS_1_218,2013-12-27,92,152,FOODS
P02,FOODS_1_218,2013-12-28,97,153,FOODS
P02,FOODS_1_218,2013-12-29,81,153,FOODS
P02,FOODS_1_218,2013-12-30,69,153,FOODS
P02,FOODS_1_218,2013-12-31,81,153,FOODS
P02,FOODS_1_218,2014-01-01,87,153,FOODS
P02,FOODS_1_218,2014-01-02,64,153,FOODS
P02,FOODS_1_218,2014-01-03,118,153,FOODS
P02,FOODS_1_218,2014-01-04,143,154,FOODS
P02,FOODS_1_218,2014-01-05,80,154,FOODS
P02,FOODS_1_218,2014-01-06,52,154,FOODS
P02,FOODS_1_218,2014-01-07,77,154,FOODS
P02,FOODS_1_218,2014-01-08,67,154,FOODS
P02,FOODS_1_218,2014-01-09,63,154,FOODS
P02,FOODS_1_218,2014-01-10,88,154,FOODS
P02,FOODS_1_218,2014-01-11,111,155,FOODS
P02,FOODS_1_218,2014-01-12,113,155,FOODS
P02,FOODS_1_218,2014-01-13,86,155,FOODS
P02,FOODS_1_218,2014-01-14,45,155,FOODS
P02,FOODS_1_218,2014-01-15,75,155,FOODS
P02,FOODS_1_218,2014-01-16,84,155,FOODS
P02,FOODS_1_218,2014-01-17,96,155,FOODS
P02,FOODS_1_218,2014-01-18,116,156,FOODS
P02,FOODS_1_218,2014-01-19,57,156,FOODS
P02,FOODS_1_218,2014-01-20,59,156,FOODS
P02,FOODS_1_218,2014-01-21,53,156,FOODS
P02,FOODS_1_218,2014-01-22,79,156,FOODS
P02,FOODS_1_218,2014-01-23,54,156,FOODS
P02,FOODS_1_218,2014-01-24,80,156,FOODS
P02,FOODS_1_218,2014-01-25,97,157,FOODS
P02,FOODS_1_218,2014-01-26,90,157,FOODS
P02,FOODS_1_218,2014-01-27,87,157,FOODS
P02,FOODS_1_218,2014-01-28,87,157,FOODS
P02,FOODS_1_218,2014-01-29,41,157,FOODS
P02,FOODS_1_218,2014-01-30,93,157,FOODS
P02,FOODS_1_218,2014-01-31,123,157,FOODS
P02,FOODS_1_218,2014-02-01,128,158,FOODS
P02,FOODS_1_218,2014-02-02,102,158,FOODS
P02,FOODS_1_218,2014-02-03,111,158,FOODS
P02,FOODS_1_218,2014-02-04,122,158,FOODS
P02,FOODS_1_218,2014-02-05,133,158,FOODS
P02,FOODS_1_218,2014-02-06,102,158,FOODS
P02,FOODS_1_218,2014-02-07,101,158,FOODS
P02,FOODS_1_218,2014-02-08,155,159,FOODS
P02,FOODS_1_218,2014-02-09,141,159,FOODS
P02,FOODS_1_218,2014-02-10,114,159,FOODS
P02,FOODS_1_218,2014-02-11,115,159,FOODS
P02,FOODS_1_218,2014-02-12,148,159,FOODS
P02,FOODS_1_218,2014-02-13,139,159,FOODS
P02,FOODS_1_218,2014-02-14,118,159,FOODS
P02,FOODS_1_218,2014-02-15,139,160,FOODS
P02,FOODS_1_218,2014-02-16,125,160,FOODS
P02,FOODS_1_218,2014-02-17,75,160,FOODS
P02,FOODS_1_218,2014-02-18,98,160,FOODS
P02,FOODS_1_218,2014-02-19,119,160,FOODS
P02,FOODS_1_218,2014-02-20,129,160,FOODS
P02,FOODS_1_218,2014-02-21,162,160,FOODS
P02,FOODS_1_218,2014-02-22,157,161,FOODS
P02,FOODS_1_218,2014-02-23,111,161,FOODS
P02,FOODS_1_218,2014-02-24,71,161,FOODS
P02,FOODS_1_218,2014-02-25,91,161,FOODS
P02,FOODS_1_218,2014-02-26,104,161,FOODS
P02,FOODS_1_218,2014-02-27,145,161,FOODS
P02,FOODS_1_218,2014-02-28,157,161,FOODS
P02,FOODS_1_218,2014-03-01,145,162,FOODS
P02,FOODS_1_218,2014-03-02,169,162,FOODS
P02,FOODS_1_218,2014-03-03,154,162,FOODS
P02,FOODS_1_218,2014-03-04,115,162,FOODS
P02,FOODS_1_218,2014-03-05,127,162,FOODS
P02,FOODS_1_218,2014-03-06,171,162,FOODS
P02,FOODS_1_218,2014-03-07,189,162,FOODS
P02,FOODS_1_218,2014-03-08,253,163,FOODS
P02,FOODS_1_218,2014-03-09,181,163,FOODS
P02,FOODS_1_218,2014-03-10,133,163,FOODS
P02,FOODS_1_218,2014-03-11,135,163,FOODS
P02,FOODS_1_218,2014-03-12,118,163,FOODS
P02,FOODS_1_218,2014-03-13,167,163,FOODS
P02,FOODS_1_218,2014-03-14,195,163,FOODS
P02,FOODS_1_218,2014-03-15,238,164,FOODS
P02,FOODS_1_218,2014-03-16,254,164,FOODS
P02,FOODS_1_218,2014-03-17,160,164,FOODS
P02,FOODS_1_218,2014-03-18,147,164,FOODS
P02,FOODS_1_218,2014-03-19,135,164,FOODS
P02,FOODS_1_218,2014-03-20,102,164,FOODS
P02,FOODS_1_218,2014-03-21,148,164,FOODS
P02,FOODS_1_218,2014-03-22,216,165,FOODS
P02,FOODS_1_218,2014-03-23,194,165,FOODS
P02,FOODS_1_218,2014-03-24,112,165,FOODS
P02,FOODS_1_218,2014-03-25,137,165,FOODS
P02,FOODS_1_218,2014-03-26,127,165,FOODS
P02,FOODS_1_218,2014-03-27,119,165,FOODS
P02,FOODS_1_218,2014-03-28,127,165,FOODS
P02,FOODS_1_218,2014-03-29,210,166,FOODS
P02,FOODS_1_218,2014-03-30,180,166,FOODS
P02,FOODS_1_218,2014-03-31,99,166,FOODS
P02,FOODS_1_218,2014-04-01,183,166,FOODS
P02,FOODS_1_218,2014-04-02,158,166,FOODS
P02,FOODS_1_218,2014-04-03,155,166,FOODS
P02,FOODS_1_218,2014-04-04,155,166,FOODS
P02,FOODS_1_218,2014-04-05,195,167,FOODS
P02,FOODS_1_218,2014-04-06,214,167,FOODS
P02,FOODS_1_218,2014-04-07,134,167,FOODS
P02,FOODS_1_218,2014-04-08,154,167,FOODS
P02,FOODS_1_218,2014-04-09,130,167,FOODS
P02,FOODS_1_218,2014-04-10,140,167,FOODS
P02,FOODS_1_218,2014-04-11,164,167,FOODS
P02,FOODS_1_218,2014-04-12,201,168,FOODS
P02,FOODS_1_218,2014-04-13,182,168,FOODS
P02,FOODS_1_218,2014-04-14,135,168,FOODS
P02,FOODS_1_218,2014-04-15,186,168,FOODS
P02,FOODS_1_218,2014-04-16,202,168,FOODS
P02,FOODS_1_218,2014-04-17,189,168,FOODS
P02,FOODS_1_218,2014-04-18,241,168,FOODS
P02,FOODS_1_218,2014-04-19,244,169,FOODS
P02,FOODS_1_218,2014-04-20,205,169,FOODS
P02,FOODS_1_218,2014-04-21,107,169,FOODS
P02,FOODS_1_218,2014-04-22,131,169,FOODS
P02,FOODS_1_218,2014-04-23,130,169,FOODS
P02,FOODS_1_218,2014-04-24,117,169,FOODS
P02,FOODS_1_218,2014-04-25,153,169,FOODS
P02,FOODS_1_218,2014-04-26,179,170,FOODS
P02,FOODS_1_218,2014-04-27,128,170,FOODS
P02,FOODS_1_218,2014-04-28,96,170,FOODS
P02,FOODS_1_218,2014-04-29,100,170,FOODS
P02,FOODS_1_218,2014-04-30,97,170,FOODS
P02,FOODS_1_218,2014-05-01,112,170,FOODS
P02,FOODS_1_218,2014-05-02,115,170,FOODS
P02,FOODS_1_218,2014-05-03,198,171,FOODS
P02,FOODS_1_218,2014-05-04,189,171,FOODS
P02,FOODS_1_218,2014-05-05,122,171,FOODS
P02,FOODS_1_218,2014-05-06,133,171,FOODS
P02,FOODS_1_218,2014-05-07,133,171,FOODS
P02,FOODS_1_218,2014-05-08,133,171,FOODS
P02,FOODS_1_218,2014-05-09,145,171,FOODS
P02,FOODS_1_218,2014-05-10,184,172,FOODS
P02,FOODS_1_218,2014-05-11,139,172,FOODS
P02,FOODS_1_218,2014-05-12,83,172,FOODS
P02,FOODS_1_218,2014-05-13,85,172,FOODS
P02,FOODS_1_218,2014-05-14,79,172,FOODS
P02,FOODS_1_218,2014-05-15,99,172,FOODS
P02,FOODS_1_218,2014-05-16,122,172,FOODS
P02,FOODS_1_218,2014-05-17,153,173,FOODS
P02,FOODS_1_218,2014-05-18,169,173,FOODS
P02,FOODS_1_218,2014-05-19,95,173,FOODS
P02,FOODS_1_218,2014-05-20,89,173,FOODS
P02,FOODS_1_218,2014-05-21,88,173,FOODS
P02,FOODS_1_218,2014-05-22,135,173,FOODS
P02,FOODS_1_218,2014-05-23,133,173,FOODS
P02,FOODS_1_218,2014-05-24,195,174,FOODS
P02,FOODS_1_218,2014-05-25,176,174,FOODS
P02,FOODS_1_218,2014-05-26,123,174,FOODS
P02,FOODS_1_218,2014-05-27,100,174,FOODS
P02,FOODS_1_218,2014-05-28,119,174,FOODS
P02,FOODS_1_218,2014-05-29,136,174,FOODS
P02,FOODS_1_218,2014-05-30,145,174,FOODS
P02,FOODS_1_218,2014-05-31,207,175,FOODS
P02,FOODS_1_218,2014-06-01,184,175,FOODS
P02,FOODS_1_218,2014-06-02,131,175,FOODS
P02,FOODS_1_218,2014-06-03,138,175,FOODS
P02,FOODS_1_218,2014-06-04,137,175,FOODS
P02,FOODS_1_218,2014-06-05,120,175,FOODS
P02,FOODS_1_218,2014-06-06,138,175,FOODS
P02,FOODS_1_218,2014-06-07,195,176,FOODS
P02,FOODS_1_218,2014-06-08,180,176,FOODS
P02,FOODS_1_218,2014-06-09,136,176,FOODS
P02,FOODS_1_218,2014-06-10,166,176,FOODS
P02,FOODS_1_218,2014-06-11,128,176,FOODS
P02,FOODS_1_218,2014-06-12,126,176,FOODS
P02,FOODS_1_218,2014-06-13,132,176,FOODS
P02,FOODS_1_218,2014-06-14,213,177,FOODS
P02,FOODS_1_218,2014-06-15,146,177,FOODS
P02,FOODS_1_218,2014-06-16,78,177,FOODS
P02,FOODS_1_218,2014-06-17,104,177,FOODS
P02,FOODS_1_218,2014-06-18,83,177,FOODS
P02,FOODS_1_218,2014-06-19,96,177,FOODS
P02,FOODS_1_218,2014-06-20,106,177,FOODS
P02,FOODS_1_218,2014-06-21,144,178,FOODS
P02,FOODS_1_218,2014-06-22,112,178,FOODS
P02,FOODS_1_218,2014-06-23,116,178,FOODS
P02,FOODS_1_218,2014-06-24,142,178,FOODS
P02,FOODS_1_218,2014-06-25,118,178,FOODS
P02,FOODS_1_218,2014-06-26,106,178,FOODS
P02,FOODS_1_218,2014-06-27,121,178,FOODS
P02,FOODS_1_218,2014-06-28,173,179,FOODS
P02,FOODS_1_218,2014-06-29,134,179,FOODS
P02,FOODS_1_218,2014-06-30,127,179,FOODS
P02,FOODS_1_218,2014-07-01,134,179,FOODS
P02,FOODS_1_218,2014-07-02,143,179,FOODS
P02,FOODS_1_218,2014-07-03,160,179,FOODS
P02,FOODS_1_218,2014-07-04,175,179,FOODS
P02,FOODS_1_218,2014-07-05,163,180,FOODS
P02,FOODS_1_218,2014-07-06,119,180,FOODS
P02,FOODS_1_218,2014-07-07,104,180,FOODS
P02,FOODS_1_218,2014-07-08,130,180,FOODS
P02,FOODS_1_218,2014-07-09,124,180,FOODS
P02,FOODS_1_218,2014-07-10,139,180,FOODS
P02,FOODS_1_218,2014-07-11,103,180,FOODS
P02,FOODS_1_218,2014-07-12,143,181,FOODS
P02,FOODS_1_218,2014-07-13,114,181,FOODS
P02,FOODS_1_218,2014-07-14,81,181,FOODS
P02,FOODS_1_218,2014-07-15,76,181,FOODS
P02,FOODS_1_218,2014-07-16,104,181,FOODS
P02,FOODS_1_218,2014-07-17,84,181,FOODS
P02,FOODS_1_218,2014-07-18,136,181,FOODS
P02,FOODS_1_218,2014-07-19,133,182,FOODS
P02,FOODS_1_218,2014-07-20,136,182,FOODS
P02,FOODS_1_218,2014-07-21,93,182,FOODS
P02,FOODS_1_218,2014-07-22,102,182,FOODS
P02,FOODS_1_218,2014-07-23,95,182,FOODS
P02,FOODS_1_218,2014-07-24,94,182,FOODS
P02,FOODS_1_218,2014-07-25,78,182,FOODS
P02,FOODS_1_218,2014-07-26,90,183,FOODS
P02,FOODS_1_218,2014-07-27,87,183,FOODS
P02,FOODS_1_218,2014-07-28,70,183,FOODS
P02,FOODS_1_218,2014-07-29,94,183,FOODS
P02,FOODS_1_218,2014-07-30,75,183,FOODS
P02,FOODS_1_218,2014-07-31,74,183,FOODS
P02,FOODS_1_218,2014-08-01,150,183,FOODS
P02,FOODS_1_218,2014-08-02,159,184,FOODS
P02,FOODS_1_218,2014-08-03,121,184,FOODS
P02,FOODS_1_218,2014-08-04,88,184,FOODS
P02,FOODS_1_218,2014-08-05,80,184,FOODS
P02,FOODS_1_218,2014-08-06,80,184,FOODS
P02,FOODS_1_218,2014-08-07,67,184,FOODS
P02,FOODS_1_218,2014-08-08,94,184,FOODS
P02,FOODS_1_218,2014-08-09,115,185,FOODS
P02,FOODS_1_218,2014-08-10,121,185,FOODS
P02,FOODS_1_218,2014-08-11,76,185,FOODS
P02,FOODS_1_218,2014-08-12,85,185,FOODS
P02,FOODS_1_218,2014-08-13,92,185,FOODS
P02,FOODS_1_218,2014-08-14,110,185,FOODS
P02,FOODS_1_218,2014-08-15,116,185,FOODS
P02,FOODS_1_218,2014-08-16,150,186,FOODS
P02,FOODS_1_218,2014-08-17,104,186,FOODS
P02,FOODS_1_218,2014-08-18,81,186,FOODS
P02,FOODS_1_218,2014-08-19,79,186,FOODS
P02,FOODS_1_218,2014-08-20,71,186,FOODS
P02,FOODS_1_218,2014-08-21,112,186,FOODS
P02,FOODS_1_218,2014-08-22,97,186,FOODS
P02,FOODS_1_218,2014-08-23,103,187,FOODS
P02,FOODS_1_218,2014-08-24,98,187,FOODS
P02,FOODS_1_218,2014-08-25,84,187,FOODS
P02,FOODS_1_218,2014-08-26,59,187,FOODS
P02,FOODS_1_218,2014-08-27,73,187,FOODS
P02,FOODS_1_218,2014-08-28,56,187,FOODS
P02,FOODS_1_218,2014-08-29,75,187,FOODS
P02,FOODS_1_218,2014-08-30,111,188,FOODS
P02,FOODS_1_218,2014-08-31,76,188,FOODS
P02,FOODS_1_218,2014-09-01,64,188,FOODS
P02,FOODS_1_218,2014-09-02,48,188,FOODS
P02,FOODS_1_218,2014-09-03,64,188,FOODS
P02,FOODS_1_218,2014-09-04,56,188,FOODS
P02,FOODS_1_218,2014-09-05,80,188,FOODS
P02,FOODS_1_218,2014-09-06,120,189,FOODS
P02,FOODS_1_218,2014-09-07,62,189,FOODS
P02,FOODS_1_218,2014-09-08,40,189,FOODS
P02,FOODS_1_218,2014-09-09,84,189,FOODS
P02,FOODS_1_218,2014-09-10,57,189,FOODS
P02,FOODS_1_218,2014-09-11,78,189,FOODS
P02,FOODS_1_218,2014-09-12,96,189,FOODS
P02,FOODS_1_218,2014-09-13,132,190,FOODS
P02,FOODS_1_218,2014-09-14,75,190,FOODS
P02,FOODS_1_218,2014-09-15,79,190,FOODS
P02,FOODS_1_218,2014-09-16,87,190,FOODS
P02,FOODS_1_218,2014-09-17,78,190,FOODS
P02,FOODS_1_218,2014-09-18,93,190,FOODS
P02,FOODS_1_218,2014-09-19,89,190,FOODS
P02,FOODS_1_218,2014-09-20,101,191,FOODS
P02,FOODS_1_218,2014-09-21,66,191,FOODS
P02,FOODS_1_218,2014-09-22,80,191,FOODS
P02,FOODS_1_218,2014-09-23,92,191,FOODS
P02,FOODS_1_218,2014-09-24,84,191,FOODS
P02,FOODS_1_218,2014-09-25,76,191,FOODS
P02,FOODS_1_218,2014-09-26,84,191,FOODS
P02,FOODS_1_218,2014-09-27,134,192,FOODS
P02,FOODS_1_218,2014-09-28,103,192,FOODS
P02,FOODS_1_218,2014-09-29,67,192,FOODS
P02,FOODS_1_218,2014-09-30,68,192,FOODS
P02,FOODS_1_218,2014-10-01,90,192,FOODS
P02,FOODS_1_218,2014-10-02,101,192,FOODS
P02,FOODS_1_218,2014-10-03,105,192,FOODS
P02,FOODS_1_218,2014-10-04,113,193,FOODS
P02,FOODS_1_218,2014-10-05,95,193,FOODS
P02,FOODS_1_218,2014-10-06,57,193,FOODS
P02,FOODS_1_218,2014-10-07,82,193,FOODS
P02,FOODS_1_218,2014-10-08,85,193,FOODS
P02,FOODS_1_218,2014-10-09,82,193,FOODS
P02,FOODS_1_218,2014-10-10,132,193,FOODS
P02,FOODS_1_218,2014-10-11,151,194,FOODS
P02,FOODS_1_218,2014-10-12,108,194,FOODS
P02,FOODS_1_218,2014-10-13,94,194,FOODS
P02,FOODS_1_218,2014-10-14,62,194,FOODS
P02,FOODS_1_218,2014-10-15,76,194,FOODS
P02,FOODS_1_218,2014-10-16,78,194,FOODS
P02,FOODS_1_218,2014-10-17,87,194,FOODS
P02,FOODS_1_218,2014-10-18,139,195,FOODS
P02,FOODS_1_218,2014-10-19,120,195,FOODS
P02,FOODS_1_218,2014-10-20,72,195,FOODS
P02,FOODS_1_218,2014-10-21,67,195,FOODS
P02,FOODS_1_218,2014-10-22,77,195,FOODS
P02,FOODS_1_218,2014-10-23,75,195,FOODS
P02,FOODS_1_218,2014-10-24,116,195,FOODS
P02,FOODS_1_218,2014-10-25,102,196,FOODS
P02,FOODS_1_218,2014-10-26,115,196,FOODS
P02,FOODS_1_218,2014-10-27,70,196,FOODS
P02,FOODS_1_218,2014-10-28,61,196,FOODS
P02,FOODS_1_218,2014-10-29,54,196,FOODS
P02,FOODS_1_218,2014-10-30,40,196,FOODS
P02,FOODS_1_218,2014-10-31,69,196,FOODS
P02,FOODS_1_218,2014-11-01,56,197,FOODS
P02,FOODS_1_218,2014-11-02,86,197,FOODS
P02,FOODS_1_218,2014-11-03,95,197,FOODS
P02,FOODS_1_218,2014-11-04,72,197,FOODS
P02,FOODS_1_218,2014-11-05,88,197,FOODS
P02,FOODS_1_218,2014-11-06,114,197,FOODS
P02,FOODS_1_218,2014-11-07,66,197,FOODS
P02,FOODS_1_218,2014-11-08,68,198,FOODS
P02,FOODS_1_218,2014-11-09,79,198,FOODS
P02,FOODS_1_218,2014-11-10,86,198,FOODS
P02,FOODS_1_218,2014-11-11,101,198,FOODS
P02,FOODS_1_218,2014-11-12,104,198,FOODS
P02,FOODS_1_218,2014-11-13,82,198,FOODS
P02,FOODS_1_218,2014-11-14,106,198,FOODS
P02,FOODS_1_218,2014-11-15,129,199,FOODS
P02,FOODS_1_218,2014-11-16,129,199,FOODS
P02,FOODS_1_218,2014-11-17,75,199,FOODS
P02,FOODS_1_218,2014-11-18,102,199,FOODS
P02,FOODS_1_218,2014-11-19,99,199,FOODS
P02,FOODS_1_218,2014-11-20,91,199,FOODS
P02,FOODS_1_218,2014-11-21,95,199,FOODS
P02,FOODS_1_218,2014-11-22,151,200,FOODS
P02,FOODS_1_218,2014-11-23,124,200,FOODS
P02,FOODS_1_218,2014-11-24,103,200,FOODS
P02,FOODS_1_218,2014-11-25,112,200,FOODS
P02,FOODS_1_218,2014-11-26,115,200,FOODS
P02,FOODS_1_218,2014-11-27,53,200,FOODS
P02,FOODS_1_218,2014-11-28,114,200,FOODS
P02,FOODS_1_218,2014-11-29,80,201,FOODS
P02,FOODS_1_218,2014-11-30,82,201,FOODS
P02,FOODS_1_218,2014-12-01,78,201,FOODS
P02,FOODS_1_218,2014-12-02,107,201,FOODS
P02,FOODS_1_218,2014-12-03,98,201,FOODS
P02,FOODS_1_218,2014-12-04,99,201,FOODS
P02,FOODS_1_218,2014-12-05,160,201,FOODS
P02,FOODS_1_218,2014-12-06,134,202,FOODS
P02,FOODS_1_218,2014-12-07,101,202,FOODS
P02,FOODS_1_218,2014-12-08,70,202,FOODS
P02,FOODS_1_218,2014-12-09,82,202,FOODS
P02,FOODS_1_218,2014-12-10,94,202,FOODS
P02,FOODS_1_218,2014-12-11,73,202,FOODS
P02,FOODS_1_218,2014-12-12,115,202,FOODS
P02,FOODS_1_218,2014-12-13,122,203,FOODS
P02,FOODS_1_218,2014-12-14,102,203,FOODS
P02,FOODS_1_218,2014-12-15,105,203,FOODS
P02,FOODS_1_218,2014-12-16,116,203,FOODS
P02,FOODS_1_218,2014-12-17,141,203,FOODS
P02,FOODS_1_218,2014-12-18,131,203,FOODS
P02,FOODS_1_218,2014-12-19,116,203,FOODS
P02,FOODS_1_218,2014-12-20,163,204,FOODS
P02,FOODS_1_218,2014-12-21,216,204,FOODS
P02,FOODS_1_218,2014-12-22,164,204,FOODS
P02,FOODS_1_218,2014-12-23,188,204,FOODS
P02,FOODS_1_218,2014-12-24,124,204,FOODS
P02,FOODS_1_218,2014-12-25,0,204,FOODS
P02,FOODS_1_218,2014-12-26,86,204,FOODS
P02,FOODS_1_218,2014-12-27,90,205,FOODS
P02,FOODS_1_218,2014-12-28,112,205,FOODS
P02,FOODS_1_218,2014-12-29,86,205,FOODS
P02,FOODS_1_218,2014-12-30,138,205,FOODS
P02,FOODS_1_218,2014-12-31,113,205,FOODS
P02,FOODS_1_218,2015-01-01,83,205,FOODS
P02,FOODS_1_218,2015-01-02,143,205,FOODS
P02,FOODS_1_218,2015-01-03,147,206,FOODS
P02,FOODS_1_218,2015-01-04,69,206,FOODS
P02,FOODS_1_218,2015-01-05,56,206,FOODS
P02,FOODS_1_218,2015-01-06,66,206,FOODS
P02,FOODS_1_218,2015-01-07,76,206,FOODS
P02,FOODS_1_218,2015-01-08,100,206,FOODS
P02,FOODS_1_218,2015-01-09,81,206,FOODS
P02,FOODS_1_218,2015-01-10,99,207,FOODS
P02,FOODS_1_218,2015-01-11,109,207,FOODS
P02,FOODS_1_218,2015-01-12,79,207,FOODS
P02,FOODS_1_218,2015-01-13,93,207,FOODS
P02,FOODS_1_218,2015-01-14,98,207,FOODS
P02,FOODS_1_218,2015-01-15,119,207,FOODS
P02,FOODS_1_218,2015-01-16,100,207,FOODS
P02,FOODS_1_218,2015-01-17,130,208,FOODS
P02,FOODS_1_218,2015-01-18,110,208,FOODS
P02,FOODS_1_218,2015-01-19,115,208,FOODS
P02,FOODS_1_218,2015-01-20,101,208,FOODS
P02,FOODS_1_218,2015-01-21,105,208,FOODS
P02,FOODS_1_218,2015-01-22,100,208,FOODS
P02,FOODS_1_218,2015-01-23,173,208,FOODS
P02,FOODS_1_218,2015-01-24,208,209,FOODS
P02,FOODS_1_218,2015-01-25,137,209,FOODS
P02,FOODS_1_218,2015-01-26,93,209,FOODS
P02,FOODS_1_218,2015-01-27,94,209,FOODS
P02,FOODS_1_218,2015-01-28,95,209,FOODS
P02,FOODS_1_218,2015-01-29,124,209,FOODS
P02,FOODS_1_218,2015-01-30,128,209,FOODS
P02,FOODS_1_218,2015-01-31,214,210,FOODS
P02,FOODS_1_218,2015-02-01,131,210,FOODS
P02,FOODS_1_218,2015-02-02,106,210,FOODS
P02,FOODS_1_218,2015-02-03,118,210,FOODS
P02,FOODS_1_218,2015-02-04,133,210,FOODS
P02,FOODS_1_218,2015-02-05,117,210,FOODS
P02,FOODS_1_218,2015-02-06,142,210,FOODS
P02,FOODS_1_218,2015-02-07,191,211,FOODS
P02,FOODS_1_218,2015-02-08,159,211,FOODS
P02,FOODS_1_218,2015-02-09,136,211,FOODS
P02,FOODS_1_218,2015-02-10,97,211,FOODS
P02,FOODS_1_218,2015-02-11,128,211,FOODS
P02,FOODS_1_218,2015-02-12,109,211,FOODS
P02,FOODS_1_218,2015-02-13,137,211,FOODS
P02,FOODS_1_218,2015-02-14,192,212,FOODS
P02,FOODS_1_218,2015-02-15,85,212,FOODS
P02,FOODS_1_218,2015-02-16,74,212,FOODS
P02,FOODS_1_218,2015-02-17,51,212,FOODS
P02,FOODS_1_218,2015-02-18,53,212,FOODS
P02,FOODS_1_218,2015-02-19,63,212,FOODS
P02,FOODS_1_218,2015-02-20,88,212,FOODS
P02,FOODS_1_218,2015-02-21,127,213,FOODS
P02,FOODS_1_218,2015-02-22,105,213,FOODS
P02,FOODS_1_218,2015-02-23,118,213,FOODS
P02,FOODS_1_218,2015-02-24,102,213,FOODS
P02,FOODS_1_218,2015-02-25,104,213,FOODS
P02,FOODS_1_218,2015-02-26,98,213,FOODS
P02,FOODS_1_218,2015-02-27,115,213,FOODS
P02,FOODS_1_218,2015-02-28,143,214,FOODS
P02,FOODS_1_218,2015-03-01,139,214,FOODS
P02,FOODS_1_218,2015-03-02,110,214,FOODS
P02,FOODS_1_218,2015-03-03,105,214,FOODS
P02,FOODS_1_218,2015-03-04,128,214,FOODS
P02,FOODS_1_218,2015-03-05,107,214,FOODS
P02,FOODS_1_218,2015-03-06,94,214,FOODS
P02,FOODS_1_218,2015-03-07,147,215,FOODS
P02,FOODS_1_218,2015-03-08,114,215,FOODS
P02,FOODS_1_218,2015-03-09,58,215,FOODS
P02,FOODS_1_218,2015-03-10,62,215,FOODS
P02,FOODS_1_218,2015-03-11,52,215,FOODS
P02,FOODS_1_218,2015-03-12,106,215,FOODS
P02,FOODS_1_218,2015-03-13,117,215,FOODS
P02,FOODS_1_218,2015-03-14,109,216,FOODS
P02,FOODS_1_218,2015-03-15,105,216,FOODS
P02,FOODS_1_218,2015-03-16,89,216,FOODS
P02,FOODS_1_218,2015-03-17,102,216,FOODS
P02,FOODS_1_218,2015-03-18,124,216,FOODS
P02,FOODS_1_218,2015-03-19,111,216,FOODS
P02,FOODS_1_218,2015-03-20,106,216,FOODS
P02,FOODS_1_218,2015-03-21,148,217,FOODS
P02,FOODS_1_218,2015-03-22,107,217,FOODS
P02,FOODS_1_218,2015-03-23,80,217,FOODS
P02,FOODS_1_218,2015-03-24,87,217,FOODS
P02,FOODS_1_218,2015-03-25,93,217,FOODS
P02,FOODS_1_218,2015-03-26,73,217,FOODS
P02,FOODS_1_218,2015-03-27,99,217,FOODS
P02,FOODS_1_218,2015-03-28,104,218,FOODS
P02,FOODS_1_218,2015-03-29,79,218,FOODS
P02,FOODS_1_218,2015-03-30,76,218,FOODS
P02,FOODS_1_218,2015-03-31,79,218,FOODS
P02,FOODS_1_218,2015-04-01,55,218,FOODS
P02,FOODS_1_218,2015-04-02,74,218,FOODS
P02,FOODS_1_218,2015-04-03,155,218,FOODS
P02,FOODS_1_218,2015-04-04,124,219,FOODS
P02,FOODS_1_218,2015-04-05,81,219,FOODS
P02,FOODS_1_218,2015-04-06,37,219,FOODS
P02,FOODS_1_218,2015-04-07,47,219,FOODS
P02,FOODS_1_218,2015-04-08,86,219,FOODS
P02,FOODS_1_218,2015-04-09,88,219,FOODS
P02,FOODS_1_218,2015-04-10,74,219,FOODS
P02,FOODS_1_218,2015-04-11,104,220,FOODS
P02,FOODS_1_218,2015-04-12,91,220,FOODS
P02,FOODS_1_218,2015-04-13,77,220,FOODS
P02,FOODS_1_218,2015-04-14,88,220,FOODS
P02,FOODS_1_218,2015-04-15,73,220,FOODS
P02,FOODS_1_218,2015-04-16,88,220,FOODS
P02,FOODS_1_218,2015-04-17,115,220,FOODS
P02,FOODS_1_218,2015-04-18,160,221,FOODS
P02,FOODS_1_218,2015-04-19,115,221,FOODS
P02,FOODS_1_218,2015-04-20,73,221,FOODS
P02,FOODS_1_218,2015-04-21,83,221,FOODS
P02,FOODS_1_218,2015-04-22,95,221,FOODS
P02,FOODS_1_218,2015-04-23,47,221,FOODS
P02,FOODS_1_218,2015-04-24,126,221,FOODS
P02,FOODS_1_218,2015-04-25,186,222,FOODS
P02,FOODS_1_218,2015-04-26,127,222,FOODS
P02,FOODS_1_218,2015-04-27,119,222,FOODS
P02,FOODS_1_218,2015-04-28,86,222,FOODS
P02,FOODS_1_218,2015-04-29,70,222,FOODS
P02,FOODS_1_218,2015-04-30,89,222,FOODS
P02,FOODS_1_218,2015-05-01,166,222,FOODS
P02,FOODS_1_218,2015-05-02,157,223,FOODS
P02,FOODS_1_218,2015-05-03,175,223,FOODS
P02,FOODS_1_218,2015-05-04,74,223,FOODS
P02,FOODS_1_218,2015-05-05,79,223,FOODS
P02,FOODS_1_218,2015-05-06,94,223,FOODS
P02,FOODS_1_218,2015-05-07,109,223,FOODS
P02,FOODS_1_218,2015-05-08,93,223,FOODS
P02,FOODS_1_218,2015-05-09,112,224,FOODS
P02,FOODS_1_218,2015-05-10,73,224,FOODS
P02,FOODS_1_218,2015-05-11,61,224,FOODS
P02,FOODS_1_218,2015-05-12,98,224,FOODS
P02,FOODS_1_218,2015-05-13,93,224,FOODS
P02,FOODS_1_218,2015-05-14,83,224,FOODS
P02,FOODS_1_218,2015-05-15,141,224,FOODS
P02,FOODS_1_218,2015-05-16,158,225,FOODS
P02,FOODS_1_218,2015-05-17,142,225,FOODS
P02,FOODS_1_218,2015-05-18,82,225,FOODS
P02,FOODS_1_218,2015-05-19,95,225,FOODS
P02,FOODS_1_218,2015-05-20,80,225,FOODS
P02,FOODS_1_218,2015-05-21,90,225,FOODS
P02,FOODS_1_218,2015-05-22,146,225,FOODS
P02,FOODS_1_218,2015-05-23,175,226,FOODS
P02,FOODS_1_218,2015-05-24,123,226,FOODS
P02,FOODS_1_218,2015-05-25,122,226,FOODS
P02,FOODS_1_218,2015-05-26,84,226,FOODS
P02,FOODS_1_218,2015-05-27,77,226,FOODS
P02,FOODS_1_218,2015-05-28,103,226,FOODS
P02,FOODS_1_218,2015-05-29,176,226,FOODS
P02,FOODS_1_218,2015-05-30,158,227,FOODS
P02,FOODS_1_218,2015-05-31,150,227,FOODS
P02,FOODS_1_218,2015-06-01,136,227,FOODS
P02,FOODS_1_218,2015-06-02,157,227,FOODS
P02,FOODS_1_218,2015-06-03,134,227,FOODS
P02,FOODS_1_218,2015-06-04,131,227,FOODS
P02,FOODS_1_218,2015-06-05,118,227,FOODS
P02,FOODS_1_218,2015-06-06,151,228,FOODS
P02,FOODS_1_218,2015-06-07,126,228,FOODS
P02,FOODS_1_218,2015-06-08,124,228,FOODS
P02,FOODS_1_218,2015-06-09,97,228,FOODS
P02,FOODS_1_218,2015-06-10,99,228,FOODS
P02,FOODS_1_218,2015-06-11,104,228,FOODS
P02,FOODS_1_218,2015-06-12,124,228,FOODS
P02,FOODS_1_218,2015-06-13,131,229,FOODS
P02,FOODS_1_218,2015-06-14,118,229,FOODS
P02,FOODS_1_218,2015-06-15,118,229,FOODS
P02,FOODS_1_218,2015-06-16,104,229,FOODS
P02,FOODS_1_218,2015-06-17,131,229,FOODS
P02,FOODS_1_218,2015-06-18,151,229,FOODS
P02,FOODS_1_218,2015-06-19,168,229,FOODS
P02,FOODS_1_218,2015-06-20,193,230,FOODS
P02,FOODS_1_218,2015-06-21,157,230,FOODS
P02,FOODS_1_218,2015-06-22,151,230,FOODS
P02,FOODS_1_218,2015-06-23,169,230,FOODS
P02,FOODS_1_218,2015-06-24,132,230,FOODS
P02,FOODS_1_218,2015-06-25,173,230,FOODS
P02,FOODS_1_218,2015-06-26,190,230,FOODS
P02,FOODS_1_218,2015-06-27,174,231,FOODS
P02,FOODS_1_218,2015-06-28,182,231,FOODS
P02,FOODS_1_218,2015-06-29,173,231,FOODS
P02,FOODS_1_218,2015-06-30,149,231,FOODS
P02,FOODS_1_218,2015-07-01,219,231,FOODS
P02,FOODS_1_218,2015-07-02,208,231,FOODS
P02,FOODS_1_218,2015-07-03,209,231,FOODS
P02,FOODS_1_218,2015-07-04,148,232,FOODS
P02,FOODS_1_218,2015-07-05,151,232,FOODS
P02,FOODS_1_218,2015-07-06,154,232,FOODS
P02,FOODS_1_218,2015-07-07,159,232,FOODS
P02,FOODS_1_218,2015-07-08,161,232,FOODS
P02,FOODS_1_218,2015-07-09,161,232,FOODS
P02,FOODS_1_218,2015-07-10,123,232,FOODS
P02,FOODS_1_218,2015-07-11,200,233,FOODS
P02,FOODS_1_218,2015-07-12,151,233,FOODS
P02,FOODS_1_218,2015-07-13,123,233,FOODS
P02,FOODS_1_218,2015-07-14,154,233,FOODS
P02,FOODS_1_218,2015-07-15,146,233,FOODS
P02,FOODS_1_218,2015-07-16,151,233,FOODS
P02,FOODS_1_218,2015-07-17,180,233,FOODS
P02,FOODS_1_218,2015-07-18,226,234,FOODS
P02,FOODS_1_218,2015-07-19,233,234,FOODS
P02,FOODS_1_218,2015-07-20,141,234,FOODS
P02,FOODS_1_218,2015-07-21,140,234,FOODS
P02,FOODS_1_218,2015-07-22,110,234,FOODS
P02,FOODS_1_218,2015-07-23,161,234,FOODS
P02,FOODS_1_218,2015-07-24,158,234,FOODS
P02,FOODS_1_218,2015-07-25,136,235,FOODS
P02,FOODS_1_218,2015-07-26,158,235,FOODS
P02,FOODS_1_218,2015-07-27,173,235,FOODS
P02,FOODS_1_218,2015-07-28,155,235,FOODS
P02,FOODS_1_218,2015-07-29,153,235,FOODS
P02,FOODS_1_218,2015-07-30,155,235,FOODS
P02,FOODS_1_218,2015-07-31,155,235,FOODS
P02,FOODS_1_218,2015-08-01,186,236,FOODS
P02,FOODS_1_218,2015-08-02,169,236,FOODS
P02,FOODS_1_218,2015-08-03,120,236,FOODS
P02,FOODS_1_218,2015-08-04,142,236,FOODS
P02,FOODS_1_218,2015-08-05,107,236,FOODS
P02,FOODS_1_218,2015-08-06,129,236,FOODS
P02,FOODS_1_218,2015-08-07,148,236,FOODS
P02,FOODS_1_218,2015-08-08,224,237,FOODS
P02,FOODS_1_218,2015-08-09,179,237,FOODS
P02,FOODS_1_218,2015-08-10,164,237,FOODS
P02,FOODS_1_218,2015-08-11,155,237,FOODS
P02,FOODS_1_218,2015-08-12,180,237,FOODS
P02,FOODS_1_218,2015-08-13,146,237,FOODS
P02,FOODS_1_218,2015-08-14,136,237,FOODS
P02,FOODS_1_218,2015-08-15,197,238,FOODS
P02,FOODS_1_218,2015-08-16,134,238,FOODS
P02,FOODS_1_218,2015-08-17,179,238,FOODS
P02,FOODS_1_218,2015-08-18,164,238,FOODS
P02,FOODS_1_218,2015-08-19,125,238,FOODS
P02,FOODS_1_218,2015-08-20,167,238,FOODS
P02,FOODS_1_218,2015-08-21,226,238,FOODS
P02,FOODS_1_218,2015-08-22,255,239,FOODS
P02,FOODS_1_218,2015-08-23,227,239,FOODS
P02,FOODS_1_218,2015-08-24,139,239,FOODS
P02,FOODS_1_218,2015-08-25,120,239,FOODS
P02,FOODS_1_218,2015-08-26,149,239,FOODS
P02,FOODS_1_218,2015-08-27,163,239,FOODS
P02,FOODS_1_218,2015-08-28,174,239,FOODS
P02,FOODS_1_218,2015-08-29,226,240,FOODS
P02,FOODS_1_218,2015-08-30,217,240,FOODS
P02,FOODS_1_218,2015-08-31,126,240,FOODS
P02,FOODS_1_218,2015-09-01,138,240,FOODS
P02,FOODS_1_218,2015-09-02,140,240,FOODS
P02,FOODS_1_218,2015-09-03,144,240,FOODS
P02,FOODS_1_218,2015-09-04,181,240,FOODS
P02,FOODS_1_218,2015-09-05,174,241,FOODS
P02,FOODS_1_218,2015-09-06,178,241,FOODS
P02,FOODS_1_218,2015-09-07,142,241,FOODS
P02,FOODS_1_218,2015-09-08,144,241,FOODS
P02,FOODS_1_218,2015-09-09,142,241,FOODS
P02,FOODS_1_218,2015-09-10,121,241,FOODS
P02,FOODS_1_218,2015-09-11,171,241,FOODS
P02,FOODS_1_218,2015-09-12,214,242,FOODS
P02,FOODS_1_218,2015-09-13,189,242,FOODS
P02,FOODS_1_218,2015-09-14,152,242,FOODS
P02,FOODS_1_218,2015-09-15,156,242,FOODS
P02,FOODS_1_218,2015-09-16,122,242,FOODS
P02,FOODS_1_218,2015-09-17,137,242,FOODS
P02,FOODS_1_218,2015-09-18,147,242,FOODS
P02,FOODS_1_218,2015-09-19,170,243,FOODS
P02,FOODS_1_218,2015-09-20,154,243,FOODS
P02,FOODS_1_218,2015-09-21,120,243,FOODS
P02,FOODS_1_218,2015-09-22,125,243,FOODS
P02,FOODS_1_218,2015-09-23,137,243,FOODS
P02,FOODS_1_218,2015-09-24,143,243,FOODS
P02,FOODS_1_218,2015-09-25,161,243,FOODS
P02,FOODS_1_218,2015-09-26,215,244,FOODS
P02,FOODS_1_218,2015-09-27,184,244,FOODS
P02,FOODS_1_218,2015-09-28,120,244,FOODS
P02,FOODS_1_218,2015-09-29,135,244,FOODS
P02,FOODS_1_218,2015-09-30,158,244,FOODS
P02,FOODS_1_218,2015-10-01,207,244,FOODS
P02,FOODS_1_218,2015-10-02,194,244,FOODS
P02,FOODS_1_218,2015-10-03,229,245,FOODS
P02,FOODS_1_218,2015-10-04,211,245,FOODS
P02,FOODS_1_218,2015-10-05,114,245,FOODS
P02,FOODS_1_218,2015-10-06,151,245,FOODS
P02,FOODS_1_218,2015-10-07,155,245,FOODS
P02,FOODS_1_218,2015-10-08,129,245,FOODS
P02,FOODS_1_218,2015-10-09,154,245,FOODS
P02,FOODS_1_218,2015-10-10,156,246,FOODS
P02,FOODS_1_218,2015-10-11,134,246,FOODS
P02,FOODS_1_218,2015-10-12,98,246,FOODS
P02,FOODS_1_218,2015-10-13,116,246,FOODS
P02,FOODS_1_218,2015-10-14,92,246,FOODS
P02,FOODS_1_218,2015-10-15,86,246,FOODS
P02,FOODS_1_218,2015-10-16,140,246,FOODS
P02,FOODS_1_218,2015-10-17,177,247,FOODS
P02,FOODS_1_218,2015-10-18,159,247,FOODS
P02,FOODS_1_218,2015-10-19,92,247,FOODS
P02,FOODS_1_218,2015-10-20,103,247,FOODS
P02,FOODS_1_218,2015-10-21,81,247,FOODS
P02,FOODS_1_218,2015-10-22,60,247,FOODS
P02,FOODS_1_218,2015-10-23,109,247,FOODS
P02,FOODS_1_218,2015-10-24,95,248,FOODS
P02,FOODS_1_218,2015-10-25,75,248,FOODS
P02,FOODS_1_218,2015-10-26,73,248,FOODS
P02,FOODS_1_218,2015-10-27,82,248,FOODS
P02,FOODS_1_218,2015-10-28,117,248,FOODS
P02,FOODS_1_218,2015-10-29,83,248,FOODS
P02,FOODS_1_218,2015-10-30,113,248,FOODS
P02,FOODS_1_218,2015-10-31,129,249,FOODS
P02,FOODS_1_218,2015-11-01,62,249,FOODS
P02,FOODS_1_218,2015-11-02,58,249,FOODS
P02,FOODS_1_218,2015-11-03,89,249,FOODS
P02,FOODS_1_218,2015-11-04,74,249,FOODS
P02,FOODS_1_218,2015-11-05,85,249,FOODS
P02,FOODS_1_218,2015-11-06,77,249,FOODS
P02,FOODS_1_218,2015-11-07,120,250,FOODS
P02,FOODS_1_218,2015-11-08,89,250,FOODS
P02,FOODS_1_218,2015-11-09,61,250,FOODS
P02,FOODS_1_218,2015-11-10,87,250,FOODS
P02,FOODS_1_218,2015-11-11,70,250,FOODS
P02,FOODS_1_218,2015-11-12,92,250,FOODS
P02,FOODS_1_218,2015-11-13,86,250,FOODS
P02,FOODS_1_218,2015-11-14,98,251,FOODS
P02,FOODS_1_218,2015-11-15,76,251,FOODS
P02,FOODS_1_218,2015-11-16,79,251,FOODS
P02,FOODS_1_218,2015-11-17,65,251,FOODS
P02,FOODS_1_218,2015-11-18,68,251,FOODS
P02,FOODS_1_218,2015-11-19,87,251,FOODS
P02,FOODS_1_218,2015-11-20,98,251,FOODS
P02,FOODS_1_218,2015-11-21,160,252,FOODS
P02,FOODS_1_218,2015-11-22,137,252,FOODS
P02,FOODS_1_218,2015-11-23,105,252,FOODS
P02,FOODS_1_218,2015-11-24,108,252,FOODS
P02,FOODS_1_218,2015-11-25,92,252,FOODS
P02,FOODS_1_218,2015-11-26,61,252,FOODS
P02,FOODS_1_218,2015-11-27,147,252,FOODS
P02,FOODS_1_218,2015-11-28,108,253,FOODS
P02,FOODS_1_218,2015-11-29,82,253,FOODS
P02,FOODS_1_218,2015-11-30,81,253,FOODS
P02,FOODS_1_218,2015-12-01,102,253,FOODS
P02,FOODS_1_218,2015-12-02,95,253,FOODS
P02,FOODS_1_218,2015-12-03,118,253,FOODS
P02,FOODS_1_218,2015-12-04,146,253,FOODS
P02,FOODS_1_218,2015-12-05,165,254,FOODS
P02,FOODS_1_218,2015-12-06,134,254,FOODS
P02,FOODS_1_218,2015-12-07,66,254,FOODS
P02,FOODS_1_218,2015-12-08,102,254,FOODS
P02,FOODS_1_218,2015-12-09,87,254,FOODS
P02,FOODS_1_218,2015-12-10,82,254,FOODS
P02,FOODS_1_218,2015-12-11,95,254,FOODS
P02,FOODS_1_218,2015-12-12,120,255,FOODS
P02,FOODS_1_218,2015-12-13,107,255,FOODS
P02,FOODS_1_218,2015-12-14,86,255,FOODS
P02,FOODS_1_218,2015-12-15,96,255,FOODS
P02,FOODS_1_218,2015-12-16,169,255,FOODS
P02,FOODS_1_218,2015-12-17,117,255,FOODS
P02,FOODS_1_218,2015-12-18,124,255,FOODS
P02,FOODS_1_218,2015-12-19,185,256,FOODS
P02,FOODS_1_218,2015-12-20,150,256,FOODS
P02,FOODS_1_218,2015-12-21,132,256,FOODS
P02,FOODS_1_218,2015-12-22,131,256,FOODS
P02,FOODS_1_218,2015-12-23,173,256,FOODS
P02,FOODS_1_218,2015-12-24,154,256,FOODS
P02,FOODS_1_218,2015-12-25,0,256,FOODS
P02,FOODS_1_218,2015-12-26,120,257,FOODS
P02,FOODS_1_218,2015-12-27,93,257,FOODS
P02,FOODS_1_218,2015-12-28,109,257,FOODS
P02,FOODS_1_218,2015-12-29,91,257,FOODS
P02,FOODS_1_218,2015-12-30,89,257,FOODS
P02,FOODS_1_218,2015-12-31,141,257,FOODS
P02,FOODS_1_218,2016-01-01,87,257,FOODS
P02,FOODS_1_218,2016-01-02,150,258,FOODS
P02,FOODS_1_218,2016-01-03,85,258,FOODS
P02,FOODS_1_218,2016-01-04,60,258,FOODS
P02,FOODS_1_218,2016-01-05,71,258,FOODS
P02,FOODS_1_218,2016-01-06,46,258,FOODS
P02,FOODS_1_218,2016-01-07,98,258,FOODS
P02,FOODS_1_218,2016-01-08,98,258,FOODS
P02,FOODS_1_218,2016-01-09,136,259,FOODS
P02,FOODS_1_218,2016-01-10,126,259,FOODS
P02,FOODS_1_218,2016-01-11,134,259,FOODS
P02,FOODS_1_218,2016-01-12,100,259,FOODS
P02,FOODS_1_218,2016-01-13,116,259,FOODS
P02,FOODS_1_218,2016-01-14,131,259,FOODS
P02,FOODS_1_218,2016-01-15,157,259,FOODS
P02,FOODS_1_218,2016-01-16,167,260,FOODS
P02,FOODS_1_218,2016-01-17,147,260,FOODS
P02,FOODS_1_218,2016-01-18,118,260,FOODS
P02,FOODS_1_218,2016-01-19,56,260,FOODS
P02,FOODS_1_218,2016-01-20,101,260,FOODS
P02,FOODS_1_218,2016-01-21,80,260,FOODS
P02,FOODS_1_218,2016-01-22,151,260,FOODS
P02,FOODS_1_218,2016-01-23,184,261,FOODS
P02,FOODS_1_218,2016-01-24,193,261,FOODS
P02,FOODS_1_218,2016-01-25,60,261,FOODS
P02,FOODS_1_218,2016-01-26,88,261,FOODS
P02,FOODS_1_218,2016-01-27,84,261,FOODS
P02,FOODS_1_218,2016-01-28,68,261,FOODS
P02,FOODS_1_218,2016-01-29,83,261,FOODS
P02,FOODS_1_218,2016-01-30,92,262,FOODS
P02,FOODS_1_218,2016-01-31,81,262,FOODS
P02,FOODS_1_218,2016-02-01,54,262,FOODS
P02,FOODS_1_218,2016-02-02,53,262,FOODS
P02,FOODS_1_218,2016-02-03,61,262,FOODS
P02,FOODS_1_218,2016-02-04,81,262,FOODS
P02,FOODS_1_218,2016-02-05,65,262,FOODS
P02,FOODS_1_218,2016-02-06,138,263,FOODS
P02,FOODS_1_218,2016-02-07,69,263,FOODS
P02,FOODS_1_218,2016-02-08,71,263,FOODS
P02,FOODS_1_218,2016-02-09,159,263,FOODS
P02,FOODS_1_218,2016-02-10,139,263,FOODS
P02,FOODS_1_218,2016-02-11,152,263,FOODS
P02,FOODS_1_218,2016-02-12,134,263,FOODS
P02,FOODS_1_218,2016-02-13,179,264,FOODS
P02,FOODS_1_218,2016-02-14,108,264,FOODS
P02,FOODS_1_218,2016-02-15,101,264,FOODS
P02,FOODS_1_218,2016-02-16,118,264,FOODS
P02,FOODS_1_218,2016-02-17,114,264,FOODS
P02,FOODS_1_218,2016-02-18,106,264,FOODS
P02,FOODS_1_218,2016-02-19,159,264,FOODS
P02,FOODS_1_218,2016-02-20,177,265,FOODS
P02,FOODS_1_218,2016-02-21,146,265,FOODS
P02,FOODS_1_218,2016-02-22,125,265,FOODS
P02,FOODS_1_218,2016-02-23,102,265,FOODS
P02,FOODS_1_218,2016-02-24,62,265,FOODS
P02,FOODS_1_218,2016-02-25,81,265,FOODS
P02,FOODS_1_218,2016-02-26,136,265,FOODS
P02,FOODS_1_218,2016-02-27,160,266,FOODS
P02,FOODS_1_218,2016-02-28,107,266,FOODS
P02,FOODS_1_218,2016-02-29,74,266,FOODS
P02,FOODS_1_218,2016-03-01,79,266,FOODS
P02,FOODS_1_218,2016-03-02,90,266,FOODS
P02,FOODS_1_218,2016-03-03,135,266,FOODS
P02,FOODS_1_218,2016-03-04,136,266,FOODS
P02,FOODS_1_218,2016-03-05,145,267,FOODS
P02,FOODS_1_218,2016-03-06,147,267,FOODS
P02,FOODS_1_218,2016-03-07,95,267,FOODS
P02,FOODS_1_218,2016-03-08,110,267,FOODS
P02,FOODS_1_218,2016-03-09,81,267,FOODS
P02,FOODS_1_218,2016-03-10,104,267,FOODS
P02,FOODS_1_218,2016-03-11,116,267,FOODS
P02,FOODS_1_218,2016-03-12,139,268,FOODS
P02,FOODS_1_218,2016-03-13,117,268,FOODS
P02,FOODS_1_218,2016-03-14,92,268,FOODS
P02,FOODS_1_218,2016-03-15,76,268,FOODS
P02,FOODS_1_218,2016-03-16,80,268,FOODS
P02,FOODS_1_218,2016-03-17,72,268,FOODS
P02,FOODS_1_218,2016-03-18,68,268,FOODS
P02,FOODS_1_218,2016-03-19,88,269,FOODS
P02,FOODS_1_218,2016-03-20,97,269,FOODS
P02,FOODS_1_218,2016-03-21,67,269,FOODS
P02,FOODS_1_218,2016-03-22,98,269,FOODS
P02,FOODS_1_218,2016-03-23,105,269,FOODS
P02,FOODS_1_218,2016-03-24,89,269,FOODS
P02,FOODS_1_218,2016-03-25,170,269,FOODS
P02,FOODS_1_218,2016-03-26,230,270,FOODS
P02,FOODS_1_218,2016-03-27,158,270,FOODS
P02,FOODS_1_218,2016-03-28,84,270,FOODS
P02,FOODS_1_218,2016-03-29,78,270,FOODS
P02,FOODS_1_218,2016-03-30,82,270,FOODS
P02,FOODS_1_218,2016-03-31,112,270,FOODS
P02,FOODS_1_218,2016-04-01,102,270,FOODS
P02,FOODS_1_218,2016-04-02,106,271,FOODS
P02,FOODS_1_218,2016-04-03,99,271,FOODS
P02,FOODS_1_218,2016-04-04,90,271,FOODS
P02,FOODS_1_218,2016-04-05,90,271,FOODS
P02,FOODS_1_218,2016-04-06,86,271,FOODS
P02,FOODS_1_218,2016-04-07,68,271,FOODS
P02,FOODS_1_218,2016-04-08,123,271,FOODS
P02,FOODS_1_218,2016-04-09,128,272,FOODS
P02,FOODS_1_218,2016-04-10,95,272,FOODS
P02,FOODS_1_218,2016-04-11,102,272,FOODS
P02,FOODS_1_218,2016-04-12,96,272,FOODS
P02,FOODS_1_218,2016-04-13,95,272,FOODS
P02,FOODS_1_218,2016-04-14,75,272,FOODS
P02,FOODS_1_218,2016-04-15,95,272,FOODS
P02,FOODS_1_218,2016-04-16,149,273,FOODS
P02,FOODS_1_218,2016-04-17,100,273,FOODS
P02,FOODS_1_218,2016-04-18,83,273,FOODS
P02,FOODS_1_218,2016-04-19,89,273,FOODS
P02,FOODS_1_218,2016-04-20,57,273,FOODS
P02,FOODS_1_218,2016-04-21,66,273,FOODS
P02,FOODS_1_218,2016-04-22,95,273,FOODS
P03,FOODS_3_395,2011-01-29,8,1,FOODS
P03,FOODS_3_395,2011-01-30,9,1,FOODS
P03,FOODS_3_395,2011-01-31,10,1,FOODS
P03,FOODS_3_395,2011-02-01,15,1,FOODS
P03,FOODS_3_395,2011-02-02,2,1,FOODS
P03,FOODS_3_395,2011-02-03,9,1,FOODS
P03,FOODS_3_395,2011-02-04,8,1,FOODS
P03,FOODS_3_395,2011-02-05,11,2,FOODS
P03,FOODS_3_395,2011-02-06,17,2,FOODS
P03,FOODS_3_395,2011-02-07,12,2,FOODS
P03,FOODS_3_395,2011-02-08,17,2,FOODS
P03,FOODS_3_395,2011-02-09,6,2,FOODS
P03,FOODS_3_395,2011-02-10,14,2,FOODS
P03,FOODS_3_395,2011-02-11,11,2,FOODS
P03,FOODS_3_395,2011-02-12,18,3,FOODS
P03,FOODS_3_395,2011-02-13,16,3,FOODS
P03,FOODS_3_395,2011-02-14,12,3,FOODS
P03,FOODS_3_395,2011-02-15,10,3,FOODS
P03,FOODS_3_395,2011-02-16,17,3,FOODS
P03,FOODS_3_395,2011-02-17,13,3,FOODS
P03,FOODS_3_395,2011-02-18,11,3,FOODS
P03,FOODS_3_395,2011-02-19,13,4,FOODS
P03,FOODS_3_395,2011-02-20,16,4,FOODS
P03,FOODS_3_395,2011-02-21,5,4,FOODS
P03,FOODS_3_395,2011-02-22,7,4,FOODS
P03,FOODS_3_395,2011-02-23,7,4,FOODS
P03,FOODS_3_395,2011-02-24,7,4,FOODS
P03,FOODS_3_395,2011-02-25,3,4,FOODS
P03,FOODS_3_395,2011-02-26,12,5,FOODS
P03,FOODS_3_395,2011-02-27,13,5,FOODS
P03,FOODS_3_395,2011-02-28,4,5,FOODS
P03,FOODS_3_395,2011-03-01,10,5,FOODS
P03,FOODS_3_395,2011-03-02,8,5,FOODS
P03,FOODS_3_395,2011-03-03,10,5,FOODS
P03,FOODS_3_395,2011-03-04,11,5,FOODS
P03,FOODS_3_395,2011-03-05,17,6,FOODS
P03,FOODS_3_395,2011-03-06,25,6,FOODS
P03,FOODS_3_395,2011-03-07,10,6,FOODS
P03,FOODS_3_395,2011-03-08,10,6,FOODS
P03,FOODS_3_395,2011-03-09,13,6,FOODS
P03,FOODS_3_395,2011-03-10,11,6,FOODS
P03,FOODS_3_395,2011-03-11,15,6,FOODS
P03,FOODS_3_395,2011-03-12,8,7,FOODS
P03,FOODS_3_395,2011-03-13,10,7,FOODS
P03,FOODS_3_395,2011-03-14,14,7,FOODS
P03,FOODS_3_395,2011-03-15,8,7,FOODS
P03,FOODS_3_395,2011-03-16,16,7,FOODS
P03,FOODS_3_395,2011-03-17,22,7,FOODS
P03,FOODS_3_395,2011-03-18,8,7,FOODS
P03,FOODS_3_395,2011-03-19,16,8,FOODS
P03,FOODS_3_395,2011-03-20,8,8,FOODS
P03,FOODS_3_395,2011-03-21,15,8,FOODS
P03,FOODS_3_395,2011-03-22,10,8,FOODS
P03,FOODS_3_395,2011-03-23,13,8,FOODS
P03,FOODS_3_395,2011-03-24,12,8,FOODS
P03,FOODS_3_395,2011-03-25,12,8,FOODS
P03,FOODS_3_395,2011-03-26,11,9,FOODS
P03,FOODS_3_395,2011-03-27,12,9,FOODS
P03,FOODS_3_395,2011-03-28,11,9,FOODS
P03,FOODS_3_395,2011-03-29,7,9,FOODS
P03,FOODS_3_395,2011-03-30,3,9,FOODS
P03,FOODS_3_395,2011-03-31,5,9,FOODS
P03,FOODS_3_395,2011-04-01,9,9,FOODS
P03,FOODS_3_395,2011-04-02,18,10,FOODS
P03,FOODS_3_395,2011-04-03,15,10,FOODS
P03,FOODS_3_395,2011-04-04,8,10,FOODS
P03,FOODS_3_395,2011-04-05,7,10,FOODS
P03,FOODS_3_395,2011-04-06,11,10,FOODS
P03,FOODS_3_395,2011-04-07,10,10,FOODS
P03,FOODS_3_395,2011-04-08,16,10,FOODS
P03,FOODS_3_395,2011-04-09,11,11,FOODS
P03,FOODS_3_395,2011-04-10,9,11,FOODS
P03,FOODS_3_395,2011-04-11,10,11,FOODS
P03,FOODS_3_395,2011-04-12,13,11,FOODS
P03,FOODS_3_395,2011-04-13,16,11,FOODS
P03,FOODS_3_395,2011-04-14,2,11,FOODS
P03,FOODS_3_395,2011-04-15,11,11,FOODS
P03,FOODS_3_395,2011-04-16,14,12,FOODS
P03,FOODS_3_395,2011-04-17,8,12,FOODS
P03,FOODS_3_395,2011-04-18,10,12,FOODS
P03,FOODS_3_395,2011-04-19,10,12,FOODS
P03,FOODS_3_395,2011-04-20,6,12,FOODS
P03,FOODS_3_395,2011-04-21,7,12,FOODS
P03,FOODS_3_395,2011-04-22,8,12,FOODS
P03,FOODS_3_395,2011-04-23,9,13,FOODS
P03,FOODS_3_395,2011-04-24,9,13,FOODS
P03,FOODS_3_395,2011-04-25,8,13,FOODS
P03,FOODS_3_395,2011-04-26,10,13,FOODS
P03,FOODS_3_395,2011-04-27,6,13,FOODS
P03,FOODS_3_395,2011-04-28,12,13,FOODS
P03,FOODS_3_395,2011-04-29,10,13,FOODS
P03,FOODS_3_395,2011-04-30,10,14,FOODS
P03,FOODS_3_395,2011-05-01,12,14,FOODS
P03,FOODS_3_395,2011-05-02,11,14,FOODS
P03,FOODS_3_395,2011-05-03,12,14,FOODS
P03,FOODS_3_395,2011-05-04,7,14,FOODS
P03,FOODS_3_395,2011-05-05,7,14,FOODS
P03,FOODS_3_395,2011-05-06,11,14,FOODS
P03,FOODS_3_395,2011-05-07,6,15,FOODS
P03,FOODS_3_395,2011-05-08,6,15,FOODS
P03,FOODS_3_395,2011-05-09,13,15,FOODS
P03,FOODS_3_395,2011-05-10,11,15,FOODS
P03,FOODS_3_395,2011-05-11,9,15,FOODS
P03,FOODS_3_395,2011-05-12,5,15,FOODS
P03,FOODS_3_395,2011-05-13,14,15,FOODS
P03,FOODS_3_395,2011-05-14,3,16,FOODS
P03,FOODS_3_395,2011-05-15,14,16,FOODS
P03,FOODS_3_395,2011-05-16,13,16,FOODS
P03,FOODS_3_395,2011-05-17,7,16,FOODS
P03,FOODS_3_395,2011-05-18,6,16,FOODS
P03,FOODS_3_395,2011-05-19,10,16,FOODS
P03,FOODS_3_395,2011-05-20,8,16,FOODS
P03,FOODS_3_395,2011-05-21,8,17,FOODS
P03,FOODS_3_395,2011-05-22,11,17,FOODS
P03,FOODS_3_395,2011-05-23,10,17,FOODS
P03,FOODS_3_395,2011-05-24,7,17,FOODS
P03,FOODS_3_395,2011-05-25,5,17,FOODS
P03,FOODS_3_395,2011-05-26,8,17,FOODS
P03,FOODS_3_395,2011-05-27,7,17,FOODS
P03,FOODS_3_395,2011-05-28,6,18,FOODS
P03,FOODS_3_395,2011-05-29,5,18,FOODS
P03,FOODS_3_395,2011-05-30,7,18,FOODS
P03,FOODS_3_395,2011-05-31,7,18,FOODS
P03,FOODS_3_395,2011-06-01,6,18,FOODS
P03,FOODS_3_395,2011-06-02,9,18,FOODS
P03,FOODS_3_395,2011-06-03,8,18,FOODS
P03,FOODS_3_395,2011-06-04,15,19,FOODS
P03,FOODS_3_395,2011-06-05,14,19,FOODS
P03,FOODS_3_395,2011-06-06,12,19,FOODS
P03,FOODS_3_395,2011-06-07,11,19,FOODS
P03,FOODS_3_395,2011-06-08,8,19,FOODS
P03,FOODS_3_395,2011-06-09,10,19,FOODS
P03,FOODS_3_395,2011-06-10,8,19,FOODS
P03,FOODS_3_395,2011-06-11,8,20,FOODS
P03,FOODS_3_395,2011-06-12,17,20,FOODS
P03,FOODS_3_395,2011-06-13,13,20,FOODS
P03,FOODS_3_395,2011-06-14,8,20,FOODS
P03,FOODS_3_395,2011-06-15,8,20,FOODS
P03,FOODS_3_395,2011-06-16,16,20,FOODS
P03,FOODS_3_395,2011-06-17,3,20,FOODS
P03,FOODS_3_395,2011-06-18,19,21,FOODS
P03,FOODS_3_395,2011-06-19,9,21,FOODS
P03,FOODS_3_395,2011-06-20,11,21,FOODS
P03,FOODS_3_395,2011-06-21,7,21,FOODS
P03,FOODS_3_395,2011-06-22,4,21,FOODS
P03,FOODS_3_395,2011-06-23,7,21,FOODS
P03,FOODS_3_395,2011-06-24,13,21,FOODS
P03,FOODS_3_395,2011-06-25,13,22,FOODS
P03,FOODS_3_395,2011-06-26,10,22,FOODS
P03,FOODS_3_395,2011-06-27,7,22,FOODS
P03,FOODS_3_395,2011-06-28,8,22,FOODS
P03,FOODS_3_395,2011-06-29,8,22,FOODS
P03,FOODS_3_395,2011-06-30,6,22,FOODS
P03,FOODS_3_395,2011-07-01,9,22,FOODS
P03,FOODS_3_395,2011-07-02,8,23,FOODS
P03,FOODS_3_395,2011-07-03,19,23,FOODS
P03,FOODS_3_395,2011-07-04,11,23,FOODS
P03,FOODS_3_395,2011-07-05,15,23,FOODS
P03,FOODS_3_395,2011-07-06,10,23,FOODS
P03,FOODS_3_395,2011-07-07,19,23,FOODS
P03,FOODS_3_395,2011-07-08,10,23,FOODS
P03,FOODS_3_395,2011-07-09,11,24,FOODS
P03,FOODS_3_395,2011-07-10,10,24,FOODS
P03,FOODS_3_395,2011-07-11,10,24,FOODS
P03,FOODS_3_395,2011-07-12,4,24,FOODS
P03,FOODS_3_395,2011-07-13,10,24,FOODS
P03,FOODS_3_395,2011-07-14,10,24,FOODS
P03,FOODS_3_395,2011-07-15,11,24,FOODS
P03,FOODS_3_395,2011-07-16,11,25,FOODS
P03,FOODS_3_395,2011-07-17,16,25,FOODS
P03,FOODS_3_395,2011-07-18,9,25,FOODS
P03,FOODS_3_395,2011-07-19,4,25,FOODS
P03,FOODS_3_395,2011-07-20,5,25,FOODS
P03,FOODS_3_395,2011-07-21,15,25,FOODS
P03,FOODS_3_395,2011-07-22,7,25,FOODS
P03,FOODS_3_395,2011-07-23,11,26,FOODS
P03,FOODS_3_395,2011-07-24,8,26,FOODS
P03,FOODS_3_395,2011-07-25,8,26,FOODS
P03,FOODS_3_395,2011-07-26,8,26,FOODS
P03,FOODS_3_395,2011-07-27,3,26,FOODS
P03,FOODS_3_395,2011-07-28,8,26,FOODS
P03,FOODS_3_395,2011-07-29,7,26,FOODS
P03,FOODS_3_395,2011-07-30,6,27,FOODS
P03,FOODS_3_395,2011-07-31,9,27,FOODS
P03,FOODS_3_395,2011-08-01,17,27,FOODS
P03,FOODS_3_395,2011-08-02,13,27,FOODS
P03,FOODS_3_395,2011-08-03,15,27,FOODS
P03,FOODS_3_395,2011-08-04,9,27,FOODS
P03,FOODS_3_395,2011-08-05,15,27,FOODS
P03,FOODS_3_395,2011-08-06,7,28,FOODS
P03,FOODS_3_395,2011-08-07,8,28,FOODS
P03,FOODS_3_395,2011-08-08,12,28,FOODS
P03,FOODS_3_395,2011-08-09,6,28,FOODS
P03,FOODS_3_395,2011-08-10,3,28,FOODS
P03,FOODS_3_395,2011-08-11,17,28,FOODS
P03,FOODS_3_395,2011-08-12,12,28,FOODS
P03,FOODS_3_395,2011-08-13,3,29,FOODS
P03,FOODS_3_395,2011-08-14,7,29,FOODS
P03,FOODS_3_395,2011-08-15,19,29,FOODS
P03,FOODS_3_395,2011-08-16,15,29,FOODS
P03,FOODS_3_395,2011-08-17,16,29,FOODS
P03,FOODS_3_395,2011-08-18,3,29,FOODS
P03,FOODS_3_395,2011-08-19,8,29,FOODS
P03,FOODS_3_395,2011-08-20,12,30,FOODS
P03,FOODS_3_395,2011-08-21,17,30,FOODS
P03,FOODS_3_395,2011-08-22,10,30,FOODS
P03,FOODS_3_395,2011-08-23,4,30,FOODS
P03,FOODS_3_395,2011-08-24,11,30,FOODS
P03,FOODS_3_395,2011-08-25,6,30,FOODS
P03,FOODS_3_395,2011-08-26,8,30,FOODS
P03,FOODS_3_395,2011-08-27,7,31,FOODS
P03,FOODS_3_395,2011-08-28,8,31,FOODS
P03,FOODS_3_395,2011-08-29,8,31,FOODS
P03,FOODS_3_395,2011-08-30,7,31,FOODS
P03,FOODS_3_395,2011-08-31,6,31,FOODS
P03,FOODS_3_395,2011-09-01,7,31,FOODS
P03,FOODS_3_395,2011-09-02,4,31,FOODS
P03,FOODS_3_395,2011-09-03,14,32,FOODS
P03,FOODS_3_395,2011-09-04,7,32,FOODS
P03,FOODS_3_395,2011-09-05,6,32,FOODS
P03,FOODS_3_395,2011-09-06,12,32,FOODS
P03,FOODS_3_395,2011-09-07,4,32,FOODS
P03,FOODS_3_395,2011-09-08,6,32,FOODS
P03,FOODS_3_395,2011-09-09,18,32,FOODS
P03,FOODS_3_395,2011-09-10,19,33,FOODS
P03,FOODS_3_395,2011-09-11,13,33,FOODS
P03,FOODS_3_395,2011-09-12,13,33,FOODS
P03,FOODS_3_395,2011-09-13,10,33,FOODS
P03,FOODS_3_395,2011-09-14,11,33,FOODS
P03,FOODS_3_395,2011-09-15,3,33,FOODS
P03,FOODS_3_395,2011-09-16,6,33,FOODS
P03,FOODS_3_395,2011-09-17,12,34,FOODS
P03,FOODS_3_395,2011-09-18,6,34,FOODS
P03,FOODS_3_395,2011-09-19,9,34,FOODS
P03,FOODS_3_395,2011-09-20,12,34,FOODS
P03,FOODS_3_395,2011-09-21,6,34,FOODS
P03,FOODS_3_395,2011-09-22,8,34,FOODS
P03,FOODS_3_395,2011-09-23,7,34,FOODS
P03,FOODS_3_395,2011-09-24,8,35,FOODS
P03,FOODS_3_395,2011-09-25,7,35,FOODS
P03,FOODS_3_395,2011-09-26,8,35,FOODS
P03,FOODS_3_395,2011-09-27,4,35,FOODS
P03,FOODS_3_395,2011-09-28,10,35,FOODS
P03,FOODS_3_395,2011-09-29,4,35,FOODS
P03,FOODS_3_395,2011-09-30,8,35,FOODS
P03,FOODS_3_395,2011-10-01,8,36,FOODS
P03,FOODS_3_395,2011-10-02,13,36,FOODS
P03,FOODS_3_395,2011-10-03,7,36,FOODS
P03,FOODS_3_395,2011-10-04,12,36,FOODS
P03,FOODS_3_395,2011-10-05,9,36,FOODS
P03,FOODS_3_395,2011-10-06,9,36,FOODS
P03,FOODS_3_395,2011-10-07,14,36,FOODS
P03,FOODS_3_395,2011-10-08,16,37,FOODS
P03,FOODS_3_395,2011-10-09,14,37,FOODS
P03,FOODS_3_395,2011-10-10,13,37,FOODS
P03,FOODS_3_395,2011-10-11,16,37,FOODS
P03,FOODS_3_395,2011-10-12,12,37,FOODS
P03,FOODS_3_395,2011-10-13,7,37,FOODS
P03,FOODS_3_395,2011-10-14,12,37,FOODS
P03,FOODS_3_395,2011-10-15,14,38,FOODS
P03,FOODS_3_395,2011-10-16,7,38,FOODS
P03,FOODS_3_395,2011-10-17,12,38,FOODS
P03,FOODS_3_395,2011-10-18,10,38,FOODS
P03,FOODS_3_395,2011-10-19,7,38,FOODS
P03,FOODS_3_395,2011-10-20,12,38,FOODS
P03,FOODS_3_395,2011-10-21,9,38,FOODS
P03,FOODS_3_395,2011-10-22,12,39,FOODS
P03,FOODS_3_395,2011-10-23,9,39,FOODS
P03,FOODS_3_395,2011-10-24,13,39,FOODS
P03,FOODS_3_395,2011-10-25,4,39,FOODS
P03,FOODS_3_395,2011-10-26,2,39,FOODS
P03,FOODS_3_395,2011-10-27,5,39,FOODS
P03,FOODS_3_395,2011-10-28,9,39,FOODS
P03,FOODS_3_395,2011-10-29,4,40,FOODS
P03,FOODS_3_395,2011-10-30,8,40,FOODS
P03,FOODS_3_395,2011-10-31,12,40,FOODS
P03,FOODS_3_395,2011-11-01,8,40,FOODS
P03,FOODS_3_395,2011-11-02,7,40,FOODS
P03,FOODS_3_395,2011-11-03,11,40,FOODS
P03,FOODS_3_395,2011-11-04,13,40,FOODS
P03,FOODS_3_395,2011-11-05,17,41,FOODS
P03,FOODS_3_395,2011-11-06,14,41,FOODS
P03,FOODS_3_395,2011-11-07,8,41,FOODS
P03,FOODS_3_395,2011-11-08,7,41,FOODS
P03,FOODS_3_395,2011-11-09,4,41,FOODS
P03,FOODS_3_395,2011-11-10,12,41,FOODS
P03,FOODS_3_395,2011-11-11,5,41,FOODS
P03,FOODS_3_395,2011-11-12,9,42,FOODS
P03,FOODS_3_395,2011-11-13,15,42,FOODS
P03,FOODS_3_395,2011-11-14,9,42,FOODS
P03,FOODS_3_395,2011-11-15,8,42,FOODS
P03,FOODS_3_395,2011-11-16,13,42,FOODS
P03,FOODS_3_395,2011-11-17,3,42,FOODS
P03,FOODS_3_395,2011-11-18,5,42,FOODS
P03,FOODS_3_395,2011-11-19,18,43,FOODS
P03,FOODS_3_395,2011-11-20,16,43,FOODS
P03,FOODS_3_395,2011-11-21,4,43,FOODS
P03,FOODS_3_395,2011-11-22,11,43,FOODS
P03,FOODS_3_395,2011-11-23,11,43,FOODS
P03,FOODS_3_395,2011-11-24,3,43,FOODS
P03,FOODS_3_395,2011-11-25,4,43,FOODS
P03,FOODS_3_395,2011-11-26,9,44,FOODS
P03,FOODS_3_395,2011-11-27,13,44,FOODS
P03,FOODS_3_395,2011-11-28,9,44,FOODS
P03,FOODS_3_395,2011-11-29,10,44,FOODS
P03,FOODS_3_395,2011-11-30,4,44,FOODS
P03,FOODS_3_395,2011-12-01,4,44,FOODS
P03,FOODS_3_395,2011-12-02,12,44,FOODS
P03,FOODS_3_395,2011-12-03,11,45,FOODS
P03,FOODS_3_395,2011-12-04,14,45,FOODS
P03,FOODS_3_395,2011-12-05,17,45,FOODS
P03,FOODS_3_395,2011-12-06,9,45,FOODS
P03,FOODS_3_395,2011-12-07,7,45,FOODS
P03,FOODS_3_395,2011-12-08,10,45,FOODS
P03,FOODS_3_395,2011-12-09,6,45,FOODS
P03,FOODS_3_395,2011-12-10,9,46,FOODS
P03,FOODS_3_395,2011-12-11,16,46,FOODS
P03,FOODS_3_395,2011-12-12,7,46,FOODS
P03,FOODS_3_395,2011-12-13,14,46,FOODS
P03,FOODS_3_395,2011-12-14,6,46,FOODS
P03,FOODS_3_395,2011-12-15,11,46,FOODS
P03,FOODS_3_395,2011-12-16,12,46,FOODS
P03,FOODS_3_395,2011-12-17,9,47,FOODS
P03,FOODS_3_395,2011-12-18,9,47,FOODS
P03,FOODS_3_395,2011-12-19,9,47,FOODS
P03,FOODS_3_395,2011-12-20,15,47,FOODS
P03,FOODS_3_395,2011-12-21,5,47,FOODS
P03,FOODS_3_395,2011-12-22,8,47,FOODS
P03,FOODS_3_395,2011-12-23,3,47,FOODS
P03,FOODS_3_395,2011-12-24,6,48,FOODS
P03,FOODS_3_395,2011-12-25,0,48,FOODS
P03,FOODS_3_395,2011-12-26,8,48,FOODS
P03,FOODS_3_395,2011-12-27,9,48,FOODS
P03,FOODS_3_395,2011-12-28,5,48,FOODS
P03,FOODS_3_395,2011-12-29,9,48,FOODS
P03,FOODS_3_395,2011-12-30,9,48,FOODS
P03,FOODS_3_395,2011-12-31,8,49,FOODS
P03,FOODS_3_395,2012-01-01,12,49,FOODS
P03,FOODS_3_395,2012-01-02,10,49,FOODS
P03,FOODS_3_395,2012-01-03,10,49,FOODS
P03,FOODS_3_395,2012-01-04,4,49,FOODS
P03,FOODS_3_395,2012-01-05,6,49,FOODS
P03,FOODS_3_395,2012-01-06,10,49,FOODS
P03,FOODS_3_395,2012-01-07,7,50,FOODS
P03,FOODS_3_395,2012-01-08,15,50,FOODS
P03,FOODS_3_395,2012-01-09,7,50,FOODS
P03,FOODS_3_395,2012-01-10,15,50,FOODS
P03,FOODS_3_395,2012-01-11,5,50,FOODS
P03,FOODS_3_395,2012-01-12,15,50,FOODS
P03,FOODS_3_395,2012-01-13,14,50,FOODS
P03,FOODS_3_395,2012-01-14,14,51,FOODS
P03,FOODS_3_395,2012-01-15,13,51,FOODS
P03,FOODS_3_395,2012-01-16,10,51,FOODS
P03,FOODS_3_395,2012-01-17,8,51,FOODS
P03,FOODS_3_395,2012-01-18,9,51,FOODS
P03,FOODS_3_395,2012-01-19,6,51,FOODS
P03,FOODS_3_395,2012-01-20,6,51,FOODS
P03,FOODS_3_395,2012-01-21,12,52,FOODS
P03,FOODS_3_395,2012-01-22,15,52,FOODS
P03,FOODS_3_395,2012-01-23,17,52,FOODS
P03,FOODS_3_395,2012-01-24,7,52,FOODS
P03,FOODS_3_395,2012-01-25,8,52,FOODS
P03,FOODS_3_395,2012-01-26,6,52,FOODS
P03,FOODS_3_395,2012-01-27,9,52,FOODS
P03,FOODS_3_395,2012-01-28,11,53,FOODS
P03,FOODS_3_395,2012-01-29,11,53,FOODS
P03,FOODS_3_395,2012-01-30,11,53,FOODS
P03,FOODS_3_395,2012-01-31,5,53,FOODS
P03,FOODS_3_395,2012-02-01,9,53,FOODS
P03,FOODS_3_395,2012-02-02,5,53,FOODS
P03,FOODS_3_395,2012-02-03,12,53,FOODS
P03,FOODS_3_395,2012-02-04,15,54,FOODS
P03,FOODS_3_395,2012-02-05,11,54,FOODS
P03,FOODS_3_395,2012-02-06,16,54,FOODS
P03,FOODS_3_395,2012-02-07,10,54,FOODS
P03,FOODS_3_395,2012-02-08,10,54,FOODS
P03,FOODS_3_395,2012-02-09,10,54,FOODS
P03,FOODS_3_395,2012-02-10,3,54,FOODS
P03,FOODS_3_395,2012-02-11,7,55,FOODS
P03,FOODS_3_395,2012-02-12,19,55,FOODS
P03,FOODS_3_395,2012-02-13,10,55,FOODS
P03,FOODS_3_395,2012-02-14,11,55,FOODS
P03,FOODS_3_395,2012-02-15,9,55,FOODS
P03,FOODS_3_395,2012-02-16,4,55,FOODS
P03,FOODS_3_395,2012-02-17,7,55,FOODS
P03,FOODS_3_395,2012-02-18,17,56,FOODS
P03,FOODS_3_395,2012-02-19,10,56,FOODS
P03,FOODS_3_395,2012-02-20,8,56,FOODS
P03,FOODS_3_395,2012-02-21,2,56,FOODS
P03,FOODS_3_395,2012-02-22,7,56,FOODS
P03,FOODS_3_395,2012-02-23,6,56,FOODS
P03,FOODS_3_395,2012-02-24,5,56,FOODS
P03,FOODS_3_395,2012-02-25,13,57,FOODS
P03,FOODS_3_395,2012-02-26,11,57,FOODS
P03,FOODS_3_395,2012-02-27,6,57,FOODS
P03,FOODS_3_395,2012-02-28,8,57,FOODS
P03,FOODS_3_395,2012-02-29,11,57,FOODS
P03,FOODS_3_395,2012-03-01,10,57,FOODS
P03,FOODS_3_395,2012-03-02,15,57,FOODS
P03,FOODS_3_395,2012-03-03,12,58,FOODS
P03,FOODS_3_395,2012-03-04,14,58,FOODS
P03,FOODS_3_395,2012-03-05,14,58,FOODS
P03,FOODS_3_395,2012-03-06,10,58,FOODS
P03,FOODS_3_395,2012-03-07,11,58,FOODS
P03,FOODS_3_395,2012-03-08,9,58,FOODS
P03,FOODS_3_395,2012-03-09,13,58,FOODS
P03,FOODS_3_395,2012-03-10,8,59,FOODS
P03,FOODS_3_395,2012-03-11,20,59,FOODS
P03,FOODS_3_395,2012-03-12,14,59,FOODS
P03,FOODS_3_395,2012-03-13,12,59,FOODS
P03,FOODS_3_395,2012-03-14,9,59,FOODS
P03,FOODS_3_395,2012-03-15,14,59,FOODS
P03,FOODS_3_395,2012-03-16,13,59,FOODS
P03,FOODS_3_395,2012-03-17,15,60,FOODS
P03,FOODS_3_395,2012-03-18,12,60,FOODS
P03,FOODS_3_395,2012-03-19,7,60,FOODS
P03,FOODS_3_395,2012-03-20,21,60,FOODS
P03,FOODS_3_395,2012-03-21,8,60,FOODS
P03,FOODS_3_395,2012-03-22,3,60,FOODS
P03,FOODS_3_395,2012-03-23,9,60,FOODS
P03,FOODS_3_395,2012-03-24,11,61,FOODS
P03,FOODS_3_395,2012-03-25,16,61,FOODS
P03,FOODS_3_395,2012-03-26,7,61,FOODS
P03,FOODS_3_395,2012-03-27,14,61,FOODS
P03,FOODS_3_395,2012-03-28,7,61,FOODS
P03,FOODS_3_395,2012-03-29,4,61,FOODS
P03,FOODS_3_395,2012-03-30,5,61,FOODS
P03,FOODS_3_395,2012-03-31,11,62,FOODS
P03,FOODS_3_395,2012-04-01,16,62,FOODS
P03,FOODS_3_395,2012-04-02,5,62,FOODS
P03,FOODS_3_395,2012-04-03,11,62,FOODS
P03,FOODS_3_395,2012-04-04,22,62,FOODS
P03,FOODS_3_395,2012-04-05,7,62,FOODS
P03,FOODS_3_395,2012-04-06,11,62,FOODS
P03,FOODS_3_395,2012-04-07,16,63,FOODS
P03,FOODS_3_395,2012-04-08,13,63,FOODS
P03,FOODS_3_395,2012-04-09,9,63,FOODS
P03,FOODS_3_395,2012-04-10,5,63,FOODS
P03,FOODS_3_395,2012-04-11,11,63,FOODS
P03,FOODS_3_395,2012-04-12,11,63,FOODS
P03,FOODS_3_395,2012-04-13,6,63,FOODS
P03,FOODS_3_395,2012-04-14,21,64,FOODS
P03,FOODS_3_395,2012-04-15,7,64,FOODS
P03,FOODS_3_395,2012-04-16,8,64,FOODS
P03,FOODS_3_395,2012-04-17,17,64,FOODS
P03,FOODS_3_395,2012-04-18,11,64,FOODS
P03,FOODS_3_395,2012-04-19,11,64,FOODS
P03,FOODS_3_395,2012-04-20,8,64,FOODS
P03,FOODS_3_395,2012-04-21,8,65,FOODS
P03,FOODS_3_395,2012-04-22,19,65,FOODS
P03,FOODS_3_395,2012-04-23,11,65,FOODS
P03,FOODS_3_395,2012-04-24,14,65,FOODS
P03,FOODS_3_395,2012-04-25,3,65,FOODS
P03,FOODS_3_395,2012-04-26,9,65,FOODS
P03,FOODS_3_395,2012-04-27,11,65,FOODS
P03,FOODS_3_395,2012-04-28,10,66,FOODS
P03,FOODS_3_395,2012-04-29,11,66,FOODS
P03,FOODS_3_395,2012-04-30,7,66,FOODS
P03,FOODS_3_395,2012-05-01,11,66,FOODS
P03,FOODS_3_395,2012-05-02,7,66,FOODS
P03,FOODS_3_395,2012-05-03,11,66,FOODS
P03,FOODS_3_395,2012-05-04,16,66,FOODS
P03,FOODS_3_395,2012-05-05,17,67,FOODS
P03,FOODS_3_395,2012-05-06,15,67,FOODS
P03,FOODS_3_395,2012-05-07,16,67,FOODS
P03,FOODS_3_395,2012-05-08,8,67,FOODS
P03,FOODS_3_395,2012-05-09,9,67,FOODS
P03,FOODS_3_395,2012-05-10,9,67,FOODS
P03,FOODS_3_395,2012-05-11,6,67,FOODS
P03,FOODS_3_395,2012-05-12,13,68,FOODS
P03,FOODS_3_395,2012-05-13,10,68,FOODS
P03,FOODS_3_395,2012-05-14,16,68,FOODS
P03,FOODS_3_395,2012-05-15,6,68,FOODS
P03,FOODS_3_395,2012-05-16,9,68,FOODS
P03,FOODS_3_395,2012-05-17,3,68,FOODS
P03,FOODS_3_395,2012-05-18,3,68,FOODS
P03,FOODS_3_395,2012-05-19,9,69,FOODS
P03,FOODS_3_395,2012-05-20,11,69,FOODS
P03,FOODS_3_395,2012-05-21,13,69,FOODS
P03,FOODS_3_395,2012-05-22,4,69,FOODS
P03,FOODS_3_395,2012-05-23,8,69,FOODS
P03,FOODS_3_395,2012-05-24,4,69,FOODS
P03,FOODS_3_395,2012-05-25,9,69,FOODS
P03,FOODS_3_395,2012-05-26,12,70,FOODS
P03,FOODS_3_395,2012-05-27,11,70,FOODS
P03,FOODS_3_395,2012-05-28,6,70,FOODS
P03,FOODS_3_395,2012-05-29,10,70,FOODS
P03,FOODS_3_395,2012-05-30,4,70,FOODS
P03,FOODS_3_395,2012-05-31,5,70,FOODS
P03,FOODS_3_395,2012-06-01,7,70,FOODS
P03,FOODS_3_395,2012-06-02,8,71,FOODS
P03,FOODS_3_395,2012-06-03,10,71,FOODS
P03,FOODS_3_395,2012-06-04,16,71,FOODS
P03,FOODS_3_395,2012-06-05,10,71,FOODS
P03,FOODS_3_395,2012-06-06,14,71,FOODS
P03,FOODS_3_395,2012-06-07,9,71,FOODS
P03,FOODS_3_395,2012-06-08,11,71,FOODS
P03,FOODS_3_395,2012-06-09,15,72,FOODS
P03,FOODS_3_395,2012-06-10,22,72,FOODS
P03,FOODS_3_395,2012-06-11,17,72,FOODS
P03,FOODS_3_395,2012-06-12,17,72,FOODS
P03,FOODS_3_395,2012-06-13,4,72,FOODS
P03,FOODS_3_395,2012-06-14,3,72,FOODS
P03,FOODS_3_395,2012-06-15,13,72,FOODS
P03,FOODS_3_395,2012-06-16,15,73,FOODS
P03,FOODS_3_395,2012-06-17,9,73,FOODS
P03,FOODS_3_395,2012-06-18,12,73,FOODS
P03,FOODS_3_395,2012-06-19,5,73,FOODS
P03,FOODS_3_395,2012-06-20,3,73,FOODS
P03,FOODS_3_395,2012-06-21,15,73,FOODS
P03,FOODS_3_395,2012-06-22,14,73,FOODS
P03,FOODS_3_395,2012-06-23,6,74,FOODS
P03,FOODS_3_395,2012-06-24,11,74,FOODS
P03,FOODS_3_395,2012-06-25,5,74,FOODS
P03,FOODS_3_395,2012-06-26,10,74,FOODS
P03,FOODS_3_395,2012-06-27,2,74,FOODS
P03,FOODS_3_395,2012-06-28,2,74,FOODS
P03,FOODS_3_395,2012-06-29,5,74,FOODS
P03,FOODS_3_395,2012-06-30,11,75,FOODS
P03,FOODS_3_395,2012-07-01,10,75,FOODS
P03,FOODS_3_395,2012-07-02,8,75,FOODS
P03,FOODS_3_395,2012-07-03,13,75,FOODS
P03,FOODS_3_395,2012-07-04,6,75,FOODS
P03,FOODS_3_395,2012-07-05,8,75,FOODS
P03,FOODS_3_395,2012-07-06,9,75,FOODS
P03,FOODS_3_395,2012-07-07,13,76,FOODS
P03,FOODS_3_395,2012-07-08,16,76,FOODS
P03,FOODS_3_395,2012-07-09,2,76,FOODS
P03,FOODS_3_395,2012-07-10,7,76,FOODS
P03,FOODS_3_395,2012-07-11,8,76,FOODS
P03,FOODS_3_395,2012-07-12,8,76,FOODS
P03,FOODS_3_395,2012-07-13,10,76,FOODS
P03,FOODS_3_395,2012-07-14,8,77,FOODS
P03,FOODS_3_395,2012-07-15,6,77,FOODS
P03,FOODS_3_395,2012-07-16,3,77,FOODS
P03,FOODS_3_395,2012-07-17,4,77,FOODS
P03,FOODS_3_395,2012-07-18,7,77,FOODS
P03,FOODS_3_395,2012-07-19,11,77,FOODS
P03,FOODS_3_395,2012-07-20,7,77,FOODS
P03,FOODS_3_395,2012-07-21,7,78,FOODS
P03,FOODS_3_395,2012-07-22,8,78,FOODS
P03,FOODS_3_395,2012-07-23,5,78,FOODS
P03,FOODS_3_395,2012-07-24,6,78,FOODS
P03,FOODS_3_395,2012-07-25,9,78,FOODS
P03,FOODS_3_395,2012-07-26,2,78,FOODS
P03,FOODS_3_395,2012-07-27,8,78,FOODS
P03,FOODS_3_395,2012-07-28,14,79,FOODS
P03,FOODS_3_395,2012-07-29,8,79,FOODS
P03,FOODS_3_395,2012-07-30,6,79,FOODS
P03,FOODS_3_395,2012-07-31,6,79,FOODS
P03,FOODS_3_395,2012-08-01,8,79,FOODS
P03,FOODS_3_395,2012-08-02,12,79,FOODS
P03,FOODS_3_395,2012-08-03,7,79,FOODS
P03,FOODS_3_395,2012-08-04,8,80,FOODS
P03,FOODS_3_395,2012-08-05,15,80,FOODS
P03,FOODS_3_395,2012-08-06,14,80,FOODS
P03,FOODS_3_395,2012-08-07,17,80,FOODS
P03,FOODS_3_395,2012-08-08,7,80,FOODS
P03,FOODS_3_395,2012-08-09,14,80,FOODS
P03,FOODS_3_395,2012-08-10,7,80,FOODS
P03,FOODS_3_395,2012-08-11,8,81,FOODS
P03,FOODS_3_395,2012-08-12,11,81,FOODS
P03,FOODS_3_395,2012-08-13,4,81,FOODS
P03,FOODS_3_395,2012-08-14,7,81,FOODS
P03,FOODS_3_395,2012-08-15,11,81,FOODS
P03,FOODS_3_395,2012-08-16,11,81,FOODS
P03,FOODS_3_395,2012-08-17,12,81,FOODS
P03,FOODS_3_395,2012-08-18,6,82,FOODS
P03,FOODS_3_395,2012-08-19,8,82,FOODS
P03,FOODS_3_395,2012-08-20,6,82,FOODS
P03,FOODS_3_395,2012-08-21,4,82,FOODS
P03,FOODS_3_395,2012-08-22,8,82,FOODS
P03,FOODS_3_395,2012-08-23,8,82,FOODS
P03,FOODS_3_395,2012-08-24,6,82,FOODS
P03,FOODS_3_395,2012-08-25,9,83,FOODS
P03,FOODS_3_395,2012-08-26,6,83,FOODS
P03,FOODS_3_395,2012-08-27,5,83,FOODS
P03,FOODS_3_395,2012-08-28,6,83,FOODS
P03,FOODS_3_395,2012-08-29,3,83,FOODS
P03,FOODS_3_395,2012-08-30,12,83,FOODS
P03,FOODS_3_395,2012-08-31,12,83,FOODS
P03,FOODS_3_395,2012-09-01,11,84,FOODS
P03,FOODS_3_395,2012-09-02,9,84,FOODS
P03,FOODS_3_395,2012-09-03,12,84,FOODS
P03,FOODS_3_395,2012-09-04,5,84,FOODS
P03,FOODS_3_395,2012-09-05,11,84,FOODS
P03,FOODS_3_395,2012-09-06,11,84,FOODS
P03,FOODS_3_395,2012-09-07,8,84,FOODS
P03,FOODS_3_395,2012-09-08,12,85,FOODS
P03,FOODS_3_395,2012-09-09,16,85,FOODS
P03,FOODS_3_395,2012-09-10,10,85,FOODS
P03,FOODS_3_395,2012-09-11,4,85,FOODS
P03,FOODS_3_395,2012-09-12,6,85,FOODS
P03,FOODS_3_395,2012-09-13,19,85,FOODS
P03,FOODS_3_395,2012-09-14,15,85,FOODS
P03,FOODS_3_395,2012-09-15,4,86,FOODS
P03,FOODS_3_395,2012-09-16,10,86,FOODS
P03,FOODS_3_395,2012-09-17,8,86,FOODS
P03,FOODS_3_395,2012-09-18,10,86,FOODS
P03,FOODS_3_395,2012-09-19,4,86,FOODS
P03,FOODS_3_395,2012-09-20,10,86,FOODS
P03,FOODS_3_395,2012-09-21,4,86,FOODS
P03,FOODS_3_395,2012-09-22,12,87,FOODS
P03,FOODS_3_395,2012-09-23,12,87,FOODS
P03,FOODS_3_395,2012-09-24,5,87,FOODS
P03,FOODS_3_395,2012-09-25,10,87,FOODS
P03,FOODS_3_395,2012-09-26,8,87,FOODS
P03,FOODS_3_395,2012-09-27,9,87,FOODS
P03,FOODS_3_395,2012-09-28,6,87,FOODS
P03,FOODS_3_395,2012-09-29,10,88,FOODS
P03,FOODS_3_395,2012-09-30,13,88,FOODS
P03,FOODS_3_395,2012-10-01,4,88,FOODS
P03,FOODS_3_395,2012-10-02,9,88,FOODS
P03,FOODS_3_395,2012-10-03,12,88,FOODS
P03,FOODS_3_395,2012-10-04,7,88,FOODS
P03,FOODS_3_395,2012-10-05,15,88,FOODS
P03,FOODS_3_395,2012-10-06,23,89,FOODS
P03,FOODS_3_395,2012-10-07,17,89,FOODS
P03,FOODS_3_395,2012-10-08,19,89,FOODS
P03,FOODS_3_395,2012-10-09,12,89,FOODS
P03,FOODS_3_395,2012-10-10,8,89,FOODS
P03,FOODS_3_395,2012-10-11,13,89,FOODS
P03,FOODS_3_395,2012-10-12,7,89,FOODS
P03,FOODS_3_395,2012-10-13,14,90,FOODS
P03,FOODS_3_395,2012-10-14,6,90,FOODS
P03,FOODS_3_395,2012-10-15,4,90,FOODS
P03,FOODS_3_395,2012-10-16,11,90,FOODS
P03,FOODS_3_395,2012-10-17,10,90,FOODS
P03,FOODS_3_395,2012-10-18,2,90,FOODS
P03,FOODS_3_395,2012-10-19,9,90,FOODS
P03,FOODS_3_395,2012-10-20,13,91,FOODS
P03,FOODS_3_395,2012-10-21,6,91,FOODS
P03,FOODS_3_395,2012-10-22,6,91,FOODS
P03,FOODS_3_395,2012-10-23,8,91,FOODS
P03,FOODS_3_395,2012-10-24,2,91,FOODS
P03,FOODS_3_395,2012-10-25,7,91,FOODS
P03,FOODS_3_395,2012-10-26,10,91,FOODS
P03,FOODS_3_395,2012-10-27,7,92,FOODS
P03,FOODS_3_395,2012-10-28,12,92,FOODS
P03,FOODS_3_395,2012-10-29,3,92,FOODS
P03,FOODS_3_395,2012-10-30,6,92,FOODS
P03,FOODS_3_395,2012-10-31,5,92,FOODS
P03,FOODS_3_395,2012-11-01,7,92,FOODS
P03,FOODS_3_395,2012-11-02,12,92,FOODS
P03,FOODS_3_395,2012-11-03,10,93,FOODS
P03,FOODS_3_395,2012-11-04,16,93,FOODS
P03,FOODS_3_395,2012-11-05,12,93,FOODS
P03,FOODS_3_395,2012-11-06,11,93,FOODS
P03,FOODS_3_395,2012-11-07,9,93,FOODS
P03,FOODS_3_395,2012-11-08,13,93,FOODS
P03,FOODS_3_395,2012-11-09,12,93,FOODS
P03,FOODS_3_395,2012-11-10,10,94,FOODS
P03,FOODS_3_395,2012-11-11,13,94,FOODS
P03,FOODS_3_395,2012-11-12,12,94,FOODS
P03,FOODS_3_395,2012-11-13,13,94,FOODS
P03,FOODS_3_395,2012-11-14,10,94,FOODS
P03,FOODS_3_395,2012-11-15,9,94,FOODS
P03,FOODS_3_395,2012-11-16,10,94,FOODS
P03,FOODS_3_395,2012-11-17,12,95,FOODS
P03,FOODS_3_395,2012-11-18,7,95,FOODS
P03,FOODS_3_395,2012-11-19,11,95,FOODS
P03,FOODS_3_395,2012-11-20,8,95,FOODS
P03,FOODS_3_395,2012-11-21,4,95,FOODS
P03,FOODS_3_395,2012-11-22,2,95,FOODS
P03,FOODS_3_395,2012-11-23,5,95,FOODS
P03,FOODS_3_395,2012-11-24,6,96,FOODS
P03,FOODS_3_395,2012-11-25,6,96,FOODS
P03,FOODS_3_395,2012-11-26,5,96,FOODS
P03,FOODS_3_395,2012-11-27,9,96,FOODS
P03,FOODS_3_395,2012-11-28,6,96,FOODS
P03,FOODS_3_395,2012-11-29,7,96,FOODS
P03,FOODS_3_395,2012-11-30,3,96,FOODS
P03,FOODS_3_395,2012-12-01,6,97,FOODS
P03,FOODS_3_395,2012-12-02,15,97,FOODS
P03,FOODS_3_395,2012-12-03,8,97,FOODS
P03,FOODS_3_395,2012-12-04,7,97,FOODS
P03,FOODS_3_395,2012-12-05,6,97,FOODS
P03,FOODS_3_395,2012-12-06,13,97,FOODS
P03,FOODS_3_395,2012-12-07,5,97,FOODS
P03,FOODS_3_395,2012-12-08,13,98,FOODS
P03,FOODS_3_395,2012-12-09,9,98,FOODS
P03,FOODS_3_395,2012-12-10,3,98,FOODS
P03,FOODS_3_395,2012-12-11,15,98,FOODS
P03,FOODS_3_395,2012-12-12,12,98,FOODS
P03,FOODS_3_395,2012-12-13,6,98,FOODS
P03,FOODS_3_395,2012-12-14,15,98,FOODS
P03,FOODS_3_395,2012-12-15,17,99,FOODS
P03,FOODS_3_395,2012-12-16,14,99,FOODS
P03,FOODS_3_395,2012-12-17,5,99,FOODS
P03,FOODS_3_395,2012-12-18,2,99,FOODS
P03,FOODS_3_395,2012-12-19,9,99,FOODS
P03,FOODS_3_395,2012-12-20,4,99,FOODS
P03,FOODS_3_395,2012-12-21,8,99,FOODS
P03,FOODS_3_395,2012-12-22,8,100,FOODS
P03,FOODS_3_395,2012-12-23,8,100,FOODS
P03,FOODS_3_395,2012-12-24,4,100,FOODS
P03,FOODS_3_395,2012-12-25,0,100,FOODS
P03,FOODS_3_395,2012-12-26,8,100,FOODS
P03,FOODS_3_395,2012-12-27,7,100,FOODS
P03,FOODS_3_395,2012-12-28,6,100,FOODS
P03,FOODS_3_395,2012-12-29,9,101,FOODS
P03,FOODS_3_395,2012-12-30,8,101,FOODS
P03,FOODS_3_395,2012-12-31,6,101,FOODS
P03,FOODS_3_395,2013-01-01,4,101,FOODS
P03,FOODS_3_395,2013-01-02,9,101,FOODS
P03,FOODS_3_395,2013-01-03,8,101,FOODS
P03,FOODS_3_395,2013-01-04,7,101,FOODS
P03,FOODS_3_395,2013-01-05,12,102,FOODS
P03,FOODS_3_395,2013-01-06,22,102,FOODS
P03,FOODS_3_395,2013-01-07,13,102,FOODS
P03,FOODS_3_395,2013-01-08,9,102,FOODS
P03,FOODS_3_395,2013-01-09,15,102,FOODS
P03,FOODS_3_395,2013-01-10,6,102,FOODS
P03,FOODS_3_395,2013-01-11,8,102,FOODS
P03,FOODS_3_395,2013-01-12,14,103,FOODS
P03,FOODS_3_395,2013-01-13,13,103,FOODS
P03,FOODS_3_395,2013-01-14,14,103,FOODS
P03,FOODS_3_395,2013-01-15,11,103,FOODS
P03,FOODS_3_395,2013-01-16,2,103,FOODS
P03,FOODS_3_395,2013-01-17,21,103,FOODS
P03,FOODS_3_395,2013-01-18,8,103,FOODS
P03,FOODS_3_395,2013-01-19,10,104,FOODS
P03,FOODS_3_395,2013-01-20,7,104,FOODS
P03,FOODS_3_395,2013-01-21,7,104,FOODS
P03,FOODS_3_395,2013-01-22,4,104,FOODS
P03,FOODS_3_395,2013-01-23,10,104,FOODS
P03,FOODS_3_395,2013-01-24,8,104,FOODS
P03,FOODS_3_395,2013-01-25,14,104,FOODS
P03,FOODS_3_395,2013-01-26,15,105,FOODS
P03,FOODS_3_395,2013-01-27,12,105,FOODS
P03,FOODS_3_395,2013-01-28,6,105,FOODS
P03,FOODS_3_395,2013-01-29,2,105,FOODS
P03,FOODS_3_395,2013-01-30,1,105,FOODS
P03,FOODS_3_395,2013-01-31,4,105,FOODS
P03,FOODS_3_395,2013-02-01,13,105,FOODS
P03,FOODS_3_395,2013-02-02,10,106,FOODS
P03,FOODS_3_395,2013-02-03,12,106,FOODS
P03,FOODS_3_395,2013-02-04,12,106,FOODS
P03,FOODS_3_395,2013-02-05,9,106,FOODS
P03,FOODS_3_395,2013-02-06,6,106,FOODS
P03,FOODS_3_395,2013-02-07,11,106,FOODS
P03,FOODS_3_395,2013-02-08,9,106,FOODS
P03,FOODS_3_395,2013-02-09,16,107,FOODS
P03,FOODS_3_395,2013-02-10,18,107,FOODS
P03,FOODS_3_395,2013-02-11,11,107,FOODS
P03,FOODS_3_395,2013-02-12,8,107,FOODS
P03,FOODS_3_395,2013-02-13,13,107,FOODS
P03,FOODS_3_395,2013-02-14,7,107,FOODS
P03,FOODS_3_395,2013-02-15,11,107,FOODS
P03,FOODS_3_395,2013-02-16,11,108,FOODS
P03,FOODS_3_395,2013-02-17,13,108,FOODS
P03,FOODS_3_395,2013-02-18,8,108,FOODS
P03,FOODS_3_395,2013-02-19,13,108,FOODS
P03,FOODS_3_395,2013-02-20,8,108,FOODS
P03,FOODS_3_395,2013-02-21,10,108,FOODS
P03,FOODS_3_395,2013-02-22,8,108,FOODS
P03,FOODS_3_395,2013-02-23,13,109,FOODS
P03,FOODS_3_395,2013-02-24,16,109,FOODS
P03,FOODS_3_395,2013-02-25,8,109,FOODS
P03,FOODS_3_395,2013-02-26,7,109,FOODS
P03,FOODS_3_395,2013-02-27,6,109,FOODS
P03,FOODS_3_395,2013-02-28,10,109,FOODS
P03,FOODS_3_395,2013-03-01,9,109,FOODS
P03,FOODS_3_395,2013-03-02,14,110,FOODS
P03,FOODS_3_395,2013-03-03,10,110,FOODS
P03,FOODS_3_395,2013-03-04,8,110,FOODS
P03,FOODS_3_395,2013-03-05,4,110,FOODS
P03,FOODS_3_395,2013-03-06,10,110,FOODS
P03,FOODS_3_395,2013-03-07,7,110,FOODS
P03,FOODS_3_395,2013-03-08,15,110,FOODS
P03,FOODS_3_395,2013-03-09,11,111,FOODS
P03,FOODS_3_395,2013-03-10,6,111,FOODS
P03,FOODS_3_395,2013-03-11,8,111,FOODS
P03,FOODS_3_395,2013-03-12,12,111,FOODS
P03,FOODS_3_395,2013-03-13,10,111,FOODS
P03,FOODS_3_395,2013-03-14,17,111,FOODS
P03,FOODS_3_395,2013-03-15,12,111,FOODS
P03,FOODS_3_395,2013-03-16,12,112,FOODS
P03,FOODS_3_395,2013-03-17,10,112,FOODS
P03,FOODS_3_395,2013-03-18,10,112,FOODS
P03,FOODS_3_395,2013-03-19,10,112,FOODS
P03,FOODS_3_395,2013-03-20,7,112,FOODS
P03,FOODS_3_395,2013-03-21,12,112,FOODS
P03,FOODS_3_395,2013-03-22,8,112,FOODS
P03,FOODS_3_395,2013-03-23,13,113,FOODS
P03,FOODS_3_395,2013-03-24,10,113,FOODS
P03,FOODS_3_395,2013-03-25,11,113,FOODS
P03,FOODS_3_395,2013-03-26,16,113,FOODS
P03,FOODS_3_395,2013-03-27,6,113,FOODS
P03,FOODS_3_395,2013-03-28,7,113,FOODS
P03,FOODS_3_395,2013-03-29,6,113,FOODS
P03,FOODS_3_395,2013-03-30,7,114,FOODS
P03,FOODS_3_395,2013-03-31,12,114,FOODS
P03,FOODS_3_395,2013-04-01,5,114,FOODS
P03,FOODS_3_395,2013-04-02,5,114,FOODS
P03,FOODS_3_395,2013-04-03,9,114,FOODS
P03,FOODS_3_395,2013-04-04,5,114,FOODS
P03,FOODS_3_395,2013-04-05,15,114,FOODS
P03,FOODS_3_395,2013-04-06,17,115,FOODS
P03,FOODS_3_395,2013-04-07,8,115,FOODS
P03,FOODS_3_395,2013-04-08,8,115,FOODS
P03,FOODS_3_395,2013-04-09,9,115,FOODS
P03,FOODS_3_395,2013-04-10,7,115,FOODS
P03,FOODS_3_395,2013-04-11,12,115,FOODS
P03,FOODS_3_395,2013-04-12,10,115,FOODS
P03,FOODS_3_395,2013-04-13,18,116,FOODS
P03,FOODS_3_395,2013-04-14,4,116,FOODS
P03,FOODS_3_395,2013-04-15,12,116,FOODS
P03,FOODS_3_395,2013-04-16,10,116,FOODS
P03,FOODS_3_395,2013-04-17,9,116,FOODS
P03,FOODS_3_395,2013-04-18,6,116,FOODS
P03,FOODS_3_395,2013-04-19,6,116,FOODS
P03,FOODS_3_395,2013-04-20,10,117,FOODS
P03,FOODS_3_395,2013-04-21,5,117,FOODS
P03,FOODS_3_395,2013-04-22,7,117,FOODS
P03,FOODS_3_395,2013-04-23,9,117,FOODS
P03,FOODS_3_395,2013-04-24,11,117,FOODS
P03,FOODS_3_395,2013-04-25,9,117,FOODS
P03,FOODS_3_395,2013-04-26,7,117,FOODS
P03,FOODS_3_395,2013-04-27,6,118,FOODS
P03,FOODS_3_395,2013-04-28,15,118,FOODS
P03,FOODS_3_395,2013-04-29,9,118,FOODS
P03,FOODS_3_395,2013-04-30,8,118,FOODS
P03,FOODS_3_395,2013-05-01,3,118,FOODS
P03,FOODS_3_395,2013-05-02,9,118,FOODS
P03,FOODS_3_395,2013-05-03,10,118,FOODS
P03,FOODS_3_395,2013-05-04,9,119,FOODS
P03,FOODS_3_395,2013-05-05,20,119,FOODS
P03,FOODS_3_395,2013-05-06,11,119,FOODS
P03,FOODS_3_395,2013-05-07,6,119,FOODS
P03,FOODS_3_395,2013-05-08,12,119,FOODS
P03,FOODS_3_395,2013-05-09,9,119,FOODS
P03,FOODS_3_395,2013-05-10,8,119,FOODS
P03,FOODS_3_395,2013-05-11,15,120,FOODS
P03,FOODS_3_395,2013-05-12,17,120,FOODS
P03,FOODS_3_395,2013-05-13,9,120,FOODS
P03,FOODS_3_395,2013-05-14,4,120,FOODS
P03,FOODS_3_395,2013-05-15,5,120,FOODS
P03,FOODS_3_395,2013-05-16,13,120,FOODS
P03,FOODS_3_395,2013-05-17,10,120,FOODS
P03,FOODS_3_395,2013-05-18,10,121,FOODS
P03,FOODS_3_395,2013-05-19,10,121,FOODS
P03,FOODS_3_395,2013-05-20,1,121,FOODS
P03,FOODS_3_395,2013-05-21,6,121,FOODS
P03,FOODS_3_395,2013-05-22,8,121,FOODS
P03,FOODS_3_395,2013-05-23,5,121,FOODS
P03,FOODS_3_395,2013-05-24,11,121,FOODS
P03,FOODS_3_395,2013-05-25,10,122,FOODS
P03,FOODS_3_395,2013-05-26,4,122,FOODS
P03,FOODS_3_395,2013-05-27,9,122,FOODS
P03,FOODS_3_395,2013-05-28,9,122,FOODS
P03,FOODS_3_395,2013-05-29,5,122,FOODS
P03,FOODS_3_395,2013-05-30,6,122,FOODS
P03,FOODS_3_395,2013-05-31,8,122,FOODS
P03,FOODS_3_395,2013-06-01,16,123,FOODS
P03,FOODS_3_395,2013-06-02,13,123,FOODS
P03,FOODS_3_395,2013-06-03,8,123,FOODS
P03,FOODS_3_395,2013-06-04,3,123,FOODS
P03,FOODS_3_395,2013-06-05,7,123,FOODS
P03,FOODS_3_395,2013-06-06,7,123,FOODS
P03,FOODS_3_395,2013-06-07,4,123,FOODS
P03,FOODS_3_395,2013-06-08,6,124,FOODS
P03,FOODS_3_395,2013-06-09,12,124,FOODS
P03,FOODS_3_395,2013-06-10,5,124,FOODS
P03,FOODS_3_395,2013-06-11,7,124,FOODS
P03,FOODS_3_395,2013-06-12,12,124,FOODS
P03,FOODS_3_395,2013-06-13,8,124,FOODS
P03,FOODS_3_395,2013-06-14,7,124,FOODS
P03,FOODS_3_395,2013-06-15,8,125,FOODS
P03,FOODS_3_395,2013-06-16,3,125,FOODS
P03,FOODS_3_395,2013-06-17,10,125,FOODS
P03,FOODS_3_395,2013-06-18,10,125,FOODS
P03,FOODS_3_395,2013-06-19,7,125,FOODS
P03,FOODS_3_395,2013-06-20,4,125,FOODS
P03,FOODS_3_395,2013-06-21,6,125,FOODS
P03,FOODS_3_395,2013-06-22,11,126,FOODS
P03,FOODS_3_395,2013-06-23,8,126,FOODS
P03,FOODS_3_395,2013-06-24,2,126,FOODS
P03,FOODS_3_395,2013-06-25,6,126,FOODS
P03,FOODS_3_395,2013-06-26,5,126,FOODS
P03,FOODS_3_395,2013-06-27,5,126,FOODS
P03,FOODS_3_395,2013-06-28,8,126,FOODS
P03,FOODS_3_395,2013-06-29,22,127,FOODS
P03,FOODS_3_395,2013-06-30,6,127,FOODS
P03,FOODS_3_395,2013-07-01,8,127,FOODS
P03,FOODS_3_395,2013-07-02,6,127,FOODS
P03,FOODS_3_395,2013-07-03,7,127,FOODS
P03,FOODS_3_395,2013-07-04,4,127,FOODS
P03,FOODS_3_395,2013-07-05,11,127,FOODS
P03,FOODS_3_395,2013-07-06,10,128,FOODS
P03,FOODS_3_395,2013-07-07,8,128,FOODS
P03,FOODS_3_395,2013-07-08,9,128,FOODS
P03,FOODS_3_395,2013-07-09,8,128,FOODS
P03,FOODS_3_395,2013-07-10,5,128,FOODS
P03,FOODS_3_395,2013-07-11,12,128,FOODS
P03,FOODS_3_395,2013-07-12,7,128,FOODS
P03,FOODS_3_395,2013-07-13,9,129,FOODS
P03,FOODS_3_395,2013-07-14,13,129,FOODS
P03,FOODS_3_395,2013-07-15,6,129,FOODS
P03,FOODS_3_395,2013-07-16,2,129,FOODS
P03,FOODS_3_395,2013-07-17,3,129,FOODS
P03,FOODS_3_395,2013-07-18,5,129,FOODS
P03,FOODS_3_395,2013-07-19,6,129,FOODS
P03,FOODS_3_395,2013-07-20,4,130,FOODS
P03,FOODS_3_395,2013-07-21,7,130,FOODS
P03,FOODS_3_395,2013-07-22,6,130,FOODS
P03,FOODS_3_395,2013-07-23,7,130,FOODS
P03,FOODS_3_395,2013-07-24,4,130,FOODS
P03,FOODS_3_395,2013-07-25,8,130,FOODS
P03,FOODS_3_395,2013-07-26,4,130,FOODS
P03,FOODS_3_395,2013-07-27,5,131,FOODS
P03,FOODS_3_395,2013-07-28,9,131,FOODS
P03,FOODS_3_395,2013-07-29,4,131,FOODS
P03,FOODS_3_395,2013-07-30,6,131,FOODS
P03,FOODS_3_395,2013-07-31,9,131,FOODS
P03,FOODS_3_395,2013-08-01,4,131,FOODS
P03,FOODS_3_395,2013-08-02,6,131,FOODS
P03,FOODS_3_395,2013-08-03,6,132,FOODS
P03,FOODS_3_395,2013-08-04,10,132,FOODS
P03,FOODS_3_395,2013-08-05,9,132,FOODS
P03,FOODS_3_395,2013-08-06,6,132,FOODS
P03,FOODS_3_395,2013-08-07,8,132,FOODS
P03,FOODS_3_395,2013-08-08,4,132,FOODS
P03,FOODS_3_395,2013-08-09,12,132,FOODS
P03,FOODS_3_395,2013-08-10,7,133,FOODS
P03,FOODS_3_395,2013-08-11,16,133,FOODS
P03,FOODS_3_395,2013-08-12,5,133,FOODS
P03,FOODS_3_395,2013-08-13,12,133,FOODS
P03,FOODS_3_395,2013-08-14,8,133,FOODS
P03,FOODS_3_395,2013-08-15,5,133,FOODS
P03,FOODS_3_395,2013-08-16,9,133,FOODS
P03,FOODS_3_395,2013-08-17,6,134,FOODS
P03,FOODS_3_395,2013-08-18,10,134,FOODS
P03,FOODS_3_395,2013-08-19,7,134,FOODS
P03,FOODS_3_395,2013-08-20,15,134,FOODS
P03,FOODS_3_395,2013-08-21,8,134,FOODS
P03,FOODS_3_395,2013-08-22,4,134,FOODS
P03,FOODS_3_395,2013-08-23,7,134,FOODS
P03,FOODS_3_395,2013-08-24,11,135,FOODS
P03,FOODS_3_395,2013-08-25,6,135,FOODS
P03,FOODS_3_395,2013-08-26,3,135,FOODS
P03,FOODS_3_395,2013-08-27,4,135,FOODS
P03,FOODS_3_395,2013-08-28,7,135,FOODS
P03,FOODS_3_395,2013-08-29,11,135,FOODS
P03,FOODS_3_395,2013-08-30,9,135,FOODS
P03,FOODS_3_395,2013-08-31,7,136,FOODS
P03,FOODS_3_395,2013-09-01,9,136,FOODS
P03,FOODS_3_395,2013-09-02,14,136,FOODS
P03,FOODS_3_395,2013-09-03,9,136,FOODS
P03,FOODS_3_395,2013-09-04,7,136,FOODS
P03,FOODS_3_395,2013-09-05,9,136,FOODS
P03,FOODS_3_395,2013-09-06,4,136,FOODS
P03,FOODS_3_395,2013-09-07,7,137,FOODS
P03,FOODS_3_395,2013-09-08,10,137,FOODS
P03,FOODS_3_395,2013-09-09,12,137,FOODS
P03,FOODS_3_395,2013-09-10,7,137,FOODS
P03,FOODS_3_395,2013-09-11,6,137,FOODS
P03,FOODS_3_395,2013-09-12,14,137,FOODS
P03,FOODS_3_395,2013-09-13,13,137,FOODS
P03,FOODS_3_395,2013-09-14,9,138,FOODS
P03,FOODS_3_395,2013-09-15,11,138,FOODS
P03,FOODS_3_395,2013-09-16,6,138,FOODS
P03,FOODS_3_395,2013-09-17,2,138,FOODS
P03,FOODS_3_395,2013-09-18,3,138,FOODS
P03,FOODS_3_395,2013-09-19,10,138,FOODS
P03,FOODS_3_395,2013-09-20,1,138,FOODS
P03,FOODS_3_395,2013-09-21,13,139,FOODS
P03,FOODS_3_395,2013-09-22,10,139,FOODS
P03,FOODS_3_395,2013-09-23,4,139,FOODS
P03,FOODS_3_395,2013-09-24,5,139,FOODS
P03,FOODS_3_395,2013-09-25,3,139,FOODS
P03,FOODS_3_395,2013-09-26,7,139,FOODS
P03,FOODS_3_395,2013-09-27,5,139,FOODS
P03,FOODS_3_395,2013-09-28,7,140,FOODS
P03,FOODS_3_395,2013-09-29,15,140,FOODS
P03,FOODS_3_395,2013-09-30,6,140,FOODS
P03,FOODS_3_395,2013-10-01,11,140,FOODS
P03,FOODS_3_395,2013-10-02,12,140,FOODS
P03,FOODS_3_395,2013-10-03,9,140,FOODS
P03,FOODS_3_395,2013-10-04,7,140,FOODS
P03,FOODS_3_395,2013-10-05,11,141,FOODS
P03,FOODS_3_395,2013-10-06,7,141,FOODS
P03,FOODS_3_395,2013-10-07,8,141,FOODS
P03,FOODS_3_395,2013-10-08,13,141,FOODS
P03,FOODS_3_395,2013-10-09,3,141,FOODS
P03,FOODS_3_395,2013-10-10,6,141,FOODS
P03,FOODS_3_395,2013-10-11,7,141,FOODS
P03,FOODS_3_395,2013-10-12,2,142,FOODS
P03,FOODS_3_395,2013-10-13,9,142,FOODS
P03,FOODS_3_395,2013-10-14,7,142,FOODS
P03,FOODS_3_395,2013-10-15,9,142,FOODS
P03,FOODS_3_395,2013-10-16,11,142,FOODS
P03,FOODS_3_395,2013-10-17,10,142,FOODS
P03,FOODS_3_395,2013-10-18,15,142,FOODS
P03,FOODS_3_395,2013-10-19,9,143,FOODS
P03,FOODS_3_395,2013-10-20,7,143,FOODS
P03,FOODS_3_395,2013-10-21,7,143,FOODS
P03,FOODS_3_395,2013-10-22,4,143,FOODS
P03,FOODS_3_395,2013-10-23,5,143,FOODS
P03,FOODS_3_395,2013-10-24,8,143,FOODS
P03,FOODS_3_395,2013-10-25,10,143,FOODS
P03,FOODS_3_395,2013-10-26,2,144,FOODS
P03,FOODS_3_395,2013-10-27,5,144,FOODS
P03,FOODS_3_395,2013-10-28,4,144,FOODS
P03,FOODS_3_395,2013-10-29,4,144,FOODS
P03,FOODS_3_395,2013-10-30,7,144,FOODS
P03,FOODS_3_395,2013-10-31,3,144,FOODS
P03,FOODS_3_395,2013-11-01,7,144,FOODS
P03,FOODS_3_395,2013-11-02,11,145,FOODS
P03,FOODS_3_395,2013-11-03,9,145,FOODS
P03,FOODS_3_395,2013-11-04,5,145,FOODS
P03,FOODS_3_395,2013-11-05,4,145,FOODS
P03,FOODS_3_395,2013-11-06,5,145,FOODS
P03,FOODS_3_395,2013-11-07,7,145,FOODS
P03,FOODS_3_395,2013-11-08,9,145,FOODS
P03,FOODS_3_395,2013-11-09,5,146,FOODS
P03,FOODS_3_395,2013-11-10,13,146,FOODS
P03,FOODS_3_395,2013-11-11,10,146,FOODS
P03,FOODS_3_395,2013-11-12,10,146,FOODS
P03,FOODS_3_395,2013-11-13,8,146,FOODS
P03,FOODS_3_395,2013-11-14,5,146,FOODS
P03,FOODS_3_395,2013-11-15,15,146,FOODS
P03,FOODS_3_395,2013-11-16,3,147,FOODS
P03,FOODS_3_395,2013-11-17,12,147,FOODS
P03,FOODS_3_395,2013-11-18,6,147,FOODS
P03,FOODS_3_395,2013-11-19,9,147,FOODS
P03,FOODS_3_395,2013-11-20,5,147,FOODS
P03,FOODS_3_395,2013-11-21,6,147,FOODS
P03,FOODS_3_395,2013-11-22,7,147,FOODS
P03,FOODS_3_395,2013-11-23,2,148,FOODS
P03,FOODS_3_395,2013-11-24,5,148,FOODS
P03,FOODS_3_395,2013-11-25,5,148,FOODS
P03,FOODS_3_395,2013-11-26,3,148,FOODS
P03,FOODS_3_395,2013-11-27,5,148,FOODS
P03,FOODS_3_395,2013-11-28,2,148,FOODS
P03,FOODS_3_395,2013-11-29,6,148,FOODS
P03,FOODS_3_395,2013-11-30,10,149,FOODS
P03,FOODS_3_395,2013-12-01,9,149,FOODS
P03,FOODS_3_395,2013-12-02,4,149,FOODS
P03,FOODS_3_395,2013-12-03,14,149,FOODS
P03,FOODS_3_395,2013-12-04,3,149,FOODS
P03,FOODS_3_395,2013-12-05,13,149,FOODS
P03,FOODS_3_395,2013-12-06,11,149,FOODS
P03,FOODS_3_395,2013-12-07,4,150,FOODS
P03,FOODS_3_395,2013-12-08,8,150,FOODS
P03,FOODS_3_395,2013-12-09,4,150,FOODS
P03,FOODS_3_395,2013-12-10,4,150,FOODS
P03,FOODS_3_395,2013-12-11,4,150,FOODS
P03,FOODS_3_395,2013-12-12,7,150,FOODS
P03,FOODS_3_395,2013-12-13,7,150,FOODS
P03,FOODS_3_395,2013-12-14,7,151,FOODS
P03,FOODS_3_395,2013-12-15,14,151,FOODS
P03,FOODS_3_395,2013-12-16,6,151,FOODS
P03,FOODS_3_395,2013-12-17,4,151,FOODS
P03,FOODS_3_395,2013-12-18,4,151,FOODS
P03,FOODS_3_395,2013-12-19,15,151,FOODS
P03,FOODS_3_395,2013-12-20,5,151,FOODS
P03,FOODS_3_395,2013-12-21,7,152,FOODS
P03,FOODS_3_395,2013-12-22,7,152,FOODS
P03,FOODS_3_395,2013-12-23,4,152,FOODS
P03,FOODS_3_395,2013-12-24,0,152,FOODS
P03,FOODS_3_395,2013-12-25,0,152,FOODS
P03,FOODS_3_395,2013-12-26,8,152,FOODS
P03,FOODS_3_395,2013-12-27,5,152,FOODS
P03,FOODS_3_395,2013-12-28,4,153,FOODS
P03,FOODS_3_395,2013-12-29,3,153,FOODS
P03,FOODS_3_395,2013-12-30,5,153,FOODS
P03,FOODS_3_395,2013-12-31,4,153,FOODS
P03,FOODS_3_395,2014-01-01,3,153,FOODS
P03,FOODS_3_395,2014-01-02,9,153,FOODS
P03,FOODS_3_395,2014-01-03,8,153,FOODS
P03,FOODS_3_395,2014-01-04,13,154,FOODS
P03,FOODS_3_395,2014-01-05,4,154,FOODS
P03,FOODS_3_395,2014-01-06,6,154,FOODS
P03,FOODS_3_395,2014-01-07,3,154,FOODS
P03,FOODS_3_395,2014-01-08,5,154,FOODS
P03,FOODS_3_395,2014-01-09,6,154,FOODS
P03,FOODS_3_395,2014-01-10,5,154,FOODS
P03,FOODS_3_395,2014-01-11,14,155,FOODS
P03,FOODS_3_395,2014-01-12,12,155,FOODS
P03,FOODS_3_395,2014-01-13,6,155,FOODS
P03,FOODS_3_395,2014-01-14,6,155,FOODS
P03,FOODS_3_395,2014-01-15,10,155,FOODS
P03,FOODS_3_395,2014-01-16,4,155,FOODS
P03,FOODS_3_395,2014-01-17,5,155,FOODS
P03,FOODS_3_395,2014-01-18,8,156,FOODS
P03,FOODS_3_395,2014-01-19,9,156,FOODS
P03,FOODS_3_395,2014-01-20,3,156,FOODS
P03,FOODS_3_395,2014-01-21,8,156,FOODS
P03,FOODS_3_395,2014-01-22,7,156,FOODS
P03,FOODS_3_395,2014-01-23,4,156,FOODS
P03,FOODS_3_395,2014-01-24,7,156,FOODS
P03,FOODS_3_395,2014-01-25,12,157,FOODS
P03,FOODS_3_395,2014-01-26,8,157,FOODS
P03,FOODS_3_395,2014-01-27,10,157,FOODS
P03,FOODS_3_395,2014-01-28,1,157,FOODS
P03,FOODS_3_395,2014-01-29,3,157,FOODS
P03,FOODS_3_395,2014-01-30,2,157,FOODS
P03,FOODS_3_395,2014-01-31,8,157,FOODS
P03,FOODS_3_395,2014-02-01,13,158,FOODS
P03,FOODS_3_395,2014-02-02,9,158,FOODS
P03,FOODS_3_395,2014-02-03,8,158,FOODS
P03,FOODS_3_395,2014-02-04,9,158,FOODS
P03,FOODS_3_395,2014-02-05,6,158,FOODS
P03,FOODS_3_395,2014-02-06,9,158,FOODS
P03,FOODS_3_395,2014-02-07,8,158,FOODS
P03,FOODS_3_395,2014-02-08,12,159,FOODS
P03,FOODS_3_395,2014-02-09,9,159,FOODS
P03,FOODS_3_395,2014-02-10,2,159,FOODS
P03,FOODS_3_395,2014-02-11,4,159,FOODS
P03,FOODS_3_395,2014-02-12,5,159,FOODS
P03,FOODS_3_395,2014-02-13,11,159,FOODS
P03,FOODS_3_395,2014-02-14,11,159,FOODS
P03,FOODS_3_395,2014-02-15,6,160,FOODS
P03,FOODS_3_395,2014-02-16,11,160,FOODS
P03,FOODS_3_395,2014-02-17,9,160,FOODS
P03,FOODS_3_395,2014-02-18,11,160,FOODS
P03,FOODS_3_395,2014-02-19,7,160,FOODS
P03,FOODS_3_395,2014-02-20,5,160,FOODS
P03,FOODS_3_395,2014-02-21,9,160,FOODS
P03,FOODS_3_395,2014-02-22,9,161,FOODS
P03,FOODS_3_395,2014-02-23,12,161,FOODS
P03,FOODS_3_395,2014-02-24,5,161,FOODS
P03,FOODS_3_395,2014-02-25,3,161,FOODS
P03,FOODS_3_395,2014-02-26,9,161,FOODS
P03,FOODS_3_395,2014-02-27,4,161,FOODS
P03,FOODS_3_395,2014-02-28,9,161,FOODS
P03,FOODS_3_395,2014-03-01,7,162,FOODS
P03,FOODS_3_395,2014-03-02,13,162,FOODS
P03,FOODS_3_395,2014-03-03,8,162,FOODS
P03,FOODS_3_395,2014-03-04,10,162,FOODS
P03,FOODS_3_395,2014-03-05,9,162,FOODS
P03,FOODS_3_395,2014-03-06,9,162,FOODS
P03,FOODS_3_395,2014-03-07,4,162,FOODS
P03,FOODS_3_395,2014-03-08,10,163,FOODS
P03,FOODS_3_395,2014-03-09,7,163,FOODS
P03,FOODS_3_395,2014-03-10,5,163,FOODS
P03,FOODS_3_395,2014-03-11,5,163,FOODS
P03,FOODS_3_395,2014-03-12,10,163,FOODS
P03,FOODS_3_395,2014-03-13,7,163,FOODS
P03,FOODS_3_395,2014-03-14,13,163,FOODS
P03,FOODS_3_395,2014-03-15,10,164,FOODS
P03,FOODS_3_395,2014-03-16,10,164,FOODS
P03,FOODS_3_395,2014-03-17,5,164,FOODS
P03,FOODS_3_395,2014-03-18,6,164,FOODS
P03,FOODS_3_395,2014-03-19,2,164,FOODS
P03,FOODS_3_395,2014-03-20,12,164,FOODS
P03,FOODS_3_395,2014-03-21,6,164,FOODS
P03,FOODS_3_395,2014-03-22,8,165,FOODS
P03,FOODS_3_395,2014-03-23,8,165,FOODS
P03,FOODS_3_395,2014-03-24,3,165,FOODS
P03,FOODS_3_395,2014-03-25,2,165,FOODS
P03,FOODS_3_395,2014-03-26,7,165,FOODS
P03,FOODS_3_395,2014-03-27,7,165,FOODS
P03,FOODS_3_395,2014-03-28,10,165,FOODS
P03,FOODS_3_395,2014-03-29,12,166,FOODS
P03,FOODS_3_395,2014-03-30,5,166,FOODS
P03,FOODS_3_395,2014-03-31,5,166,FOODS
P03,FOODS_3_395,2014-04-01,11,166,FOODS
P03,FOODS_3_395,2014-04-02,7,166,FOODS
P03,FOODS_3_395,2014-04-03,3,166,FOODS
P03,FOODS_3_395,2014-04-04,6,166,FOODS
P03,FOODS_3_395,2014-04-05,10,167,FOODS
P03,FOODS_3_395,2014-04-06,14,167,FOODS
P03,FOODS_3_395,2014-04-07,5,167,FOODS
P03,FOODS_3_395,2014-04-08,6,167,FOODS
P03,FOODS_3_395,2014-04-09,13,167,FOODS
P03,FOODS_3_395,2014-04-10,8,167,FOODS
P03,FOODS_3_395,2014-04-11,8,167,FOODS
P03,FOODS_3_395,2014-04-12,7,168,FOODS
P03,FOODS_3_395,2014-04-13,11,168,FOODS
P03,FOODS_3_395,2014-04-14,8,168,FOODS
P03,FOODS_3_395,2014-04-15,5,168,FOODS
P03,FOODS_3_395,2014-04-16,7,168,FOODS
P03,FOODS_3_395,2014-04-17,6,168,FOODS
P03,FOODS_3_395,2014-04-18,8,168,FOODS
P03,FOODS_3_395,2014-04-19,9,169,FOODS
P03,FOODS_3_395,2014-04-20,4,169,FOODS
P03,FOODS_3_395,2014-04-21,11,169,FOODS
P03,FOODS_3_395,2014-04-22,11,169,FOODS
P03,FOODS_3_395,2014-04-23,5,169,FOODS
P03,FOODS_3_395,2014-04-24,4,169,FOODS
P03,FOODS_3_395,2014-04-25,7,169,FOODS
P03,FOODS_3_395,2014-04-26,4,170,FOODS
P03,FOODS_3_395,2014-04-27,6,170,FOODS
P03,FOODS_3_395,2014-04-28,3,170,FOODS
P03,FOODS_3_395,2014-04-29,2,170,FOODS
P03,FOODS_3_395,2014-04-30,5,170,FOODS
P03,FOODS_3_395,2014-05-01,1,170,FOODS
P03,FOODS_3_395,2014-05-02,13,170,FOODS
P03,FOODS_3_395,2014-05-03,16,171,FOODS
P03,FOODS_3_395,2014-05-04,4,171,FOODS
P03,FOODS_3_395,2014-05-05,4,171,FOODS
P03,FOODS_3_395,2014-05-06,9,171,FOODS
P03,FOODS_3_395,2014-05-07,12,171,FOODS
P03,FOODS_3_395,2014-05-08,1,171,FOODS
P03,FOODS_3_395,2014-05-09,7,171,FOODS
P03,FOODS_3_395,2014-05-10,7,172,FOODS
P03,FOODS_3_395,2014-05-11,6,172,FOODS
P03,FOODS_3_395,2014-05-12,4,172,FOODS
P03,FOODS_3_395,2014-05-13,6,172,FOODS
P03,FOODS_3_395,2014-05-14,5,172,FOODS
P03,FOODS_3_395,2014-05-15,6,172,FOODS
P03,FOODS_3_395,2014-05-16,11,172,FOODS
P03,FOODS_3_395,2014-05-17,10,173,FOODS
P03,FOODS_3_395,2014-05-18,8,173,FOODS
P03,FOODS_3_395,2014-05-19,2,173,FOODS
P03,FOODS_3_395,2014-05-20,5,173,FOODS
P03,FOODS_3_395,2014-05-21,7,173,FOODS
P03,FOODS_3_395,2014-05-22,8,173,FOODS
P03,FOODS_3_395,2014-05-23,4,173,FOODS
P03,FOODS_3_395,2014-05-24,5,174,FOODS
P03,FOODS_3_395,2014-05-25,10,174,FOODS
P03,FOODS_3_395,2014-05-26,10,174,FOODS
P03,FOODS_3_395,2014-05-27,3,174,FOODS
P03,FOODS_3_395,2014-05-28,2,174,FOODS
P03,FOODS_3_395,2014-05-29,7,174,FOODS
P03,FOODS_3_395,2014-05-30,4,174,FOODS
P03,FOODS_3_395,2014-05-31,4,175,FOODS
P03,FOODS_3_395,2014-06-01,2,175,FOODS
P03,FOODS_3_395,2014-06-02,6,175,FOODS
P03,FOODS_3_395,2014-06-03,13,175,FOODS
P03,FOODS_3_395,2014-06-04,3,175,FOODS
P03,FOODS_3_395,2014-06-05,3,175,FOODS
P03,FOODS_3_395,2014-06-06,7,175,FOODS
P03,FOODS_3_395,2014-06-07,3,176,FOODS
P03,FOODS_3_395,2014-06-08,12,176,FOODS
P03,FOODS_3_395,2014-06-09,11,176,FOODS
P03,FOODS_3_395,2014-06-10,3,176,FOODS
P03,FOODS_3_395,2014-06-11,5,176,FOODS
P03,FOODS_3_395,2014-06-12,5,176,FOODS
P03,FOODS_3_395,2014-06-13,11,176,FOODS
P03,FOODS_3_395,2014-06-14,7,177,FOODS
P03,FOODS_3_395,2014-06-15,5,177,FOODS
P03,FOODS_3_395,2014-06-16,7,177,FOODS
P03,FOODS_3_395,2014-06-17,8,177,FOODS
P03,FOODS_3_395,2014-06-18,6,177,FOODS
P03,FOODS_3_395,2014-06-19,2,177,FOODS
P03,FOODS_3_395,2014-06-20,6,177,FOODS
P03,FOODS_3_395,2014-06-21,7,178,FOODS
P03,FOODS_3_395,2014-06-22,11,178,FOODS
P03,FOODS_3_395,2014-06-23,5,178,FOODS
P03,FOODS_3_395,2014-06-24,5,178,FOODS
P03,FOODS_3_395,2014-06-25,5,178,FOODS
P03,FOODS_3_395,2014-06-26,7,178,FOODS
P03,FOODS_3_395,2014-06-27,9,178,FOODS
P03,FOODS_3_395,2014-06-28,6,179,FOODS
P03,FOODS_3_395,2014-06-29,3,179,FOODS
P03,FOODS_3_395,2014-06-30,9,179,FOODS
P03,FOODS_3_395,2014-07-01,4,179,FOODS
P03,FOODS_3_395,2014-07-02,5,179,FOODS
P03,FOODS_3_395,2014-07-03,15,179,FOODS
P03,FOODS_3_395,2014-07-04,6,179,FOODS
P03,FOODS_3_395,2014-07-05,5,180,FOODS
P03,FOODS_3_395,2014-07-06,5,180,FOODS
P03,FOODS_3_395,2014-07-07,3,180,FOODS
P03,FOODS_3_395,2014-07-08,7,180,FOODS
P03,FOODS_3_395,2014-07-09,8,180,FOODS
P03,FOODS_3_395,2014-07-10,6,180,FOODS
P03,FOODS_3_395,2014-07-11,7,180,FOODS
P03,FOODS_3_395,2014-07-12,6,181,FOODS
P03,FOODS_3_395,2014-07-13,11,181,FOODS
P03,FOODS_3_395,2014-07-14,3,181,FOODS
P03,FOODS_3_395,2014-07-15,10,181,FOODS
P03,FOODS_3_395,2014-07-16,2,181,FOODS
P03,FOODS_3_395,2014-07-17,1,181,FOODS
P03,FOODS_3_395,2014-07-18,8,181,FOODS
P03,FOODS_3_395,2014-07-19,5,182,FOODS
P03,FOODS_3_395,2014-07-20,9,182,FOODS
P03,FOODS_3_395,2014-07-21,4,182,FOODS
P03,FOODS_3_395,2014-07-22,3,182,FOODS
P03,FOODS_3_395,2014-07-23,4,182,FOODS
P03,FOODS_3_395,2014-07-24,4,182,FOODS
P03,FOODS_3_395,2014-07-25,7,182,FOODS
P03,FOODS_3_395,2014-07-26,8,183,FOODS
P03,FOODS_3_395,2014-07-27,4,183,FOODS
P03,FOODS_3_395,2014-07-28,5,183,FOODS
P03,FOODS_3_395,2014-07-29,5,183,FOODS
P03,FOODS_3_395,2014-07-30,0,183,FOODS
P03,FOODS_3_395,2014-07-31,5,183,FOODS
P03,FOODS_3_395,2014-08-01,4,183,FOODS
P03,FOODS_3_395,2014-08-02,7,184,FOODS
P03,FOODS_3_395,2014-08-03,8,184,FOODS
P03,FOODS_3_395,2014-08-04,6,184,FOODS
P03,FOODS_3_395,2014-08-05,5,184,FOODS
P03,FOODS_3_395,2014-08-06,6,184,FOODS
P03,FOODS_3_395,2014-08-07,12,184,FOODS
P03,FOODS_3_395,2014-08-08,9,184,FOODS
P03,FOODS_3_395,2014-08-09,9,185,FOODS
P03,FOODS_3_395,2014-08-10,2,185,FOODS
P03,FOODS_3_395,2014-08-11,2,185,FOODS
P03,FOODS_3_395,2014-08-12,8,185,FOODS
P03,FOODS_3_395,2014-08-13,10,185,FOODS
P03,FOODS_3_395,2014-08-14,10,185,FOODS
P03,FOODS_3_395,2014-08-15,6,185,FOODS
P03,FOODS_3_395,2014-08-16,9,186,FOODS
P03,FOODS_3_395,2014-08-17,6,186,FOODS
P03,FOODS_3_395,2014-08-18,8,186,FOODS
P03,FOODS_3_395,2014-08-19,10,186,FOODS
P03,FOODS_3_395,2014-08-20,7,186,FOODS
P03,FOODS_3_395,2014-08-21,1,186,FOODS
P03,FOODS_3_395,2014-08-22,5,186,FOODS
P03,FOODS_3_395,2014-08-23,8,187,FOODS
P03,FOODS_3_395,2014-08-24,6,187,FOODS
P03,FOODS_3_395,2014-08-25,2,187,FOODS
P03,FOODS_3_395,2014-08-26,3,187,FOODS
P03,FOODS_3_395,2014-08-27,5,187,FOODS
P03,FOODS_3_395,2014-08-28,11,187,FOODS
P03,FOODS_3_395,2014-08-29,8,187,FOODS
P03,FOODS_3_395,2014-08-30,1,188,FOODS
P03,FOODS_3_395,2014-08-31,10,188,FOODS
P03,FOODS_3_395,2014-09-01,6,188,FOODS
P03,FOODS_3_395,2014-09-02,8,188,FOODS
P03,FOODS_3_395,2014-09-03,7,188,FOODS
P03,FOODS_3_395,2014-09-04,8,188,FOODS
P03,FOODS_3_395,2014-09-05,7,188,FOODS
P03,FOODS_3_395,2014-09-06,7,189,FOODS
P03,FOODS_3_395,2014-09-07,8,189,FOODS
P03,FOODS_3_395,2014-09-08,5,189,FOODS
P03,FOODS_3_395,2014-09-09,8,189,FOODS
P03,FOODS_3_395,2014-09-10,2,189,FOODS
P03,FOODS_3_395,2014-09-11,6,189,FOODS
P03,FOODS_3_395,2014-09-12,8,189,FOODS
P03,FOODS_3_395,2014-09-13,6,190,FOODS
P03,FOODS_3_395,2014-09-14,4,190,FOODS
P03,FOODS_3_395,2014-09-15,12,190,FOODS
P03,FOODS_3_395,2014-09-16,4,190,FOODS
P03,FOODS_3_395,2014-09-17,7,190,FOODS
P03,FOODS_3_395,2014-09-18,8,190,FOODS
P03,FOODS_3_395,2014-09-19,5,190,FOODS
P03,FOODS_3_395,2014-09-20,2,191,FOODS
P03,FOODS_3_395,2014-09-21,3,191,FOODS
P03,FOODS_3_395,2014-09-22,4,191,FOODS
P03,FOODS_3_395,2014-09-23,6,191,FOODS
P03,FOODS_3_395,2014-09-24,8,191,FOODS
P03,FOODS_3_395,2014-09-25,5,191,FOODS
P03,FOODS_3_395,2014-09-26,3,191,FOODS
P03,FOODS_3_395,2014-09-27,3,192,FOODS
P03,FOODS_3_395,2014-09-28,8,192,FOODS
P03,FOODS_3_395,2014-09-29,3,192,FOODS
P03,FOODS_3_395,2014-09-30,5,192,FOODS
P03,FOODS_3_395,2014-10-01,2,192,FOODS
P03,FOODS_3_395,2014-10-02,3,192,FOODS
P03,FOODS_3_395,2014-10-03,3,192,FOODS
P03,FOODS_3_395,2014-10-04,13,193,FOODS
P03,FOODS_3_395,2014-10-05,8,193,FOODS
P03,FOODS_3_395,2014-10-06,4,193,FOODS
P03,FOODS_3_395,2014-10-07,4,193,FOODS
P03,FOODS_3_395,2014-10-08,7,193,FOODS
P03,FOODS_3_395,2014-10-09,10,193,FOODS
P03,FOODS_3_395,2014-10-10,3,193,FOODS
P03,FOODS_3_395,2014-10-11,5,194,FOODS
P03,FOODS_3_395,2014-10-12,5,194,FOODS
P03,FOODS_3_395,2014-10-13,1,194,FOODS
P03,FOODS_3_395,2014-10-14,4,194,FOODS
P03,FOODS_3_395,2014-10-15,6,194,FOODS
P03,FOODS_3_395,2014-10-16,1,194,FOODS
P03,FOODS_3_395,2014-10-17,3,194,FOODS
P03,FOODS_3_395,2014-10-18,6,195,FOODS
P03,FOODS_3_395,2014-10-19,7,195,FOODS
P03,FOODS_3_395,2014-10-20,3,195,FOODS
P03,FOODS_3_395,2014-10-21,5,195,FOODS
P03,FOODS_3_395,2014-10-22,1,195,FOODS
P03,FOODS_3_395,2014-10-23,3,195,FOODS
P03,FOODS_3_395,2014-10-24,4,195,FOODS
P03,FOODS_3_395,2014-10-25,12,196,FOODS
P03,FOODS_3_395,2014-10-26,5,196,FOODS
P03,FOODS_3_395,2014-10-27,6,196,FOODS
P03,FOODS_3_395,2014-10-28,4,196,FOODS
P03,FOODS_3_395,2014-10-29,2,196,FOODS
P03,FOODS_3_395,2014-10-30,5,196,FOODS
P03,FOODS_3_395,2014-10-31,9,196,FOODS
P03,FOODS_3_395,2014-11-01,7,197,FOODS
P03,FOODS_3_395,2014-11-02,5,197,FOODS
P03,FOODS_3_395,2014-11-03,4,197,FOODS
P03,FOODS_3_395,2014-11-04,9,197,FOODS
P03,FOODS_3_395,2014-11-05,7,197,FOODS
P03,FOODS_3_395,2014-11-06,11,197,FOODS
P03,FOODS_3_395,2014-11-07,7,197,FOODS
P03,FOODS_3_395,2014-11-08,12,198,FOODS
P03,FOODS_3_395,2014-11-09,17,198,FOODS
P03,FOODS_3_395,2014-11-10,6,198,FOODS
P03,FOODS_3_395,2014-11-11,11,198,FOODS
P03,FOODS_3_395,2014-11-12,2,198,FOODS
P03,FOODS_3_395,2014-11-13,7,198,FOODS
P03,FOODS_3_395,2014-11-14,3,198,FOODS
P03,FOODS_3_395,2014-11-15,6,199,FOODS
P03,FOODS_3_395,2014-11-16,2,199,FOODS
P03,FOODS_3_395,2014-11-17,8,199,FOODS
P03,FOODS_3_395,2014-11-18,5,199,FOODS
P03,FOODS_3_395,2014-11-19,3,199,FOODS
P03,FOODS_3_395,2014-11-20,6,199,FOODS
P03,FOODS_3_395,2014-11-21,2,199,FOODS
P03,FOODS_3_395,2014-11-22,5,200,FOODS
P03,FOODS_3_395,2014-11-23,4,200,FOODS
P03,FOODS_3_395,2014-11-24,2,200,FOODS
P03,FOODS_3_395,2014-11-25,4,200,FOODS
P03,FOODS_3_395,2014-11-26,5,200,FOODS
P03,FOODS_3_395,2014-11-27,5,200,FOODS
P03,FOODS_3_395,2014-11-28,3,200,FOODS
P03,FOODS_3_395,2014-11-29,9,201,FOODS
P03,FOODS_3_395,2014-11-30,3,201,FOODS
P03,FOODS_3_395,2014-12-01,5,201,FOODS
P03,FOODS_3_395,2014-12-02,2,201,FOODS
P03,FOODS_3_395,2014-12-03,8,201,FOODS
P03,FOODS_3_395,2014-12-04,5,201,FOODS
P03,FOODS_3_395,2014-12-05,9,201,FOODS
P03,FOODS_3_395,2014-12-06,9,202,FOODS
P03,FOODS_3_395,2014-12-07,9,202,FOODS
P03,FOODS_3_395,2014-12-08,6,202,FOODS
P03,FOODS_3_395,2014-12-09,11,202,FOODS
P03,FOODS_3_395,2014-12-10,4,202,FOODS
P03,FOODS_3_395,2014-12-11,4,202,FOODS
P03,FOODS_3_395,2014-12-12,5,202,FOODS
P03,FOODS_3_395,2014-12-13,10,203,FOODS
P03,FOODS_3_395,2014-12-14,13,203,FOODS
P03,FOODS_3_395,2014-12-15,7,203,FOODS
P03,FOODS_3_395,2014-12-16,2,203,FOODS
P03,FOODS_3_395,2014-12-17,6,203,FOODS
P03,FOODS_3_395,2014-12-18,4,203,FOODS
P03,FOODS_3_395,2014-12-19,3,203,FOODS
P03,FOODS_3_395,2014-12-20,4,204,FOODS
P03,FOODS_3_395,2014-12-21,4,204,FOODS
P03,FOODS_3_395,2014-12-22,2,204,FOODS
P03,FOODS_3_395,2014-12-23,3,204,FOODS
P03,FOODS_3_395,2014-12-24,8,204,FOODS
P03,FOODS_3_395,2014-12-25,0,204,FOODS
P03,FOODS_3_395,2014-12-26,1,204,FOODS
P03,FOODS_3_395,2014-12-27,3,205,FOODS
P03,FOODS_3_395,2014-12-28,8,205,FOODS
P03,FOODS_3_395,2014-12-29,0,205,FOODS
P03,FOODS_3_395,2014-12-30,8,205,FOODS
P03,FOODS_3_395,2014-12-31,9,205,FOODS
P03,FOODS_3_395,2015-01-01,5,205,FOODS
P03,FOODS_3_395,2015-01-02,6,205,FOODS
P03,FOODS_3_395,2015-01-03,6,206,FOODS
P03,FOODS_3_395,2015-01-04,7,206,FOODS
P03,FOODS_3_395,2015-01-05,5,206,FOODS
P03,FOODS_3_395,2015-01-06,11,206,FOODS
P03,FOODS_3_395,2015-01-07,3,206,FOODS
P03,FOODS_3_395,2015-01-08,7,206,FOODS
P03,FOODS_3_395,2015-01-09,7,206,FOODS
P03,FOODS_3_395,2015-01-10,4,207,FOODS
P03,FOODS_3_395,2015-01-11,5,207,FOODS
P03,FOODS_3_395,2015-01-12,5,207,FOODS
P03,FOODS_3_395,2015-01-13,6,207,FOODS
P03,FOODS_3_395,2015-01-14,9,207,FOODS
P03,FOODS_3_395,2015-01-15,7,207,FOODS
P03,FOODS_3_395,2015-01-16,4,207,FOODS
P03,FOODS_3_395,2015-01-17,7,208,FOODS
P03,FOODS_3_395,2015-01-18,8,208,FOODS
P03,FOODS_3_395,2015-01-19,3,208,FOODS
P03,FOODS_3_395,2015-01-20,2,208,FOODS
P03,FOODS_3_395,2015-01-21,6,208,FOODS
P03,FOODS_3_395,2015-01-22,2,208,FOODS
P03,FOODS_3_395,2015-01-23,6,208,FOODS
P03,FOODS_3_395,2015-01-24,2,209,FOODS
P03,FOODS_3_395,2015-01-25,5,209,FOODS
P03,FOODS_3_395,2015-01-26,3,209,FOODS
P03,FOODS_3_395,2015-01-27,10,209,FOODS
P03,FOODS_3_395,2015-01-28,2,209,FOODS
P03,FOODS_3_395,2015-01-29,5,209,FOODS
P03,FOODS_3_395,2015-01-30,9,209,FOODS
P03,FOODS_3_395,2015-01-31,11,210,FOODS
P03,FOODS_3_395,2015-02-01,1,210,FOODS
P03,FOODS_3_395,2015-02-02,4,210,FOODS
P03,FOODS_3_395,2015-02-03,7,210,FOODS
P03,FOODS_3_395,2015-02-04,5,210,FOODS
P03,FOODS_3_395,2015-02-05,7,210,FOODS
P03,FOODS_3_395,2015-02-06,9,210,FOODS
P03,FOODS_3_395,2015-02-07,12,211,FOODS
P03,FOODS_3_395,2015-02-08,9,211,FOODS
P03,FOODS_3_395,2015-02-09,8,211,FOODS
P03,FOODS_3_395,2015-02-10,5,211,FOODS
P03,FOODS_3_395,2015-02-11,7,211,FOODS
P03,FOODS_3_395,2015-02-12,5,211,FOODS
P03,FOODS_3_395,2015-02-13,5,211,FOODS
P03,FOODS_3_395,2015-02-14,3,212,FOODS
P03,FOODS_3_395,2015-02-15,7,212,FOODS
P03,FOODS_3_395,2015-02-16,7,212,FOODS
P03,FOODS_3_395,2015-02-17,7,212,FOODS
P03,FOODS_3_395,2015-02-18,2,212,FOODS
P03,FOODS_3_395,2015-02-19,12,212,FOODS
P03,FOODS_3_395,2015-02-20,2,212,FOODS
P03,FOODS_3_395,2015-02-21,5,213,FOODS
P03,FOODS_3_395,2015-02-22,4,213,FOODS
P03,FOODS_3_395,2015-02-23,5,213,FOODS
P03,FOODS_3_395,2015-02-24,3,213,FOODS
P03,FOODS_3_395,2015-02-25,6,213,FOODS
P03,FOODS_3_395,2015-02-26,8,213,FOODS
P03,FOODS_3_395,2015-02-27,11,213,FOODS
P03,FOODS_3_395,2015-02-28,11,214,FOODS
P03,FOODS_3_395,2015-03-01,5,214,FOODS
P03,FOODS_3_395,2015-03-02,7,214,FOODS
P03,FOODS_3_395,2015-03-03,12,214,FOODS
P03,FOODS_3_395,2015-03-04,5,214,FOODS
P03,FOODS_3_395,2015-03-05,4,214,FOODS
P03,FOODS_3_395,2015-03-06,5,214,FOODS
P03,FOODS_3_395,2015-03-07,7,215,FOODS
P03,FOODS_3_395,2015-03-08,12,215,FOODS
P03,FOODS_3_395,2015-03-09,11,215,FOODS
P03,FOODS_3_395,2015-03-10,4,215,FOODS
P03,FOODS_3_395,2015-03-11,5,215,FOODS
P03,FOODS_3_395,2015-03-12,7,215,FOODS
P03,FOODS_3_395,2015-03-13,8,215,FOODS
P03,FOODS_3_395,2015-03-14,9,216,FOODS
P03,FOODS_3_395,2015-03-15,9,216,FOODS
P03,FOODS_3_395,2015-03-16,16,216,FOODS
P03,FOODS_3_395,2015-03-17,4,216,FOODS
P03,FOODS_3_395,2015-03-18,1,216,FOODS
P03,FOODS_3_395,2015-03-19,8,216,FOODS
P03,FOODS_3_395,2015-03-20,7,216,FOODS
P03,FOODS_3_395,2015-03-21,9,217,FOODS
P03,FOODS_3_395,2015-03-22,6,217,FOODS
P03,FOODS_3_395,2015-03-23,6,217,FOODS
P03,FOODS_3_395,2015-03-24,5,217,FOODS
P03,FOODS_3_395,2015-03-25,2,217,FOODS
P03,FOODS_3_395,2015-03-26,2,217,FOODS
P03,FOODS_3_395,2015-03-27,10,217,FOODS
P03,FOODS_3_395,2015-03-28,4,218,FOODS
P03,FOODS_3_395,2015-03-29,2,218,FOODS
P03,FOODS_3_395,2015-03-30,5,218,FOODS
P03,FOODS_3_395,2015-03-31,4,218,FOODS
P03,FOODS_3_395,2015-04-01,6,218,FOODS
P03,FOODS_3_395,2015-04-02,5,218,FOODS
P03,FOODS_3_395,2015-04-03,7,218,FOODS
P03,FOODS_3_395,2015-04-04,8,219,FOODS
P03,FOODS_3_395,2015-04-05,11,219,FOODS
P03,FOODS_3_395,2015-04-06,8,219,FOODS
P03,FOODS_3_395,2015-04-07,13,219,FOODS
P03,FOODS_3_395,2015-04-08,3,219,FOODS
P03,FOODS_3_395,2015-04-09,7,219,FOODS
P03,FOODS_3_395,2015-04-10,5,219,FOODS
P03,FOODS_3_395,2015-04-11,12,220,FOODS
P03,FOODS_3_395,2015-04-12,3,220,FOODS
P03,FOODS_3_395,2015-04-13,4,220,FOODS
P03,FOODS_3_395,2015-04-14,15,220,FOODS
P03,FOODS_3_395,2015-04-15,6,220,FOODS
P03,FOODS_3_395,2015-04-16,5,220,FOODS
P03,FOODS_3_395,2015-04-17,5,220,FOODS
P03,FOODS_3_395,2015-04-18,7,221,FOODS
P03,FOODS_3_395,2015-04-19,9,221,FOODS
P03,FOODS_3_395,2015-04-20,6,221,FOODS
P03,FOODS_3_395,2015-04-21,6,221,FOODS
P03,FOODS_3_395,2015-04-22,3,221,FOODS
P03,FOODS_3_395,2015-04-23,5,221,FOODS
P03,FOODS_3_395,2015-04-24,4,221,FOODS
P03,FOODS_3_395,2015-04-25,6,222,FOODS
P03,FOODS_3_395,2015-04-26,7,222,FOODS
P03,FOODS_3_395,2015-04-27,5,222,FOODS
P03,FOODS_3_395,2015-04-28,2,222,FOODS
P03,FOODS_3_395,2015-04-29,7,222,FOODS
P03,FOODS_3_395,2015-04-30,7,222,FOODS
P03,FOODS_3_395,2015-05-01,7,222,FOODS
P03,FOODS_3_395,2015-05-02,17,223,FOODS
P03,FOODS_3_395,2015-05-03,17,223,FOODS
P03,FOODS_3_395,2015-05-04,10,223,FOODS
P03,FOODS_3_395,2015-05-05,3,223,FOODS
P03,FOODS_3_395,2015-05-06,8,223,FOODS
P03,FOODS_3_395,2015-05-07,7,223,FOODS
P03,FOODS_3_395,2015-05-08,5,223,FOODS
P03,FOODS_3_395,2015-05-09,8,224,FOODS
P03,FOODS_3_395,2015-05-10,10,224,FOODS
P03,FOODS_3_395,2015-05-11,10,224,FOODS
P03,FOODS_3_395,2015-05-12,2,224,FOODS
P03,FOODS_3_395,2015-05-13,7,224,FOODS
P03,FOODS_3_395,2015-05-14,9,224,FOODS
P03,FOODS_3_395,2015-05-15,4,224,FOODS
P03,FOODS_3_395,2015-05-16,10,225,FOODS
P03,FOODS_3_395,2015-05-17,3,225,FOODS
P03,FOODS_3_395,2015-05-18,8,225,FOODS
P03,FOODS_3_395,2015-05-19,7,225,FOODS
P03,FOODS_3_395,2015-05-20,12,225,FOODS
P03,FOODS_3_395,2015-05-21,5,225,FOODS
P03,FOODS_3_395,2015-05-22,5,225,FOODS
P03,FOODS_3_395,2015-05-23,4,226,FOODS
P03,FOODS_3_395,2015-05-24,0,226,FOODS
P03,FOODS_3_395,2015-05-25,3,226,FOODS
P03,FOODS_3_395,2015-05-26,4,226,FOODS
P03,FOODS_3_395,2015-05-27,3,226,FOODS
P03,FOODS_3_395,2015-05-28,3,226,FOODS
P03,FOODS_3_395,2015-05-29,5,226,FOODS
P03,FOODS_3_395,2015-05-30,9,227,FOODS
P03,FOODS_3_395,2015-05-31,10,227,FOODS
P03,FOODS_3_395,2015-06-01,5,227,FOODS
P03,FOODS_3_395,2015-06-02,8,227,FOODS
P03,FOODS_3_395,2015-06-03,13,227,FOODS
P03,FOODS_3_395,2015-06-04,6,227,FOODS
P03,FOODS_3_395,2015-06-05,5,227,FOODS
P03,FOODS_3_395,2015-06-06,13,228,FOODS
P03,FOODS_3_395,2015-06-07,14,228,FOODS
P03,FOODS_3_395,2015-06-08,5,228,FOODS
P03,FOODS_3_395,2015-06-09,3,228,FOODS
P03,FOODS_3_395,2015-06-10,7,228,FOODS
P03,FOODS_3_395,2015-06-11,11,228,FOODS
P03,FOODS_3_395,2015-06-12,6,228,FOODS
P03,FOODS_3_395,2015-06-13,8,229,FOODS
P03,FOODS_3_395,2015-06-14,6,229,FOODS
P03,FOODS_3_395,2015-06-15,14,229,FOODS
P03,FOODS_3_395,2015-06-16,5,229,FOODS
P03,FOODS_3_395,2015-06-17,3,229,FOODS
P03,FOODS_3_395,2015-06-18,9,229,FOODS
P03,FOODS_3_395,2015-06-19,7,229,FOODS
P03,FOODS_3_395,2015-06-20,8,230,FOODS
P03,FOODS_3_395,2015-06-21,2,230,FOODS
P03,FOODS_3_395,2015-06-22,7,230,FOODS
P03,FOODS_3_395,2015-06-23,4,230,FOODS
P03,FOODS_3_395,2015-06-24,3,230,FOODS
P03,FOODS_3_395,2015-06-25,2,230,FOODS
P03,FOODS_3_395,2015-06-26,9,230,FOODS
P03,FOODS_3_395,2015-06-27,6,231,FOODS
P03,FOODS_3_395,2015-06-28,12,231,FOODS
P03,FOODS_3_395,2015-06-29,6,231,FOODS
P03,FOODS_3_395,2015-06-30,3,231,FOODS
P03,FOODS_3_395,2015-07-01,3,231,FOODS
P03,FOODS_3_395,2015-07-02,5,231,FOODS
P03,FOODS_3_395,2015-07-03,14,231,FOODS
P03,FOODS_3_395,2015-07-04,7,232,FOODS
P03,FOODS_3_395,2015-07-05,14,232,FOODS
P03,FOODS_3_395,2015-07-06,7,232,FOODS
P03,FOODS_3_395,2015-07-07,6,232,FOODS
P03,FOODS_3_395,2015-07-08,5,232,FOODS
P03,FOODS_3_395,2015-07-09,9,232,FOODS
P03,FOODS_3_395,2015-07-10,9,232,FOODS
P03,FOODS_3_395,2015-07-11,9,233,FOODS
P03,FOODS_3_395,2015-07-12,16,233,FOODS
P03,FOODS_3_395,2015-07-13,5,233,FOODS
P03,FOODS_3_395,2015-07-14,5,233,FOODS
P03,FOODS_3_395,2015-07-15,4,233,FOODS
P03,FOODS_3_395,2015-07-16,8,233,FOODS
P03,FOODS_3_395,2015-07-17,7,233,FOODS
P03,FOODS_3_395,2015-07-18,5,234,FOODS
P03,FOODS_3_395,2015-07-19,8,234,FOODS
P03,FOODS_3_395,2015-07-20,2,234,FOODS
P03,FOODS_3_395,2015-07-21,5,234,FOODS
P03,FOODS_3_395,2015-07-22,4,234,FOODS
P03,FOODS_3_395,2015-07-23,6,234,FOODS
P03,FOODS_3_395,2015-07-24,11,234,FOODS
P03,FOODS_3_395,2015-07-25,8,235,FOODS
P03,FOODS_3_395,2015-07-26,6,235,FOODS
P03,FOODS_3_395,2015-07-27,9,235,FOODS
P03,FOODS_3_395,2015-07-28,6,235,FOODS
P03,FOODS_3_395,2015-07-29,12,235,FOODS
P03,FOODS_3_395,2015-07-30,3,235,FOODS
P03,FOODS_3_395,2015-07-31,3,235,FOODS
P03,FOODS_3_395,2015-08-01,13,236,FOODS
P03,FOODS_3_395,2015-08-02,9,236,FOODS
P03,FOODS_3_395,2015-08-03,5,236,FOODS
P03,FOODS_3_395,2015-08-04,12,236,FOODS
P03,FOODS_3_395,2015-08-05,7,236,FOODS
P03,FOODS_3_395,2015-08-06,6,236,FOODS
P03,FOODS_3_395,2015-08-07,4,236,FOODS
P03,FOODS_3_395,2015-08-08,12,237,FOODS
P03,FOODS_3_395,2015-08-09,6,237,FOODS
P03,FOODS_3_395,2015-08-10,3,237,FOODS
P03,FOODS_3_395,2015-08-11,8,237,FOODS
P03,FOODS_3_395,2015-08-12,6,237,FOODS
P03,FOODS_3_395,2015-08-13,13,237,FOODS
P03,FOODS_3_395,2015-08-14,10,237,FOODS
P03,FOODS_3_395,2015-08-15,7,238,FOODS
P03,FOODS_3_395,2015-08-16,10,238,FOODS
P03,FOODS_3_395,2015-08-17,8,238,FOODS
P03,FOODS_3_395,2015-08-18,3,238,FOODS
P03,FOODS_3_395,2015-08-19,7,238,FOODS
P03,FOODS_3_395,2015-08-20,5,238,FOODS
P03,FOODS_3_395,2015-08-21,3,238,FOODS
P03,FOODS_3_395,2015-08-22,13,239,FOODS
P03,FOODS_3_395,2015-08-23,8,239,FOODS
P03,FOODS_3_395,2015-08-24,10,239,FOODS
P03,FOODS_3_395,2015-08-25,7,239,FOODS
P03,FOODS_3_395,2015-08-26,8,239,FOODS
P03,FOODS_3_395,2015-08-27,4,239,FOODS
P03,FOODS_3_395,2015-08-28,2,239,FOODS
P03,FOODS_3_395,2015-08-29,7,240,FOODS
P03,FOODS_3_395,2015-08-30,13,240,FOODS
P03,FOODS_3_395,2015-08-31,7,240,FOODS
P03,FOODS_3_395,2015-09-01,6,240,FOODS
P03,FOODS_3_395,2015-09-02,6,240,FOODS
P03,FOODS_3_395,2015-09-03,5,240,FOODS
P03,FOODS_3_395,2015-09-04,15,240,FOODS
P03,FOODS_3_395,2015-09-05,14,241,FOODS
P03,FOODS_3_395,2015-09-06,10,241,FOODS
P03,FOODS_3_395,2015-09-07,14,241,FOODS
P03,FOODS_3_395,2015-09-08,11,241,FOODS
P03,FOODS_3_395,2015-09-09,7,241,FOODS
P03,FOODS_3_395,2015-09-10,7,241,FOODS
P03,FOODS_3_395,2015-09-11,6,241,FOODS
P03,FOODS_3_395,2015-09-12,9,242,FOODS
P03,FOODS_3_395,2015-09-13,13,242,FOODS
P03,FOODS_3_395,2015-09-14,5,242,FOODS
P03,FOODS_3_395,2015-09-15,7,242,FOODS
P03,FOODS_3_395,2015-09-16,6,242,FOODS
P03,FOODS_3_395,2015-09-17,3,242,FOODS
P03,FOODS_3_395,2015-09-18,4,242,FOODS
P03,FOODS_3_395,2015-09-19,6,243,FOODS
P03,FOODS_3_395,2015-09-20,14,243,FOODS
P03,FOODS_3_395,2015-09-21,8,243,FOODS
P03,FOODS_3_395,2015-09-22,4,243,FOODS
P03,FOODS_3_395,2015-09-23,11,243,FOODS
P03,FOODS_3_395,2015-09-24,5,243,FOODS
P03,FOODS_3_395,2015-09-25,2,243,FOODS
P03,FOODS_3_395,2015-09-26,9,244,FOODS
P03,FOODS_3_395,2015-09-27,7,244,FOODS
P03,FOODS_3_395,2015-09-28,6,244,FOODS
P03,FOODS_3_395,2015-09-29,5,244,FOODS
P03,FOODS_3_395,2015-09-30,6,244,FOODS
P03,FOODS_3_395,2015-10-01,4,244,FOODS
P03,FOODS_3_395,2015-10-02,7,244,FOODS
P03,FOODS_3_395,2015-10-03,14,245,FOODS
P03,FOODS_3_395,2015-10-04,8,245,FOODS
P03,FOODS_3_395,2015-10-05,9,245,FOODS
P03,FOODS_3_395,2015-10-06,3,245,FOODS
P03,FOODS_3_395,2015-10-07,7,245,FOODS
P03,FOODS_3_395,2015-10-08,5,245,FOODS
P03,FOODS_3_395,2015-10-09,12,245,FOODS
P03,FOODS_3_395,2015-10-10,9,246,FOODS
P03,FOODS_3_395,2015-10-11,5,246,FOODS
P03,FOODS_3_395,2015-10-12,4,246,FOODS
P03,FOODS_3_395,2015-10-13,4,246,FOODS
P03,FOODS_3_395,2015-10-14,4,246,FOODS
P03,FOODS_3_395,2015-10-15,3,246,FOODS
P03,FOODS_3_395,2015-10-16,4,246,FOODS
P03,FOODS_3_395,2015-10-17,8,247,FOODS
P03,FOODS_3_395,2015-10-18,2,247,FOODS
P03,FOODS_3_395,2015-10-19,7,247,FOODS
P03,FOODS_3_395,2015-10-20,6,247,FOODS
P03,FOODS_3_395,2015-10-21,7,247,FOODS
P03,FOODS_3_395,2015-10-22,2,247,FOODS
P03,FOODS_3_395,2015-10-23,4,247,FOODS
P03,FOODS_3_395,2015-10-24,14,248,FOODS
P03,FOODS_3_395,2015-10-25,6,248,FOODS
P03,FOODS_3_395,2015-10-26,4,248,FOODS
P03,FOODS_3_395,2015-10-27,2,248,FOODS
P03,FOODS_3_395,2015-10-28,9,248,FOODS
P03,FOODS_3_395,2015-10-29,1,248,FOODS
P03,FOODS_3_395,2015-10-30,11,248,FOODS
P03,FOODS_3_395,2015-10-31,10,249,FOODS
P03,FOODS_3_395,2015-11-01,3,249,FOODS
P03,FOODS_3_395,2015-11-02,3,249,FOODS
P03,FOODS_3_395,2015-11-03,9,249,FOODS
P03,FOODS_3_395,2015-11-04,8,249,FOODS
P03,FOODS_3_395,2015-11-05,6,249,FOODS
P03,FOODS_3_395,2015-11-06,2,249,FOODS
P03,FOODS_3_395,2015-11-07,10,250,FOODS
P03,FOODS_3_395,2015-11-08,6,250,FOODS
P03,FOODS_3_395,2015-11-09,9,250,FOODS
P03,FOODS_3_395,2015-11-10,4,250,FOODS
P03,FOODS_3_395,2015-11-11,9,250,FOODS
P03,FOODS_3_395,2015-11-12,7,250,FOODS
P03,FOODS_3_395,2015-11-13,4,250,FOODS
P03,FOODS_3_395,2015-11-14,7,251,FOODS
P03,FOODS_3_395,2015-11-15,13,251,FOODS
P03,FOODS_3_395,2015-11-16,3,251,FOODS
P03,FOODS_3_395,2015-11-17,6,251,FOODS
P03,FOODS_3_395,2015-11-18,12,251,FOODS
P03,FOODS_3_395,2015-11-19,5,251,FOODS
P03,FOODS_3_395,2015-11-20,4,251,FOODS
P03,FOODS_3_395,2015-11-21,9,252,FOODS
P03,FOODS_3_395,2015-11-22,14,252,FOODS
P03,FOODS_3_395,2015-11-23,4,252,FOODS
P03,FOODS_3_395,2015-11-24,8,252,FOODS
P03,FOODS_3_395,2015-11-25,6,252,FOODS
P03,FOODS_3_395,2015-11-26,1,252,FOODS
P03,FOODS_3_395,2015-11-27,1,252,FOODS
P03,FOODS_3_395,2015-11-28,10,253,FOODS
P03,FOODS_3_395,2015-11-29,8,253,FOODS
P03,FOODS_3_395,2015-11-30,4,253,FOODS
P03,FOODS_3_395,2015-12-01,5,253,FOODS
P03,FOODS_3_395,2015-12-02,4,253,FOODS
P03,FOODS_3_395,2015-12-03,9,253,FOODS
P03,FOODS_3_395,2015-12-04,7,253,FOODS
P03,FOODS_3_395,2015-12-05,10,254,FOODS
P03,FOODS_3_395,2015-12-06,6,254,FOODS
P03,FOODS_3_395,2015-12-07,6,254,FOODS
P03,FOODS_3_395,2015-12-08,6,254,FOODS
P03,FOODS_3_395,2015-12-09,5,254,FOODS
P03,FOODS_3_395,2015-12-10,3,254,FOODS
P03,FOODS_3_395,2015-12-11,7,254,FOODS
P03,FOODS_3_395,2015-12-12,9,255,FOODS
P03,FOODS_3_395,2015-12-13,8,255,FOODS
P03,FOODS_3_395,2015-12-14,9,255,FOODS
P03,FOODS_3_395,2015-12-15,5,255,FOODS
P03,FOODS_3_395,2015-12-16,1,255,FOODS
P03,FOODS_3_395,2015-12-17,4,255,FOODS
P03,FOODS_3_395,2015-12-18,3,255,FOODS
P03,FOODS_3_395,2015-12-19,8,256,FOODS
P03,FOODS_3_395,2015-12-20,10,256,FOODS
P03,FOODS_3_395,2015-12-21,3,256,FOODS
P03,FOODS_3_395,2015-12-22,10,256,FOODS
P03,FOODS_3_395,2015-12-23,1,256,FOODS
P03,FOODS_3_395,2015-12-24,2,256,FOODS
P03,FOODS_3_395,2015-12-25,0,256,FOODS
P03,FOODS_3_395,2015-12-26,11,257,FOODS
P03,FOODS_3_395,2015-12-27,8,257,FOODS
P03,FOODS_3_395,2015-12-28,4,257,FOODS
P03,FOODS_3_395,2015-12-29,5,257,FOODS
P03,FOODS_3_395,2015-12-30,4,257,FOODS
P03,FOODS_3_395,2015-12-31,7,257,FOODS
P03,FOODS_3_395,2016-01-01,7,257,FOODS
P03,FOODS_3_395,2016-01-02,7,258,FOODS
P03,FOODS_3_395,2016-01-03,7,258,FOODS
P03,FOODS_3_395,2016-01-04,9,258,FOODS
P03,FOODS_3_395,2016-01-05,8,258,FOODS
P03,FOODS_3_395,2016-01-06,12,258,FOODS
P03,FOODS_3_395,2016-01-07,7,258,FOODS
P03,FOODS_3_395,2016-01-08,10,258,FOODS
P03,FOODS_3_395,2016-01-09,11,259,FOODS
P03,FOODS_3_395,2016-01-10,7,259,FOODS
P03,FOODS_3_395,2016-01-11,5,259,FOODS
P03,FOODS_3_395,2016-01-12,9,259,FOODS
P03,FOODS_3_395,2016-01-13,8,259,FOODS
P03,FOODS_3_395,2016-01-14,8,259,FOODS
P03,FOODS_3_395,2016-01-15,10,259,FOODS
P03,FOODS_3_395,2016-01-16,7,260,FOODS
P03,FOODS_3_395,2016-01-17,6,260,FOODS
P03,FOODS_3_395,2016-01-18,7,260,FOODS
P03,FOODS_3_395,2016-01-19,12,260,FOODS
P03,FOODS_3_395,2016-01-20,10,260,FOODS
P03,FOODS_3_395,2016-01-21,7,260,FOODS
P03,FOODS_3_395,2016-01-22,5,260,FOODS
P03,FOODS_3_395,2016-01-23,6,261,FOODS
P03,FOODS_3_395,2016-01-24,10,261,FOODS
P03,FOODS_3_395,2016-01-25,5,261,FOODS
P03,FOODS_3_395,2016-01-26,3,261,FOODS
P03,FOODS_3_395,2016-01-27,7,261,FOODS
P03,FOODS_3_395,2016-01-28,2,261,FOODS
P03,FOODS_3_395,2016-01-29,9,261,FOODS
P03,FOODS_3_395,2016-01-30,2,262,FOODS
P03,FOODS_3_395,2016-01-31,4,262,FOODS
P03,FOODS_3_395,2016-02-01,9,262,FOODS
P03,FOODS_3_395,2016-02-02,3,262,FOODS
P03,FOODS_3_395,2016-02-03,9,262,FOODS
P03,FOODS_3_395,2016-02-04,9,262,FOODS
P03,FOODS_3_395,2016-02-05,8,262,FOODS
P03,FOODS_3_395,2016-02-06,10,263,FOODS
P03,FOODS_3_395,2016-02-07,7,263,FOODS
P03,FOODS_3_395,2016-02-08,7,263,FOODS
P03,FOODS_3_395,2016-02-09,3,263,FOODS
P03,FOODS_3_395,2016-02-10,9,263,FOODS
P03,FOODS_3_395,2016-02-11,8,263,FOODS
P03,FOODS_3_395,2016-02-12,4,263,FOODS
P03,FOODS_3_395,2016-02-13,11,264,FOODS
P03,FOODS_3_395,2016-02-14,10,264,FOODS
P03,FOODS_3_395,2016-02-15,5,264,FOODS
P03,FOODS_3_395,2016-02-16,11,264,FOODS
P03,FOODS_3_395,2016-02-17,7,264,FOODS
P03,FOODS_3_395,2016-02-18,4,264,FOODS
P03,FOODS_3_395,2016-02-19,6,264,FOODS
P03,FOODS_3_395,2016-02-20,7,265,FOODS
P03,FOODS_3_395,2016-02-21,9,265,FOODS
P03,FOODS_3_395,2016-02-22,1,265,FOODS
P03,FOODS_3_395,2016-02-23,6,265,FOODS
P03,FOODS_3_395,2016-02-24,7,265,FOODS
P03,FOODS_3_395,2016-02-25,4,265,FOODS
P03,FOODS_3_395,2016-02-26,6,265,FOODS
P03,FOODS_3_395,2016-02-27,12,266,FOODS
P03,FOODS_3_395,2016-02-28,10,266,FOODS
P03,FOODS_3_395,2016-02-29,8,266,FOODS
P03,FOODS_3_395,2016-03-01,9,266,FOODS
P03,FOODS_3_395,2016-03-02,6,266,FOODS
P03,FOODS_3_395,2016-03-03,8,266,FOODS
P03,FOODS_3_395,2016-03-04,2,266,FOODS
P03,FOODS_3_395,2016-03-05,15,267,FOODS
P03,FOODS_3_395,2016-03-06,13,267,FOODS
P03,FOODS_3_395,2016-03-07,5,267,FOODS
P03,FOODS_3_395,2016-03-08,4,267,FOODS
P03,FOODS_3_395,2016-03-09,14,267,FOODS
P03,FOODS_3_395,2016-03-10,7,267,FOODS
P03,FOODS_3_395,2016-03-11,8,267,FOODS
P03,FOODS_3_395,2016-03-12,4,268,FOODS
P03,FOODS_3_395,2016-03-13,9,268,FOODS
P03,FOODS_3_395,2016-03-14,12,268,FOODS
P03,FOODS_3_395,2016-03-15,2,268,FOODS
P03,FOODS_3_395,2016-03-16,10,268,FOODS
P03,FOODS_3_395,2016-03-17,3,268,FOODS
P03,FOODS_3_395,2016-03-18,6,268,FOODS
P03,FOODS_3_395,2016-03-19,8,269,FOODS
P03,FOODS_3_395,2016-03-20,8,269,FOODS
P03,FOODS_3_395,2016-03-21,8,269,FOODS
P03,FOODS_3_395,2016-03-22,3,269,FOODS
P03,FOODS_3_395,2016-03-23,9,269,FOODS
P03,FOODS_3_395,2016-03-24,6,269,FOODS
P03,FOODS_3_395,2016-03-25,7,269,FOODS
P03,FOODS_3_395,2016-03-26,9,270,FOODS
P03,FOODS_3_395,2016-03-27,5,270,FOODS
P03,FOODS_3_395,2016-03-28,7,270,FOODS
P03,FOODS_3_395,2016-03-29,5,270,FOODS
P03,FOODS_3_395,2016-03-30,4,270,FOODS
P03,FOODS_3_395,2016-03-31,3,270,FOODS
P03,FOODS_3_395,2016-04-01,3,270,FOODS
P03,FOODS_3_395,2016-04-02,8,271,FOODS
P03,FOODS_3_395,2016-04-03,14,271,FOODS
P03,FOODS_3_395,2016-04-04,6,271,FOODS
P03,FOODS_3_395,2016-04-05,11,271,FOODS
P03,FOODS_3_395,2016-04-06,8,271,FOODS
P03,FOODS_3_395,2016-04-07,7,271,FOODS
P03,FOODS_3_395,2016-04-08,15,271,FOODS
P03,FOODS_3_395,2016-04-09,3,272,FOODS
P03,FOODS_3_395,2016-04-10,11,272,FOODS
P03,FOODS_3_395,2016-04-11,11,272,FOODS
P03,FOODS_3_395,2016-04-12,3,272,FOODS
P03,FOODS_3_395,2016-04-13,7,272,FOODS
P03,FOODS_3_395,2016-04-14,13,272,FOODS
P03,FOODS_3_395,2016-04-15,6,272,FOODS
P03,FOODS_3_395,2016-04-16,8,273,FOODS
P03,FOODS_3_395,2016-04-17,5,273,FOODS
P03,FOODS_3_395,2016-04-18,10,273,FOODS
P03,FOODS_3_395,2016-04-19,4,273,FOODS
P03,FOODS_3_395,2016-04-20,8,273,FOODS
P03,FOODS_3_395,2016-04-21,4,273,FOODS
P03,FOODS_3_395,2016-04-22,3,273,FOODS
P04,FOODS_2_076,2011-01-29,6,1,FOODS
P04,FOODS_2_076,2011-01-30,6,1,FOODS
P04,FOODS_2_076,2011-01-31,3,1,FOODS
P04,FOODS_2_076,2011-02-01,6,1,FOODS
P04,FOODS_2_076,2011-02-02,4,1,FOODS
P04,FOODS_2_076,2011-02-03,8,1,FOODS
P04,FOODS_2_076,2011-02-04,7,1,FOODS
P04,FOODS_2_076,2011-02-05,9,2,FOODS
P04,FOODS_2_076,2011-02-06,6,2,FOODS
P04,FOODS_2_076,2011-02-07,5,2,FOODS
P04,FOODS_2_076,2011-02-08,9,2,FOODS
P04,FOODS_2_076,2011-02-09,7,2,FOODS
P04,FOODS_2_076,2011-02-10,8,2,FOODS
P04,FOODS_2_076,2011-02-11,4,2,FOODS
P04,FOODS_2_076,2011-02-12,12,3,FOODS
P04,FOODS_2_076,2011-02-13,14,3,FOODS
P04,FOODS_2_076,2011-02-14,6,3,FOODS
P04,FOODS_2_076,2011-02-15,11,3,FOODS
P04,FOODS_2_076,2011-02-16,7,3,FOODS
P04,FOODS_2_076,2011-02-17,7,3,FOODS
P04,FOODS_2_076,2011-02-18,4,3,FOODS
P04,FOODS_2_076,2011-02-19,7,4,FOODS
P04,FOODS_2_076,2011-02-20,9,4,FOODS
P04,FOODS_2_076,2011-02-21,5,4,FOODS
P04,FOODS_2_076,2011-02-22,4,4,FOODS
P04,FOODS_2_076,2011-02-23,3,4,FOODS
P04,FOODS_2_076,2011-02-24,4,4,FOODS
P04,FOODS_2_076,2011-02-25,6,4,FOODS
P04,FOODS_2_076,2011-02-26,8,5,FOODS
P04,FOODS_2_076,2011-02-27,11,5,FOODS
P04,FOODS_2_076,2011-02-28,10,5,FOODS
P04,FOODS_2_076,2011-03-01,9,5,FOODS
P04,FOODS_2_076,2011-03-02,6,5,FOODS
P04,FOODS_2_076,2011-03-03,3,5,FOODS
P04,FOODS_2_076,2011-03-04,0,5,FOODS
P04,FOODS_2_076,2011-03-05,0,6,FOODS
P04,FOODS_2_076,2011-03-06,0,6,FOODS
P04,FOODS_2_076,2011-03-07,0,6,FOODS
P04,FOODS_2_076,2011-03-08,0,6,FOODS
P04,FOODS_2_076,2011-03-09,0,6,FOODS
P04,FOODS_2_076,2011-03-10,0,6,FOODS
P04,FOODS_2_076,2011-03-11,1,6,FOODS
P04,FOODS_2_076,2011-03-12,1,7,FOODS
P04,FOODS_2_076,2011-03-13,2,7,FOODS
P04,FOODS_2_076,2011-03-14,2,7,FOODS
P04,FOODS_2_076,2011-03-15,0,7,FOODS
P04,FOODS_2_076,2011-03-16,0,7,FOODS
P04,FOODS_2_076,2011-03-17,1,7,FOODS
P04,FOODS_2_076,2011-03-18,0,7,FOODS
P04,FOODS_2_076,2011-03-19,0,8,FOODS
P04,FOODS_2_076,2011-03-20,2,8,FOODS
P04,FOODS_2_076,2011-03-21,0,8,FOODS
P04,FOODS_2_076,2011-03-22,0,8,FOODS
P04,FOODS_2_076,2011-03-23,0,8,FOODS
P04,FOODS_2_076,2011-03-24,0,8,FOODS
P04,FOODS_2_076,2011-03-25,0,8,FOODS
P04,FOODS_2_076,2011-03-26,0,9,FOODS
P04,FOODS_2_076,2011-03-27,0,9,FOODS
P04,FOODS_2_076,2011-03-28,0,9,FOODS
P04,FOODS_2_076,2011-03-29,0,9,FOODS
P04,FOODS_2_076,2011-03-30,0,9,FOODS
P04,FOODS_2_076,2011-03-31,0,9,FOODS
P04,FOODS_2_076,2011-04-01,0,9,FOODS
P04,FOODS_2_076,2011-04-02,0,10,FOODS
P04,FOODS_2_076,2011-04-03,0,10,FOODS
P04,FOODS_2_076,2011-04-04,0,10,FOODS
P04,FOODS_2_076,2011-04-05,0,10,FOODS
P04,FOODS_2_076,2011-04-06,0,10,FOODS
P04,FOODS_2_076,2011-04-07,0,10,FOODS
P04,FOODS_2_076,2011-04-08,0,10,FOODS
P04,FOODS_2_076,2011-04-09,0,11,FOODS
P04,FOODS_2_076,2011-04-10,0,11,FOODS
P04,FOODS_2_076,2011-04-11,0,11,FOODS
P04,FOODS_2_076,2011-04-12,0,11,FOODS
P04,FOODS_2_076,2011-04-13,0,11,FOODS
P04,FOODS_2_076,2011-04-14,0,11,FOODS
P04,FOODS_2_076,2011-04-15,0,11,FOODS
P04,FOODS_2_076,2011-04-16,0,12,FOODS
P04,FOODS_2_076,2011-04-17,0,12,FOODS
P04,FOODS_2_076,2011-04-18,0,12,FOODS
P04,FOODS_2_076,2011-04-19,0,12,FOODS
P04,FOODS_2_076,2011-04-20,0,12,FOODS
P04,FOODS_2_076,2011-04-21,0,12,FOODS
P04,FOODS_2_076,2011-04-22,0,12,FOODS
P04,FOODS_2_076,2011-04-23,0,13,FOODS
P04,FOODS_2_076,2011-04-24,0,13,FOODS
P04,FOODS_2_076,2011-04-25,0,13,FOODS
P04,FOODS_2_076,2011-04-26,0,13,FOODS
P04,FOODS_2_076,2011-04-27,0,13,FOODS
P04,FOODS_2_076,2011-04-28,0,13,FOODS
P04,FOODS_2_076,2011-04-29,0,13,FOODS
P04,FOODS_2_076,2011-04-30,0,14,FOODS
P04,FOODS_2_076,2011-05-01,0,14,FOODS
P04,FOODS_2_076,2011-05-02,0,14,FOODS
P04,FOODS_2_076,2011-05-03,0,14,FOODS
P04,FOODS_2_076,2011-05-04,0,14,FOODS
P04,FOODS_2_076,2011-05-05,0,14,FOODS
P04,FOODS_2_076,2011-05-06,0,14,FOODS
P04,FOODS_2_076,2011-05-07,0,15,FOODS
P04,FOODS_2_076,2011-05-08,0,15,FOODS
P04,FOODS_2_076,2011-05-09,0,15,FOODS
P04,FOODS_2_076,2011-05-10,0,15,FOODS
P04,FOODS_2_076,2011-05-11,1,15,FOODS
P04,FOODS_2_076,2011-05-12,0,15,FOODS
P04,FOODS_2_076,2011-05-13,0,15,FOODS
P04,FOODS_2_076,2011-05-14,0,16,FOODS
P04,FOODS_2_076,2011-05-15,0,16,FOODS
P04,FOODS_2_076,2011-05-16,0,16,FOODS
P04,FOODS_2_076,2011-05-17,0,16,FOODS
P04,FOODS_2_076,2011-05-18,0,16,FOODS
P04,FOODS_2_076,2011-05-19,0,16,FOODS
P04,FOODS_2_076,2011-05-20,0,16,FOODS
P04,FOODS_2_076,2011-05-21,0,17,FOODS
P04,FOODS_2_076,2011-05-22,0,17,FOODS
P04,FOODS_2_076,2011-05-23,0,17,FOODS
P04,FOODS_2_076,2011-05-24,0,17,FOODS
P04,FOODS_2_076,2011-05-25,0,17,FOODS
P04,FOODS_2_076,2011-05-26,0,17,FOODS
P04,FOODS_2_076,2011-05-27,0,17,FOODS
P04,FOODS_2_076,2011-05-28,0,18,FOODS
P04,FOODS_2_076,2011-05-29,0,18,FOODS
P04,FOODS_2_076,2011-05-30,0,18,FOODS
P04,FOODS_2_076,2011-05-31,0,18,FOODS
P04,FOODS_2_076,2011-06-01,1,18,FOODS
P04,FOODS_2_076,2011-06-02,5,18,FOODS
P04,FOODS_2_076,2011-06-03,12,18,FOODS
P04,FOODS_2_076,2011-06-04,10,19,FOODS
P04,FOODS_2_076,2011-06-05,8,19,FOODS
P04,FOODS_2_076,2011-06-06,7,19,FOODS
P04,FOODS_2_076,2011-06-07,9,19,FOODS
P04,FOODS_2_076,2011-06-08,5,19,FOODS
P04,FOODS_2_076,2011-06-09,8,19,FOODS
P04,FOODS_2_076,2011-06-10,11,19,FOODS
P04,FOODS_2_076,2011-06-11,12,20,FOODS
P04,FOODS_2_076,2011-06-12,20,20,FOODS
P04,FOODS_2_076,2011-06-13,11,20,FOODS
P04,FOODS_2_076,2011-06-14,11,20,FOODS
P04,FOODS_2_076,2011-06-15,10,20,FOODS
P04,FOODS_2_076,2011-06-16,6,20,FOODS
P04,FOODS_2_076,2011-06-17,6,20,FOODS
P04,FOODS_2_076,2011-06-18,9,21,FOODS
P04,FOODS_2_076,2011-06-19,3,21,FOODS
P04,FOODS_2_076,2011-06-20,7,21,FOODS
P04,FOODS_2_076,2011-06-21,7,21,FOODS
P04,FOODS_2_076,2011-06-22,7,21,FOODS
P04,FOODS_2_076,2011-06-23,4,21,FOODS
P04,FOODS_2_076,2011-06-24,7,21,FOODS
P04,FOODS_2_076,2011-06-25,4,22,FOODS
P04,FOODS_2_076,2011-06-26,10,22,FOODS
P04,FOODS_2_076,2011-06-27,12,22,FOODS
P04,FOODS_2_076,2011-06-28,3,22,FOODS
P04,FOODS_2_076,2011-06-29,4,22,FOODS
P04,FOODS_2_076,2011-06-30,4,22,FOODS
P04,FOODS_2_076,2011-07-01,5,22,FOODS
P04,FOODS_2_076,2011-07-02,1,23,FOODS
P04,FOODS_2_076,2011-07-03,2,23,FOODS
P04,FOODS_2_076,2011-07-04,4,23,FOODS
P04,FOODS_2_076,2011-07-05,4,23,FOODS
P04,FOODS_2_076,2011-07-06,2,23,FOODS
P04,FOODS_2_076,2011-07-07,7,23,FOODS
P04,FOODS_2_076,2011-07-08,4,23,FOODS
P04,FOODS_2_076,2011-07-09,7,24,FOODS
P04,FOODS_2_076,2011-07-10,5,24,FOODS
P04,FOODS_2_076,2011-07-11,12,24,FOODS
P04,FOODS_2_076,2011-07-12,10,24,FOODS
P04,FOODS_2_076,2011-07-13,8,24,FOODS
P04,FOODS_2_076,2011-07-14,11,24,FOODS
P04,FOODS_2_076,2011-07-15,12,24,FOODS
P04,FOODS_2_076,2011-07-16,6,25,FOODS
P04,FOODS_2_076,2011-07-17,8,25,FOODS
P04,FOODS_2_076,2011-07-18,5,25,FOODS
P04,FOODS_2_076,2011-07-19,3,25,FOODS
P04,FOODS_2_076,2011-07-20,6,25,FOODS
P04,FOODS_2_076,2011-07-21,12,25,FOODS
P04,FOODS_2_076,2011-07-22,3,25,FOODS
P04,FOODS_2_076,2011-07-23,3,26,FOODS
P04,FOODS_2_076,2011-07-24,4,26,FOODS
P04,FOODS_2_076,2011-07-25,4,26,FOODS
P04,FOODS_2_076,2011-07-26,4,26,FOODS
P04,FOODS_2_076,2011-07-27,1,26,FOODS
P04,FOODS_2_076,2011-07-28,8,26,FOODS
P04,FOODS_2_076,2011-07-29,2,26,FOODS
P04,FOODS_2_076,2011-07-30,5,27,FOODS
P04,FOODS_2_076,2011-07-31,3,27,FOODS
P04,FOODS_2_076,2011-08-01,7,27,FOODS
P04,FOODS_2_076,2011-08-02,7,27,FOODS
P04,FOODS_2_076,2011-08-03,9,27,FOODS
P04,FOODS_2_076,2011-08-04,5,27,FOODS
P04,FOODS_2_076,2011-08-05,6,27,FOODS
P04,FOODS_2_076,2011-08-06,3,28,FOODS
P04,FOODS_2_076,2011-08-07,7,28,FOODS
P04,FOODS_2_076,2011-08-08,7,28,FOODS
P04,FOODS_2_076,2011-08-09,1,28,FOODS
P04,FOODS_2_076,2011-08-10,7,28,FOODS
P04,FOODS_2_076,2011-08-11,7,28,FOODS
P04,FOODS_2_076,2011-08-12,7,28,FOODS
P04,FOODS_2_076,2011-08-13,4,29,FOODS
P04,FOODS_2_076,2011-08-14,8,29,FOODS
P04,FOODS_2_076,2011-08-15,7,29,FOODS
P04,FOODS_2_076,2011-08-16,10,29,FOODS
P04,FOODS_2_076,2011-08-17,2,29,FOODS
P04,FOODS_2_076,2011-08-18,4,29,FOODS
P04,FOODS_2_076,2011-08-19,5,29,FOODS
P04,FOODS_2_076,2011-08-20,8,30,FOODS
P04,FOODS_2_076,2011-08-21,4,30,FOODS
P04,FOODS_2_076,2011-08-22,9,30,FOODS
P04,FOODS_2_076,2011-08-23,0,30,FOODS
P04,FOODS_2_076,2011-08-24,1,30,FOODS
P04,FOODS_2_076,2011-08-25,4,30,FOODS
P04,FOODS_2_076,2011-08-26,6,30,FOODS
P04,FOODS_2_076,2011-08-27,4,31,FOODS
P04,FOODS_2_076,2011-08-28,3,31,FOODS
P04,FOODS_2_076,2011-08-29,3,31,FOODS
P04,FOODS_2_076,2011-08-30,5,31,FOODS
P04,FOODS_2_076,2011-08-31,4,31,FOODS
P04,FOODS_2_076,2011-09-01,5,31,FOODS
P04,FOODS_2_076,2011-09-02,4,31,FOODS
P04,FOODS_2_076,2011-09-03,6,32,FOODS
P04,FOODS_2_076,2011-09-04,3,32,FOODS
P04,FOODS_2_076,2011-09-05,6,32,FOODS
P04,FOODS_2_076,2011-09-06,11,32,FOODS
P04,FOODS_2_076,2011-09-07,6,32,FOODS
P04,FOODS_2_076,2011-09-08,4,32,FOODS
P04,FOODS_2_076,2011-09-09,4,32,FOODS
P04,FOODS_2_076,2011-09-10,6,33,FOODS
P04,FOODS_2_076,2011-09-11,5,33,FOODS
P04,FOODS_2_076,2011-09-12,7,33,FOODS
P04,FOODS_2_076,2011-09-13,7,33,FOODS
P04,FOODS_2_076,2011-09-14,5,33,FOODS
P04,FOODS_2_076,2011-09-15,8,33,FOODS
P04,FOODS_2_076,2011-09-16,12,33,FOODS
P04,FOODS_2_076,2011-09-17,1,34,FOODS
P04,FOODS_2_076,2011-09-18,3,34,FOODS
P04,FOODS_2_076,2011-09-19,1,34,FOODS
P04,FOODS_2_076,2011-09-20,1,34,FOODS
P04,FOODS_2_076,2011-09-21,5,34,FOODS
P04,FOODS_2_076,2011-09-22,5,34,FOODS
P04,FOODS_2_076,2011-09-23,2,34,FOODS
P04,FOODS_2_076,2011-09-24,2,35,FOODS
P04,FOODS_2_076,2011-09-25,8,35,FOODS
P04,FOODS_2_076,2011-09-26,9,35,FOODS
P04,FOODS_2_076,2011-09-27,5,35,FOODS
P04,FOODS_2_076,2011-09-28,2,35,FOODS
P04,FOODS_2_076,2011-09-29,3,35,FOODS
P04,FOODS_2_076,2011-09-30,1,35,FOODS
P04,FOODS_2_076,2011-10-01,8,36,FOODS
P04,FOODS_2_076,2011-10-02,12,36,FOODS
P04,FOODS_2_076,2011-10-03,7,36,FOODS
P04,FOODS_2_076,2011-10-04,3,36,FOODS
P04,FOODS_2_076,2011-10-05,6,36,FOODS
P04,FOODS_2_076,2011-10-06,2,36,FOODS
P04,FOODS_2_076,2011-10-07,6,36,FOODS
P04,FOODS_2_076,2011-10-08,4,37,FOODS
P04,FOODS_2_076,2011-10-09,4,37,FOODS
P04,FOODS_2_076,2011-10-10,4,37,FOODS
P04,FOODS_2_076,2011-10-11,2,37,FOODS
P04,FOODS_2_076,2011-10-12,8,37,FOODS
P04,FOODS_2_076,2011-10-13,8,37,FOODS
P04,FOODS_2_076,2011-10-14,2,37,FOODS
P04,FOODS_2_076,2011-10-15,9,38,FOODS
P04,FOODS_2_076,2011-10-16,3,38,FOODS
P04,FOODS_2_076,2011-10-17,11,38,FOODS
P04,FOODS_2_076,2011-10-18,3,38,FOODS
P04,FOODS_2_076,2011-10-19,4,38,FOODS
P04,FOODS_2_076,2011-10-20,2,38,FOODS
P04,FOODS_2_076,2011-10-21,3,38,FOODS
P04,FOODS_2_076,2011-10-22,3,39,FOODS
P04,FOODS_2_076,2011-10-23,5,39,FOODS
P04,FOODS_2_076,2011-10-24,5,39,FOODS
P04,FOODS_2_076,2011-10-25,5,39,FOODS
P04,FOODS_2_076,2011-10-26,2,39,FOODS
P04,FOODS_2_076,2011-10-27,2,39,FOODS
P04,FOODS_2_076,2011-10-28,3,39,FOODS
P04,FOODS_2_076,2011-10-29,7,40,FOODS
P04,FOODS_2_076,2011-10-30,8,40,FOODS
P04,FOODS_2_076,2011-10-31,5,40,FOODS
P04,FOODS_2_076,2011-11-01,5,40,FOODS
P04,FOODS_2_076,2011-11-02,4,40,FOODS
P04,FOODS_2_076,2011-11-03,4,40,FOODS
P04,FOODS_2_076,2011-11-04,5,40,FOODS
P04,FOODS_2_076,2011-11-05,6,41,FOODS
P04,FOODS_2_076,2011-11-06,12,41,FOODS
P04,FOODS_2_076,2011-11-07,7,41,FOODS
P04,FOODS_2_076,2011-11-08,8,41,FOODS
P04,FOODS_2_076,2011-11-09,6,41,FOODS
P04,FOODS_2_076,2011-11-10,6,41,FOODS
P04,FOODS_2_076,2011-11-11,6,41,FOODS
P04,FOODS_2_076,2011-11-12,5,42,FOODS
P04,FOODS_2_076,2011-11-13,11,42,FOODS
P04,FOODS_2_076,2011-11-14,2,42,FOODS
P04,FOODS_2_076,2011-11-15,6,42,FOODS
P04,FOODS_2_076,2011-11-16,4,42,FOODS
P04,FOODS_2_076,2011-11-17,9,42,FOODS
P04,FOODS_2_076,2011-11-18,2,42,FOODS
P04,FOODS_2_076,2011-11-19,5,43,FOODS
P04,FOODS_2_076,2011-11-20,5,43,FOODS
P04,FOODS_2_076,2011-11-21,8,43,FOODS
P04,FOODS_2_076,2011-11-22,2,43,FOODS
P04,FOODS_2_076,2011-11-23,1,43,FOODS
P04,FOODS_2_076,2011-11-24,1,43,FOODS
P04,FOODS_2_076,2011-11-25,1,43,FOODS
P04,FOODS_2_076,2011-11-26,5,44,FOODS
P04,FOODS_2_076,2011-11-27,5,44,FOODS
P04,FOODS_2_076,2011-11-28,3,44,FOODS
P04,FOODS_2_076,2011-11-29,2,44,FOODS
P04,FOODS_2_076,2011-11-30,1,44,FOODS
P04,FOODS_2_076,2011-12-01,3,44,FOODS
P04,FOODS_2_076,2011-12-02,6,44,FOODS
P04,FOODS_2_076,2011-12-03,6,45,FOODS
P04,FOODS_2_076,2011-12-04,3,45,FOODS
P04,FOODS_2_076,2011-12-05,7,45,FOODS
P04,FOODS_2_076,2011-12-06,6,45,FOODS
P04,FOODS_2_076,2011-12-07,9,45,FOODS
P04,FOODS_2_076,2011-12-08,4,45,FOODS
P04,FOODS_2_076,2011-12-09,7,45,FOODS
P04,FOODS_2_076,2011-12-10,7,46,FOODS
P04,FOODS_2_076,2011-12-11,0,46,FOODS
P04,FOODS_2_076,2011-12-12,6,46,FOODS
P04,FOODS_2_076,2011-12-13,10,46,FOODS
P04,FOODS_2_076,2011-12-14,6,46,FOODS
P04,FOODS_2_076,2011-12-15,7,46,FOODS
P04,FOODS_2_076,2011-12-16,6,46,FOODS
P04,FOODS_2_076,2011-12-17,6,47,FOODS
P04,FOODS_2_076,2011-12-18,7,47,FOODS
P04,FOODS_2_076,2011-12-19,7,47,FOODS
P04,FOODS_2_076,2011-12-20,4,47,FOODS
P04,FOODS_2_076,2011-12-21,2,47,FOODS
P04,FOODS_2_076,2011-12-22,8,47,FOODS
P04,FOODS_2_076,2011-12-23,5,47,FOODS
P04,FOODS_2_076,2011-12-24,4,48,FOODS
P04,FOODS_2_076,2011-12-25,0,48,FOODS
P04,FOODS_2_076,2011-12-26,4,48,FOODS
P04,FOODS_2_076,2011-12-27,5,48,FOODS
P04,FOODS_2_076,2011-12-28,7,48,FOODS
P04,FOODS_2_076,2011-12-29,1,48,FOODS
P04,FOODS_2_076,2011-12-30,2,48,FOODS
P04,FOODS_2_076,2011-12-31,6,49,FOODS
P04,FOODS_2_076,2012-01-01,7,49,FOODS
P04,FOODS_2_076,2012-01-02,6,49,FOODS
P04,FOODS_2_076,2012-01-03,6,49,FOODS
P04,FOODS_2_076,2012-01-04,8,49,FOODS
P04,FOODS_2_076,2012-01-05,9,49,FOODS
P04,FOODS_2_076,2012-01-06,5,49,FOODS
P04,FOODS_2_076,2012-01-07,6,50,FOODS
P04,FOODS_2_076,2012-01-08,5,50,FOODS
P04,FOODS_2_076,2012-01-09,11,50,FOODS
P04,FOODS_2_076,2012-01-10,4,50,FOODS
P04,FOODS_2_076,2012-01-11,6,50,FOODS
P04,FOODS_2_076,2012-01-12,4,50,FOODS
P04,FOODS_2_076,2012-01-13,5,50,FOODS
P04,FOODS_2_076,2012-01-14,4,51,FOODS
P04,FOODS_2_076,2012-01-15,9,51,FOODS
P04,FOODS_2_076,2012-01-16,10,51,FOODS
P04,FOODS_2_076,2012-01-17,8,51,FOODS
P04,FOODS_2_076,2012-01-18,4,51,FOODS
P04,FOODS_2_076,2012-01-19,3,51,FOODS
P04,FOODS_2_076,2012-01-20,3,51,FOODS
P04,FOODS_2_076,2012-01-21,4,52,FOODS
P04,FOODS_2_076,2012-01-22,8,52,FOODS
P04,FOODS_2_076,2012-01-23,4,52,FOODS
P04,FOODS_2_076,2012-01-24,2,52,FOODS
P04,FOODS_2_076,2012-01-25,3,52,FOODS
P04,FOODS_2_076,2012-01-26,6,52,FOODS
P04,FOODS_2_076,2012-01-27,0,52,FOODS
P04,FOODS_2_076,2012-01-28,5,53,FOODS
P04,FOODS_2_076,2012-01-29,2,53,FOODS
P04,FOODS_2_076,2012-01-30,2,53,FOODS
P04,FOODS_2_076,2012-01-31,4,53,FOODS
P04,FOODS_2_076,2012-02-01,5,53,FOODS
P04,FOODS_2_076,2012-02-02,2,53,FOODS
P04,FOODS_2_076,2012-02-03,5,53,FOODS
P04,FOODS_2_076,2012-02-04,2,54,FOODS
P04,FOODS_2_076,2012-02-05,5,54,FOODS
P04,FOODS_2_076,2012-02-06,10,54,FOODS
P04,FOODS_2_076,2012-02-07,6,54,FOODS
P04,FOODS_2_076,2012-02-08,9,54,FOODS
P04,FOODS_2_076,2012-02-09,11,54,FOODS
P04,FOODS_2_076,2012-02-10,3,54,FOODS
P04,FOODS_2_076,2012-02-11,9,55,FOODS
P04,FOODS_2_076,2012-02-12,17,55,FOODS
P04,FOODS_2_076,2012-02-13,9,55,FOODS
P04,FOODS_2_076,2012-02-14,6,55,FOODS
P04,FOODS_2_076,2012-02-15,6,55,FOODS
P04,FOODS_2_076,2012-02-16,9,55,FOODS
P04,FOODS_2_076,2012-02-17,7,55,FOODS
P04,FOODS_2_076,2012-02-18,6,56,FOODS
P04,FOODS_2_076,2012-02-19,8,56,FOODS
P04,FOODS_2_076,2012-02-20,3,56,FOODS
P04,FOODS_2_076,2012-02-21,4,56,FOODS
P04,FOODS_2_076,2012-02-22,6,56,FOODS
P04,FOODS_2_076,2012-02-23,2,56,FOODS
P04,FOODS_2_076,2012-02-24,7,56,FOODS
P04,FOODS_2_076,2012-02-25,6,57,FOODS
P04,FOODS_2_076,2012-02-26,5,57,FOODS
P04,FOODS_2_076,2012-02-27,6,57,FOODS
P04,FOODS_2_076,2012-02-28,0,57,FOODS
P04,FOODS_2_076,2012-02-29,0,57,FOODS
P04,FOODS_2_076,2012-03-01,0,57,FOODS
P04,FOODS_2_076,2012-03-02,0,57,FOODS
P04,FOODS_2_076,2012-03-03,0,58,FOODS
P04,FOODS_2_076,2012-03-04,0,58,FOODS
P04,FOODS_2_076,2012-03-05,0,58,FOODS
P04,FOODS_2_076,2012-03-06,0,58,FOODS
P04,FOODS_2_076,2012-03-07,0,58,FOODS
P04,FOODS_2_076,2012-03-08,0,58,FOODS
P04,FOODS_2_076,2012-03-09,0,58,FOODS
P04,FOODS_2_076,2012-03-10,0,59,FOODS
P04,FOODS_2_076,2012-03-11,0,59,FOODS
P04,FOODS_2_076,2012-03-12,0,59,FOODS
P04,FOODS_2_076,2012-03-13,0,59,FOODS
P04,FOODS_2_076,2012-03-14,0,59,FOODS
P04,FOODS_2_076,2012-03-15,0,59,FOODS
P04,FOODS_2_076,2012-03-16,0,59,FOODS
P04,FOODS_2_076,2012-03-17,0,60,FOODS
P04,FOODS_2_076,2012-03-18,0,60,FOODS
P04,FOODS_2_076,2012-03-19,0,60,FOODS
P04,FOODS_2_076,2012-03-20,0,60,FOODS
P04,FOODS_2_076,2012-03-21,0,60,FOODS
P04,FOODS_2_076,2012-03-22,0,60,FOODS
P04,FOODS_2_076,2012-03-23,0,60,FOODS
P04,FOODS_2_076,2012-03-24,0,61,FOODS
P04,FOODS_2_076,2012-03-25,0,61,FOODS
P04,FOODS_2_076,2012-03-26,0,61,FOODS
P04,FOODS_2_076,2012-03-27,0,61,FOODS
P04,FOODS_2_076,2012-03-28,0,61,FOODS
P04,FOODS_2_076,2012-03-29,0,61,FOODS
P04,FOODS_2_076,2012-03-30,0,61,FOODS
P04,FOODS_2_076,2012-03-31,0,62,FOODS
P04,FOODS_2_076,2012-04-01,0,62,FOODS
P04,FOODS_2_076,2012-04-02,0,62,FOODS
P04,FOODS_2_076,2012-04-03,0,62,FOODS
P04,FOODS_2_076,2012-04-04,0,62,FOODS
P04,FOODS_2_076,2012-04-05,0,62,FOODS
P04,FOODS_2_076,2012-04-06,0,62,FOODS
P04,FOODS_2_076,2012-04-07,0,63,FOODS
P04,FOODS_2_076,2012-04-08,0,63,FOODS
P04,FOODS_2_076,2012-04-09,0,63,FOODS
P04,FOODS_2_076,2012-04-10,0,63,FOODS
P04,FOODS_2_076,2012-04-11,0,63,FOODS
P04,FOODS_2_076,2012-04-12,0,63,FOODS
P04,FOODS_2_076,2012-04-13,0,63,FOODS
P04,FOODS_2_076,2012-04-14,0,64,FOODS
P04,FOODS_2_076,2012-04-15,0,64,FOODS
P04,FOODS_2_076,2012-04-16,0,64,FOODS
P04,FOODS_2_076,2012-04-17,0,64,FOODS
P04,FOODS_2_076,2012-04-18,1,64,FOODS
P04,FOODS_2_076,2012-04-19,0,64,FOODS
P04,FOODS_2_076,2012-04-20,0,64,FOODS
P04,FOODS_2_076,2012-04-21,0,65,FOODS
P04,FOODS_2_076,2012-04-22,0,65,FOODS
P04,FOODS_2_076,2012-04-23,0,65,FOODS
P04,FOODS_2_076,2012-04-24,0,65,FOODS
P04,FOODS_2_076,2012-04-25,0,65,FOODS
P04,FOODS_2_076,2012-04-26,0,65,FOODS
P04,FOODS_2_076,2012-04-27,0,65,FOODS
P04,FOODS_2_076,2012-04-28,0,66,FOODS
P04,FOODS_2_076,2012-04-29,0,66,FOODS
P04,FOODS_2_076,2012-04-30,0,66,FOODS
P04,FOODS_2_076,2012-05-01,0,66,FOODS
P04,FOODS_2_076,2012-05-02,0,66,FOODS
P04,FOODS_2_076,2012-05-03,0,66,FOODS
P04,FOODS_2_076,2012-05-04,0,66,FOODS
P04,FOODS_2_076,2012-05-05,0,67,FOODS
P04,FOODS_2_076,2012-05-06,0,67,FOODS
P04,FOODS_2_076,2012-05-07,0,67,FOODS
P04,FOODS_2_076,2012-05-08,0,67,FOODS
P04,FOODS_2_076,2012-05-09,0,67,FOODS
P04,FOODS_2_076,2012-05-10,0,67,FOODS
P04,FOODS_2_076,2012-05-11,0,67,FOODS
P04,FOODS_2_076,2012-05-12,0,68,FOODS
P04,FOODS_2_076,2012-05-13,0,68,FOODS
P04,FOODS_2_076,2012-05-14,0,68,FOODS
P04,FOODS_2_076,2012-05-15,0,68,FOODS
P04,FOODS_2_076,2012-05-16,0,68,FOODS
P04,FOODS_2_076,2012-05-17,0,68,FOODS
P04,FOODS_2_076,2012-05-18,0,68,FOODS
P04,FOODS_2_076,2012-05-19,0,69,FOODS
P04,FOODS_2_076,2012-05-20,0,69,FOODS
P04,FOODS_2_076,2012-05-21,0,69,FOODS
P04,FOODS_2_076,2012-05-22,0,69,FOODS
P04,FOODS_2_076,2012-05-23,0,69,FOODS
P04,FOODS_2_076,2012-05-24,0,69,FOODS
P04,FOODS_2_076,2012-05-25,0,69,FOODS
P04,FOODS_2_076,2012-05-26,0,70,FOODS
P04,FOODS_2_076,2012-05-27,0,70,FOODS
P04,FOODS_2_076,2012-05-28,1,70,FOODS
P04,FOODS_2_076,2012-05-29,0,70,FOODS
P04,FOODS_2_076,2012-05-30,0,70,FOODS
P04,FOODS_2_076,2012-05-31,0,70,FOODS
P04,FOODS_2_076,2012-06-01,0,70,FOODS
P04,FOODS_2_076,2012-06-02,0,71,FOODS
P04,FOODS_2_076,2012-06-03,0,71,FOODS
P04,FOODS_2_076,2012-06-04,0,71,FOODS
P04,FOODS_2_076,2012-06-05,0,71,FOODS
P04,FOODS_2_076,2012-06-06,0,71,FOODS
P04,FOODS_2_076,2012-06-07,0,71,FOODS
P04,FOODS_2_076,2012-06-08,0,71,FOODS
P04,FOODS_2_076,2012-06-09,0,72,FOODS
P04,FOODS_2_076,2012-06-10,0,72,FOODS
P04,FOODS_2_076,2012-06-11,1,72,FOODS
P04,FOODS_2_076,2012-06-12,0,72,FOODS
P04,FOODS_2_076,2012-06-13,0,72,FOODS
P04,FOODS_2_076,2012-06-14,0,72,FOODS
P04,FOODS_2_076,2012-06-15,1,72,FOODS
P04,FOODS_2_076,2012-06-16,0,73,FOODS
P04,FOODS_2_076,2012-06-17,0,73,FOODS
P04,FOODS_2_076,2012-06-18,0,73,FOODS
P04,FOODS_2_076,2012-06-19,0,73,FOODS
P04,FOODS_2_076,2012-06-20,0,73,FOODS
P04,FOODS_2_076,2012-06-21,0,73,FOODS
P04,FOODS_2_076,2012-06-22,0,73,FOODS
P04,FOODS_2_076,2012-06-23,0,74,FOODS
P04,FOODS_2_076,2012-06-24,0,74,FOODS
P04,FOODS_2_076,2012-06-25,0,74,FOODS
P04,FOODS_2_076,2012-06-26,0,74,FOODS
P04,FOODS_2_076,2012-06-27,1,74,FOODS
P04,FOODS_2_076,2012-06-28,0,74,FOODS
P04,FOODS_2_076,2012-06-29,0,74,FOODS
P04,FOODS_2_076,2012-06-30,0,75,FOODS
P04,FOODS_2_076,2012-07-01,3,75,FOODS
P04,FOODS_2_076,2012-07-02,0,75,FOODS
P04,FOODS_2_076,2012-07-03,4,75,FOODS
P04,FOODS_2_076,2012-07-04,4,75,FOODS
P04,FOODS_2_076,2012-07-05,5,75,FOODS
P04,FOODS_2_076,2012-07-06,8,75,FOODS
P04,FOODS_2_076,2012-07-07,8,76,FOODS
P04,FOODS_2_076,2012-07-08,4,76,FOODS
P04,FOODS_2_076,2012-07-09,7,76,FOODS
P04,FOODS_2_076,2012-07-10,5,76,FOODS
P04,FOODS_2_076,2012-07-11,4,76,FOODS
P04,FOODS_2_076,2012-07-12,3,76,FOODS
P04,FOODS_2_076,2012-07-13,6,76,FOODS
P04,FOODS_2_076,2012-07-14,4,77,FOODS
P04,FOODS_2_076,2012-07-15,5,77,FOODS
P04,FOODS_2_076,2012-07-16,1,77,FOODS
P04,FOODS_2_076,2012-07-17,5,77,FOODS
P04,FOODS_2_076,2012-07-18,6,77,FOODS
P04,FOODS_2_076,2012-07-19,4,77,FOODS
P04,FOODS_2_076,2012-07-20,3,77,FOODS
P04,FOODS_2_076,2012-07-21,2,78,FOODS
P04,FOODS_2_076,2012-07-22,2,78,FOODS
P04,FOODS_2_076,2012-07-23,4,78,FOODS
P04,FOODS_2_076,2012-07-24,1,78,FOODS
P04,FOODS_2_076,2012-07-25,2,78,FOODS
P04,FOODS_2_076,2012-07-26,4,78,FOODS
P04,FOODS_2_076,2012-07-27,2,78,FOODS
P04,FOODS_2_076,2012-07-28,5,79,FOODS
P04,FOODS_2_076,2012-07-29,1,79,FOODS
P04,FOODS_2_076,2012-07-30,3,79,FOODS
P04,FOODS_2_076,2012-07-31,1,79,FOODS
P04,FOODS_2_076,2012-08-01,5,79,FOODS
P04,FOODS_2_076,2012-08-02,4,79,FOODS
P04,FOODS_2_076,2012-08-03,6,79,FOODS
P04,FOODS_2_076,2012-08-04,7,80,FOODS
P04,FOODS_2_076,2012-08-05,8,80,FOODS
P04,FOODS_2_076,2012-08-06,4,80,FOODS
P04,FOODS_2_076,2012-08-07,2,80,FOODS
P04,FOODS_2_076,2012-08-08,3,80,FOODS
P04,FOODS_2_076,2012-08-09,2,80,FOODS
P04,FOODS_2_076,2012-08-10,8,80,FOODS
P04,FOODS_2_076,2012-08-11,3,81,FOODS
P04,FOODS_2_076,2012-08-12,4,81,FOODS
P04,FOODS_2_076,2012-08-13,7,81,FOODS
P04,FOODS_2_076,2012-08-14,2,81,FOODS
P04,FOODS_2_076,2012-08-15,5,81,FOODS
P04,FOODS_2_076,2012-08-16,2,81,FOODS
P04,FOODS_2_076,2012-08-17,2,81,FOODS
P04,FOODS_2_076,2012-08-18,3,82,FOODS
P04,FOODS_2_076,2012-08-19,1,82,FOODS
P04,FOODS_2_076,2012-08-20,2,82,FOODS
P04,FOODS_2_076,2012-08-21,7,82,FOODS
P04,FOODS_2_076,2012-08-22,3,82,FOODS
P04,FOODS_2_076,2012-08-23,2,82,FOODS
P04,FOODS_2_076,2012-08-24,1,82,FOODS
P04,FOODS_2_076,2012-08-25,4,83,FOODS
P04,FOODS_2_076,2012-08-26,8,83,FOODS
P04,FOODS_2_076,2012-08-27,4,83,FOODS
P04,FOODS_2_076,2012-08-28,2,83,FOODS
P04,FOODS_2_076,2012-08-29,0,83,FOODS
P04,FOODS_2_076,2012-08-30,1,83,FOODS
P04,FOODS_2_076,2012-08-31,3,83,FOODS
P04,FOODS_2_076,2012-09-01,5,84,FOODS
P04,FOODS_2_076,2012-09-02,3,84,FOODS
P04,FOODS_2_076,2012-09-03,3,84,FOODS
P04,FOODS_2_076,2012-09-04,5,84,FOODS
P04,FOODS_2_076,2012-09-05,7,84,FOODS
P04,FOODS_2_076,2012-09-06,5,84,FOODS
P04,FOODS_2_076,2012-09-07,6,84,FOODS
P04,FOODS_2_076,2012-09-08,5,85,FOODS
P04,FOODS_2_076,2012-09-09,3,85,FOODS
P04,FOODS_2_076,2012-09-10,8,85,FOODS
P04,FOODS_2_076,2012-09-11,7,85,FOODS
P04,FOODS_2_076,2012-09-12,6,85,FOODS
P04,FOODS_2_076,2012-09-13,6,85,FOODS
P04,FOODS_2_076,2012-09-14,5,85,FOODS
P04,FOODS_2_076,2012-09-15,9,86,FOODS
P04,FOODS_2_076,2012-09-16,5,86,FOODS
P04,FOODS_2_076,2012-09-17,4,86,FOODS
P04,FOODS_2_076,2012-09-18,6,86,FOODS
P04,FOODS_2_076,2012-09-19,8,86,FOODS
P04,FOODS_2_076,2012-09-20,4,86,FOODS
P04,FOODS_2_076,2012-09-21,3,86,FOODS
P04,FOODS_2_076,2012-09-22,2,87,FOODS
P04,FOODS_2_076,2012-09-23,7,87,FOODS
P04,FOODS_2_076,2012-09-24,4,87,FOODS
P04,FOODS_2_076,2012-09-25,5,87,FOODS
P04,FOODS_2_076,2012-09-26,3,87,FOODS
P04,FOODS_2_076,2012-09-27,3,87,FOODS
P04,FOODS_2_076,2012-09-28,4,87,FOODS
P04,FOODS_2_076,2012-09-29,6,88,FOODS
P04,FOODS_2_076,2012-09-30,11,88,FOODS
P04,FOODS_2_076,2012-10-01,2,88,FOODS
P04,FOODS_2_076,2012-10-02,3,88,FOODS
P04,FOODS_2_076,2012-10-03,2,88,FOODS
P04,FOODS_2_076,2012-10-04,4,88,FOODS
P04,FOODS_2_076,2012-10-05,3,88,FOODS
P04,FOODS_2_076,2012-10-06,6,89,FOODS
P04,FOODS_2_076,2012-10-07,6,89,FOODS
P04,FOODS_2_076,2012-10-08,5,89,FOODS
P04,FOODS_2_076,2012-10-09,4,89,FOODS
P04,FOODS_2_076,2012-10-10,3,89,FOODS
P04,FOODS_2_076,2012-10-11,4,89,FOODS
P04,FOODS_2_076,2012-10-12,6,89,FOODS
P04,FOODS_2_076,2012-10-13,5,90,FOODS
P04,FOODS_2_076,2012-10-14,4,90,FOODS
P04,FOODS_2_076,2012-10-15,4,90,FOODS
P04,FOODS_2_076,2012-10-16,5,90,FOODS
P04,FOODS_2_076,2012-10-17,0,90,FOODS
P04,FOODS_2_076,2012-10-18,0,90,FOODS
P04,FOODS_2_076,2012-10-19,0,90,FOODS
P04,FOODS_2_076,2012-10-20,0,91,FOODS
P04,FOODS_2_076,2012-10-21,0,91,FOODS
P04,FOODS_2_076,2012-10-22,0,91,FOODS
P04,FOODS_2_076,2012-10-23,0,91,FOODS
P04,FOODS_2_076,2012-10-24,0,91,FOODS
P04,FOODS_2_076,2012-10-25,0,91,FOODS
P04,FOODS_2_076,2012-10-26,0,91,FOODS
P04,FOODS_2_076,2012-10-27,0,92,FOODS
P04,FOODS_2_076,2012-10-28,0,92,FOODS
P04,FOODS_2_076,2012-10-29,0,92,FOODS
P04,FOODS_2_076,2012-10-30,0,92,FOODS
P04,FOODS_2_076,2012-10-31,0,92,FOODS
P04,FOODS_2_076,2012-11-01,2,92,FOODS
P04,FOODS_2_076,2012-11-02,3,92,FOODS
P04,FOODS_2_076,2012-11-03,9,93,FOODS
P04,FOODS_2_076,2012-11-04,4,93,FOODS
P04,FOODS_2_076,2012-11-05,4,93,FOODS
P04,FOODS_2_076,2012-11-06,0,93,FOODS
P04,FOODS_2_076,2012-11-07,4,93,FOODS
P04,FOODS_2_076,2012-11-08,4,93,FOODS
P04,FOODS_2_076,2012-11-09,2,93,FOODS
P04,FOODS_2_076,2012-11-10,3,94,FOODS
P04,FOODS_2_076,2012-11-11,8,94,FOODS
P04,FOODS_2_076,2012-11-12,3,94,FOODS
P04,FOODS_2_076,2012-11-13,2,94,FOODS
P04,FOODS_2_076,2012-11-14,2,94,FOODS
P04,FOODS_2_076,2012-11-15,1,94,FOODS
P04,FOODS_2_076,2012-11-16,1,94,FOODS
P04,FOODS_2_076,2012-11-17,2,95,FOODS
P04,FOODS_2_076,2012-11-18,4,95,FOODS
P04,FOODS_2_076,2012-11-19,2,95,FOODS
P04,FOODS_2_076,2012-11-20,4,95,FOODS
P04,FOODS_2_076,2012-11-21,3,95,FOODS
P04,FOODS_2_076,2012-11-22,2,95,FOODS
P04,FOODS_2_076,2012-11-23,1,95,FOODS
P04,FOODS_2_076,2012-11-24,2,96,FOODS
P04,FOODS_2_076,2012-11-25,2,96,FOODS
P04,FOODS_2_076,2012-11-26,5,96,FOODS
P04,FOODS_2_076,2012-11-27,1,96,FOODS
P04,FOODS_2_076,2012-11-28,2,96,FOODS
P04,FOODS_2_076,2012-11-29,2,96,FOODS
P04,FOODS_2_076,2012-11-30,1,96,FOODS
P04,FOODS_2_076,2012-12-01,2,97,FOODS
P04,FOODS_2_076,2012-12-02,4,97,FOODS
P04,FOODS_2_076,2012-12-03,9,97,FOODS
P04,FOODS_2_076,2012-12-04,5,97,FOODS
P04,FOODS_2_076,2012-12-05,1,97,FOODS
P04,FOODS_2_076,2012-12-06,4,97,FOODS
P04,FOODS_2_076,2012-12-07,6,97,FOODS
P04,FOODS_2_076,2012-12-08,4,98,FOODS
P04,FOODS_2_076,2012-12-09,7,98,FOODS
P04,FOODS_2_076,2012-12-10,7,98,FOODS
P04,FOODS_2_076,2012-12-11,8,98,FOODS
P04,FOODS_2_076,2012-12-12,1,98,FOODS
P04,FOODS_2_076,2012-12-13,1,98,FOODS
P04,FOODS_2_076,2012-12-14,3,98,FOODS
P04,FOODS_2_076,2012-12-15,5,99,FOODS
P04,FOODS_2_076,2012-12-16,3,99,FOODS
P04,FOODS_2_076,2012-12-17,3,99,FOODS
P04,FOODS_2_076,2012-12-18,4,99,FOODS
P04,FOODS_2_076,2012-12-19,4,99,FOODS
P04,FOODS_2_076,2012-12-20,5,99,FOODS
P04,FOODS_2_076,2012-12-21,1,99,FOODS
P04,FOODS_2_076,2012-12-22,5,100,FOODS
P04,FOODS_2_076,2012-12-23,3,100,FOODS
P04,FOODS_2_076,2012-12-24,4,100,FOODS
P04,FOODS_2_076,2012-12-25,0,100,FOODS
P04,FOODS_2_076,2012-12-26,0,100,FOODS
P04,FOODS_2_076,2012-12-27,3,100,FOODS
P04,FOODS_2_076,2012-12-28,4,100,FOODS
P04,FOODS_2_076,2012-12-29,1,101,FOODS
P04,FOODS_2_076,2012-12-30,2,101,FOODS
P04,FOODS_2_076,2012-12-31,6,101,FOODS
P04,FOODS_2_076,2013-01-01,3,101,FOODS
P04,FOODS_2_076,2013-01-02,5,101,FOODS
P04,FOODS_2_076,2013-01-03,2,101,FOODS
P04,FOODS_2_076,2013-01-04,2,101,FOODS
P04,FOODS_2_076,2013-01-05,3,102,FOODS
P04,FOODS_2_076,2013-01-06,4,102,FOODS
P04,FOODS_2_076,2013-01-07,4,102,FOODS
P04,FOODS_2_076,2013-01-08,1,102,FOODS
P04,FOODS_2_076,2013-01-09,3,102,FOODS
P04,FOODS_2_076,2013-01-10,5,102,FOODS
P04,FOODS_2_076,2013-01-11,0,102,FOODS
P04,FOODS_2_076,2013-01-12,1,103,FOODS
P04,FOODS_2_076,2013-01-13,7,103,FOODS
P04,FOODS_2_076,2013-01-14,4,103,FOODS
P04,FOODS_2_076,2013-01-15,4,103,FOODS
P04,FOODS_2_076,2013-01-16,3,103,FOODS
P04,FOODS_2_076,2013-01-17,3,103,FOODS
P04,FOODS_2_076,2013-01-18,1,103,FOODS
P04,FOODS_2_076,2013-01-19,6,104,FOODS
P04,FOODS_2_076,2013-01-20,6,104,FOODS
P04,FOODS_2_076,2013-01-21,3,104,FOODS
P04,FOODS_2_076,2013-01-22,2,104,FOODS
P04,FOODS_2_076,2013-01-23,3,104,FOODS
P04,FOODS_2_076,2013-01-24,2,104,FOODS
P04,FOODS_2_076,2013-01-25,3,104,FOODS
P04,FOODS_2_076,2013-01-26,1,105,FOODS
P04,FOODS_2_076,2013-01-27,3,105,FOODS
P04,FOODS_2_076,2013-01-28,2,105,FOODS
P04,FOODS_2_076,2013-01-29,1,105,FOODS
P04,FOODS_2_076,2013-01-30,1,105,FOODS
P04,FOODS_2_076,2013-01-31,4,105,FOODS
P04,FOODS_2_076,2013-02-01,1,105,FOODS
P04,FOODS_2_076,2013-02-02,5,106,FOODS
P04,FOODS_2_076,2013-02-03,7,106,FOODS
P04,FOODS_2_076,2013-02-04,2,106,FOODS
P04,FOODS_2_076,2013-02-05,3,106,FOODS
P04,FOODS_2_076,2013-02-06,6,106,FOODS
P04,FOODS_2_076,2013-02-07,5,106,FOODS
P04,FOODS_2_076,2013-02-08,5,106,FOODS
P04,FOODS_2_076,2013-02-09,5,107,FOODS
P04,FOODS_2_076,2013-02-10,10,107,FOODS
P04,FOODS_2_076,2013-02-11,7,107,FOODS
P04,FOODS_2_076,2013-02-12,5,107,FOODS
P04,FOODS_2_076,2013-02-13,5,107,FOODS
P04,FOODS_2_076,2013-02-14,8,107,FOODS
P04,FOODS_2_076,2013-02-15,6,107,FOODS
P04,FOODS_2_076,2013-02-16,4,108,FOODS
P04,FOODS_2_076,2013-02-17,3,108,FOODS
P04,FOODS_2_076,2013-02-18,5,108,FOODS
P04,FOODS_2_076,2013-02-19,0,108,FOODS
P04,FOODS_2_076,2013-02-20,7,108,FOODS
P04,FOODS_2_076,2013-02-21,2,108,FOODS
P04,FOODS_2_076,2013-02-22,3,108,FOODS
P04,FOODS_2_076,2013-02-23,5,109,FOODS
P04,FOODS_2_076,2013-02-24,6,109,FOODS
P04,FOODS_2_076,2013-02-25,4,109,FOODS
P04,FOODS_2_076,2013-02-26,2,109,FOODS
P04,FOODS_2_076,2013-02-27,4,109,FOODS
P04,FOODS_2_076,2013-02-28,2,109,FOODS
P04,FOODS_2_076,2013-03-01,3,109,FOODS
P04,FOODS_2_076,2013-03-02,9,110,FOODS
P04,FOODS_2_076,2013-03-03,11,110,FOODS
P04,FOODS_2_076,2013-03-04,3,110,FOODS
P04,FOODS_2_076,2013-03-05,4,110,FOODS
P04,FOODS_2_076,2013-03-06,12,110,FOODS
P04,FOODS_2_076,2013-03-07,2,110,FOODS
P04,FOODS_2_076,2013-03-08,4,110,FOODS
P04,FOODS_2_076,2013-03-09,8,111,FOODS
P04,FOODS_2_076,2013-03-10,4,111,FOODS
P04,FOODS_2_076,2013-03-11,6,111,FOODS
P04,FOODS_2_076,2013-03-12,5,111,FOODS
P04,FOODS_2_076,2013-03-13,5,111,FOODS
P04,FOODS_2_076,2013-03-14,1,111,FOODS
P04,FOODS_2_076,2013-03-15,5,111,FOODS
P04,FOODS_2_076,2013-03-16,6,112,FOODS
P04,FOODS_2_076,2013-03-17,3,112,FOODS
P04,FOODS_2_076,2013-03-18,5,112,FOODS
P04,FOODS_2_076,2013-03-19,3,112,FOODS
P04,FOODS_2_076,2013-03-20,6,112,FOODS
P04,FOODS_2_076,2013-03-21,3,112,FOODS
P04,FOODS_2_076,2013-03-22,4,112,FOODS
P04,FOODS_2_076,2013-03-23,1,113,FOODS
P04,FOODS_2_076,2013-03-24,5,113,FOODS
P04,FOODS_2_076,2013-03-25,3,113,FOODS
P04,FOODS_2_076,2013-03-26,2,113,FOODS
P04,FOODS_2_076,2013-03-27,1,113,FOODS
P04,FOODS_2_076,2013-03-28,0,113,FOODS
P04,FOODS_2_076,2013-03-29,3,113,FOODS
P04,FOODS_2_076,2013-03-30,2,114,FOODS
P04,FOODS_2_076,2013-03-31,1,114,FOODS
P04,FOODS_2_076,2013-04-01,1,114,FOODS
P04,FOODS_2_076,2013-04-02,3,114,FOODS
P04,FOODS_2_076,2013-04-03,2,114,FOODS
P04,FOODS_2_076,2013-04-04,5,114,FOODS
P04,FOODS_2_076,2013-04-05,5,114,FOODS
P04,FOODS_2_076,2013-04-06,2,115,FOODS
P04,FOODS_2_076,2013-04-07,4,115,FOODS
P04,FOODS_2_076,2013-04-08,5,115,FOODS
P04,FOODS_2_076,2013-04-09,9,115,FOODS
P04,FOODS_2_076,2013-04-10,4,115,FOODS
P04,FOODS_2_076,2013-04-11,4,115,FOODS
P04,FOODS_2_076,2013-04-12,6,115,FOODS
P04,FOODS_2_076,2013-04-13,5,116,FOODS
P04,FOODS_2_076,2013-04-14,4,116,FOODS
P04,FOODS_2_076,2013-04-15,1,116,FOODS
P04,FOODS_2_076,2013-04-16,1,116,FOODS
P04,FOODS_2_076,2013-04-17,6,116,FOODS
P04,FOODS_2_076,2013-04-18,3,116,FOODS
P04,FOODS_2_076,2013-04-19,1,116,FOODS
P04,FOODS_2_076,2013-04-20,5,117,FOODS
P04,FOODS_2_076,2013-04-21,1,117,FOODS
P04,FOODS_2_076,2013-04-22,10,117,FOODS
P04,FOODS_2_076,2013-04-23,5,117,FOODS
P04,FOODS_2_076,2013-04-24,2,117,FOODS
P04,FOODS_2_076,2013-04-25,0,117,FOODS
P04,FOODS_2_076,2013-04-26,0,117,FOODS
P04,FOODS_2_076,2013-04-27,1,118,FOODS
P04,FOODS_2_076,2013-04-28,5,118,FOODS
P04,FOODS_2_076,2013-04-29,5,118,FOODS
P04,FOODS_2_076,2013-04-30,0,118,FOODS
P04,FOODS_2_076,2013-05-01,8,118,FOODS
P04,FOODS_2_076,2013-05-02,5,118,FOODS
P04,FOODS_2_076,2013-05-03,6,118,FOODS
P04,FOODS_2_076,2013-05-04,2,119,FOODS
P04,FOODS_2_076,2013-05-05,9,119,FOODS
P04,FOODS_2_076,2013-05-06,9,119,FOODS
P04,FOODS_2_076,2013-05-07,4,119,FOODS
P04,FOODS_2_076,2013-05-08,2,119,FOODS
P04,FOODS_2_076,2013-05-09,6,119,FOODS
P04,FOODS_2_076,2013-05-10,5,119,FOODS
P04,FOODS_2_076,2013-05-11,6,120,FOODS
P04,FOODS_2_076,2013-05-12,8,120,FOODS
P04,FOODS_2_076,2013-05-13,2,120,FOODS
P04,FOODS_2_076,2013-05-14,7,120,FOODS
P04,FOODS_2_076,2013-05-15,6,120,FOODS
P04,FOODS_2_076,2013-05-16,9,120,FOODS
P04,FOODS_2_076,2013-05-17,3,120,FOODS
P04,FOODS_2_076,2013-05-18,5,121,FOODS
P04,FOODS_2_076,2013-05-19,5,121,FOODS
P04,FOODS_2_076,2013-05-20,8,121,FOODS
P04,FOODS_2_076,2013-05-21,2,121,FOODS
P04,FOODS_2_076,2013-05-22,2,121,FOODS
P04,FOODS_2_076,2013-05-23,4,121,FOODS
P04,FOODS_2_076,2013-05-24,6,121,FOODS
P04,FOODS_2_076,2013-05-25,2,122,FOODS
P04,FOODS_2_076,2013-05-26,5,122,FOODS
P04,FOODS_2_076,2013-05-27,3,122,FOODS
P04,FOODS_2_076,2013-05-28,4,122,FOODS
P04,FOODS_2_076,2013-05-29,5,122,FOODS
P04,FOODS_2_076,2013-05-30,1,122,FOODS
P04,FOODS_2_076,2013-05-31,1,122,FOODS
P04,FOODS_2_076,2013-06-01,5,123,FOODS
P04,FOODS_2_076,2013-06-02,6,123,FOODS
P04,FOODS_2_076,2013-06-03,12,123,FOODS
P04,FOODS_2_076,2013-06-04,5,123,FOODS
P04,FOODS_2_076,2013-06-05,7,123,FOODS
P04,FOODS_2_076,2013-06-06,10,123,FOODS
P04,FOODS_2_076,2013-06-07,8,123,FOODS
P04,FOODS_2_076,2013-06-08,6,124,FOODS
P04,FOODS_2_076,2013-06-09,6,124,FOODS
P04,FOODS_2_076,2013-06-10,5,124,FOODS
P04,FOODS_2_076,2013-06-11,5,124,FOODS
P04,FOODS_2_076,2013-06-12,5,124,FOODS
P04,FOODS_2_076,2013-06-13,4,124,FOODS
P04,FOODS_2_076,2013-06-14,4,124,FOODS
P04,FOODS_2_076,2013-06-15,5,125,FOODS
P04,FOODS_2_076,2013-06-16,4,125,FOODS
P04,FOODS_2_076,2013-06-17,3,125,FOODS
P04,FOODS_2_076,2013-06-18,3,125,FOODS
P04,FOODS_2_076,2013-06-19,4,125,FOODS
P04,FOODS_2_076,2013-06-20,2,125,FOODS
P04,FOODS_2_076,2013-06-21,4,125,FOODS
P04,FOODS_2_076,2013-06-22,4,126,FOODS
P04,FOODS_2_076,2013-06-23,3,126,FOODS
P04,FOODS_2_076,2013-06-24,6,126,FOODS
P04,FOODS_2_076,2013-06-25,1,126,FOODS
P04,FOODS_2_076,2013-06-26,4,126,FOODS
P04,FOODS_2_076,2013-06-27,8,126,FOODS
P04,FOODS_2_076,2013-06-28,6,126,FOODS
P04,FOODS_2_076,2013-06-29,4,127,FOODS
P04,FOODS_2_076,2013-06-30,3,127,FOODS
P04,FOODS_2_076,2013-07-01,10,127,FOODS
P04,FOODS_2_076,2013-07-02,2,127,FOODS
P04,FOODS_2_076,2013-07-03,2,127,FOODS
P04,FOODS_2_076,2013-07-04,1,127,FOODS
P04,FOODS_2_076,2013-07-05,2,127,FOODS
P04,FOODS_2_076,2013-07-06,5,128,FOODS
P04,FOODS_2_076,2013-07-07,8,128,FOODS
P04,FOODS_2_076,2013-07-08,4,128,FOODS
P04,FOODS_2_076,2013-07-09,5,128,FOODS
P04,FOODS_2_076,2013-07-10,2,128,FOODS
P04,FOODS_2_076,2013-07-11,6,128,FOODS
P04,FOODS_2_076,2013-07-12,9,128,FOODS
P04,FOODS_2_076,2013-07-13,5,129,FOODS
P04,FOODS_2_076,2013-07-14,5,129,FOODS
P04,FOODS_2_076,2013-07-15,6,129,FOODS
P04,FOODS_2_076,2013-07-16,4,129,FOODS
P04,FOODS_2_076,2013-07-17,5,129,FOODS
P04,FOODS_2_076,2013-07-18,3,129,FOODS
P04,FOODS_2_076,2013-07-19,1,129,FOODS
P04,FOODS_2_076,2013-07-20,3,130,FOODS
P04,FOODS_2_076,2013-07-21,3,130,FOODS
P04,FOODS_2_076,2013-07-22,4,130,FOODS
P04,FOODS_2_076,2013-07-23,1,130,FOODS
P04,FOODS_2_076,2013-07-24,4,130,FOODS
P04,FOODS_2_076,2013-07-25,2,130,FOODS
P04,FOODS_2_076,2013-07-26,3,130,FOODS
P04,FOODS_2_076,2013-07-27,5,131,FOODS
P04,FOODS_2_076,2013-07-28,3,131,FOODS
P04,FOODS_2_076,2013-07-29,3,131,FOODS
P04,FOODS_2_076,2013-07-30,2,131,FOODS
P04,FOODS_2_076,2013-07-31,4,131,FOODS
P04,FOODS_2_076,2013-08-01,3,131,FOODS
P04,FOODS_2_076,2013-08-02,4,131,FOODS
P04,FOODS_2_076,2013-08-03,4,132,FOODS
P04,FOODS_2_076,2013-08-04,2,132,FOODS
P04,FOODS_2_076,2013-08-05,3,132,FOODS
P04,FOODS_2_076,2013-08-06,3,132,FOODS
P04,FOODS_2_076,2013-08-07,5,132,FOODS
P04,FOODS_2_076,2013-08-08,7,132,FOODS
P04,FOODS_2_076,2013-08-09,6,132,FOODS
P04,FOODS_2_076,2013-08-10,2,133,FOODS
P04,FOODS_2_076,2013-08-11,3,133,FOODS
P04,FOODS_2_076,2013-08-12,5,133,FOODS
P04,FOODS_2_076,2013-08-13,4,133,FOODS
P04,FOODS_2_076,2013-08-14,4,133,FOODS
P04,FOODS_2_076,2013-08-15,2,133,FOODS
P04,FOODS_2_076,2013-08-16,9,133,FOODS
P04,FOODS_2_076,2013-08-17,7,134,FOODS
P04,FOODS_2_076,2013-08-18,6,134,FOODS
P04,FOODS_2_076,2013-08-19,5,134,FOODS
P04,FOODS_2_076,2013-08-20,0,134,FOODS
P04,FOODS_2_076,2013-08-21,3,134,FOODS
P04,FOODS_2_076,2013-08-22,3,134,FOODS
P04,FOODS_2_076,2013-08-23,2,134,FOODS
P04,FOODS_2_076,2013-08-24,2,135,FOODS
P04,FOODS_2_076,2013-08-25,5,135,FOODS
P04,FOODS_2_076,2013-08-26,2,135,FOODS
P04,FOODS_2_076,2013-08-27,2,135,FOODS
P04,FOODS_2_076,2013-08-28,3,135,FOODS
P04,FOODS_2_076,2013-08-29,3,135,FOODS
P04,FOODS_2_076,2013-08-30,3,135,FOODS
P04,FOODS_2_076,2013-08-31,4,136,FOODS
P04,FOODS_2_076,2013-09-01,4,136,FOODS
P04,FOODS_2_076,2013-09-02,8,136,FOODS
P04,FOODS_2_076,2013-09-03,7,136,FOODS
P04,FOODS_2_076,2013-09-04,4,136,FOODS
P04,FOODS_2_076,2013-09-05,7,136,FOODS
P04,FOODS_2_076,2013-09-06,6,136,FOODS
P04,FOODS_2_076,2013-09-07,4,137,FOODS
P04,FOODS_2_076,2013-09-08,4,137,FOODS
P04,FOODS_2_076,2013-09-09,5,137,FOODS
P04,FOODS_2_076,2013-09-10,2,137,FOODS
P04,FOODS_2_076,2013-09-11,6,137,FOODS
P04,FOODS_2_076,2013-09-12,10,137,FOODS
P04,FOODS_2_076,2013-09-13,1,137,FOODS
P04,FOODS_2_076,2013-09-14,3,138,FOODS
P04,FOODS_2_076,2013-09-15,14,138,FOODS
P04,FOODS_2_076,2013-09-16,5,138,FOODS
P04,FOODS_2_076,2013-09-17,4,138,FOODS
P04,FOODS_2_076,2013-09-18,1,138,FOODS
P04,FOODS_2_076,2013-09-19,3,138,FOODS
P04,FOODS_2_076,2013-09-20,4,138,FOODS
P04,FOODS_2_076,2013-09-21,7,139,FOODS
P04,FOODS_2_076,2013-09-22,6,139,FOODS
P04,FOODS_2_076,2013-09-23,4,139,FOODS
P04,FOODS_2_076,2013-09-24,1,139,FOODS
P04,FOODS_2_076,2013-09-25,4,139,FOODS
P04,FOODS_2_076,2013-09-26,4,139,FOODS
P04,FOODS_2_076,2013-09-27,4,139,FOODS
P04,FOODS_2_076,2013-09-28,0,140,FOODS
P04,FOODS_2_076,2013-09-29,9,140,FOODS
P04,FOODS_2_076,2013-09-30,3,140,FOODS
P04,FOODS_2_076,2013-10-01,8,140,FOODS
P04,FOODS_2_076,2013-10-02,3,140,FOODS
P04,FOODS_2_076,2013-10-03,3,140,FOODS
P04,FOODS_2_076,2013-10-04,6,140,FOODS
P04,FOODS_2_076,2013-10-05,3,141,FOODS
P04,FOODS_2_076,2013-10-06,5,141,FOODS
P04,FOODS_2_076,2013-10-07,6,141,FOODS
P04,FOODS_2_076,2013-10-08,2,141,FOODS
P04,FOODS_2_076,2013-10-09,2,141,FOODS
P04,FOODS_2_076,2013-10-10,1,141,FOODS
P04,FOODS_2_076,2013-10-11,7,141,FOODS
P04,FOODS_2_076,2013-10-12,8,142,FOODS
P04,FOODS_2_076,2013-10-13,7,142,FOODS
P04,FOODS_2_076,2013-10-14,5,142,FOODS
P04,FOODS_2_076,2013-10-15,3,142,FOODS
P04,FOODS_2_076,2013-10-16,6,142,FOODS
P04,FOODS_2_076,2013-10-17,4,142,FOODS
P04,FOODS_2_076,2013-10-18,5,142,FOODS
P04,FOODS_2_076,2013-10-19,2,143,FOODS
P04,FOODS_2_076,2013-10-20,2,143,FOODS
P04,FOODS_2_076,2013-10-21,3,143,FOODS
P04,FOODS_2_076,2013-10-22,3,143,FOODS
P04,FOODS_2_076,2013-10-23,5,143,FOODS
P04,FOODS_2_076,2013-10-24,5,143,FOODS
P04,FOODS_2_076,2013-10-25,3,143,FOODS
P04,FOODS_2_076,2013-10-26,2,144,FOODS
P04,FOODS_2_076,2013-10-27,5,144,FOODS
P04,FOODS_2_076,2013-10-28,5,144,FOODS
P04,FOODS_2_076,2013-10-29,2,144,FOODS
P04,FOODS_2_076,2013-10-30,3,144,FOODS
P04,FOODS_2_076,2013-10-31,3,144,FOODS
P04,FOODS_2_076,2013-11-01,5,144,FOODS
P04,FOODS_2_076,2013-11-02,3,145,FOODS
P04,FOODS_2_076,2013-11-03,8,145,FOODS
P04,FOODS_2_076,2013-11-04,0,145,FOODS
P04,FOODS_2_076,2013-11-05,4,145,FOODS
P04,FOODS_2_076,2013-11-06,9,145,FOODS
P04,FOODS_2_076,2013-11-07,4,145,FOODS
P04,FOODS_2_076,2013-11-08,4,145,FOODS
P04,FOODS_2_076,2013-11-09,4,146,FOODS
P04,FOODS_2_076,2013-11-10,2,146,FOODS
P04,FOODS_2_076,2013-11-11,2,146,FOODS
P04,FOODS_2_076,2013-11-12,6,146,FOODS
P04,FOODS_2_076,2013-11-13,3,146,FOODS
P04,FOODS_2_076,2013-11-14,3,146,FOODS
P04,FOODS_2_076,2013-11-15,1,146,FOODS
P04,FOODS_2_076,2013-11-16,2,147,FOODS
P04,FOODS_2_076,2013-11-17,4,147,FOODS
P04,FOODS_2_076,2013-11-18,9,147,FOODS
P04,FOODS_2_076,2013-11-19,3,147,FOODS
P04,FOODS_2_076,2013-11-20,5,147,FOODS
P04,FOODS_2_076,2013-11-21,4,147,FOODS
P04,FOODS_2_076,2013-11-22,0,147,FOODS
P04,FOODS_2_076,2013-11-23,2,148,FOODS
P04,FOODS_2_076,2013-11-24,3,148,FOODS
P04,FOODS_2_076,2013-11-25,1,148,FOODS
P04,FOODS_2_076,2013-11-26,0,148,FOODS
P04,FOODS_2_076,2013-11-27,0,148,FOODS
P04,FOODS_2_076,2013-11-28,2,148,FOODS
P04,FOODS_2_076,2013-11-29,1,148,FOODS
P04,FOODS_2_076,2013-11-30,0,149,FOODS
P04,FOODS_2_076,2013-12-01,5,149,FOODS
P04,FOODS_2_076,2013-12-02,3,149,FOODS
P04,FOODS_2_076,2013-12-03,6,149,FOODS
P04,FOODS_2_076,2013-12-04,3,149,FOODS
P04,FOODS_2_076,2013-12-05,5,149,FOODS
P04,FOODS_2_076,2013-12-06,4,149,FOODS
P04,FOODS_2_076,2013-12-07,9,150,FOODS
P04,FOODS_2_076,2013-12-08,5,150,FOODS
P04,FOODS_2_076,2013-12-09,11,150,FOODS
P04,FOODS_2_076,2013-12-10,9,150,FOODS
P04,FOODS_2_076,2013-12-11,5,150,FOODS
P04,FOODS_2_076,2013-12-12,3,150,FOODS
P04,FOODS_2_076,2013-12-13,3,150,FOODS
P04,FOODS_2_076,2013-12-14,2,151,FOODS
P04,FOODS_2_076,2013-12-15,8,151,FOODS
P04,FOODS_2_076,2013-12-16,2,151,FOODS
P04,FOODS_2_076,2013-12-17,7,151,FOODS
P04,FOODS_2_076,2013-12-18,2,151,FOODS
P04,FOODS_2_076,2013-12-19,4,151,FOODS
P04,FOODS_2_076,2013-12-20,4,151,FOODS
P04,FOODS_2_076,2013-12-21,2,152,FOODS
P04,FOODS_2_076,2013-12-22,2,152,FOODS
P04,FOODS_2_076,2013-12-23,4,152,FOODS
P04,FOODS_2_076,2013-12-24,2,152,FOODS
P04,FOODS_2_076,2013-12-25,0,152,FOODS
P04,FOODS_2_076,2013-12-26,6,152,FOODS
P04,FOODS_2_076,2013-12-27,3,152,FOODS
P04,FOODS_2_076,2013-12-28,1,153,FOODS
P04,FOODS_2_076,2013-12-29,4,153,FOODS
P04,FOODS_2_076,2013-12-30,5,153,FOODS
P04,FOODS_2_076,2013-12-31,8,153,FOODS
P04,FOODS_2_076,2014-01-01,1,153,FOODS
P04,FOODS_2_076,2014-01-02,6,153,FOODS
P04,FOODS_2_076,2014-01-03,4,153,FOODS
P04,FOODS_2_076,2014-01-04,3,154,FOODS
P04,FOODS_2_076,2014-01-05,5,154,FOODS
P04,FOODS_2_076,2014-01-06,9,154,FOODS
P04,FOODS_2_076,2014-01-07,3,154,FOODS
P04,FOODS_2_076,2014-01-08,6,154,FOODS
P04,FOODS_2_076,2014-01-09,5,154,FOODS
P04,FOODS_2_076,2014-01-10,2,154,FOODS
P04,FOODS_2_076,2014-01-11,7,155,FOODS
P04,FOODS_2_076,2014-01-12,3,155,FOODS
P04,FOODS_2_076,2014-01-13,3,155,FOODS
P04,FOODS_2_076,2014-01-14,3,155,FOODS
P04,FOODS_2_076,2014-01-15,3,155,FOODS
P04,FOODS_2_076,2014-01-16,4,155,FOODS
P04,FOODS_2_076,2014-01-17,2,155,FOODS
P04,FOODS_2_076,2014-01-18,7,156,FOODS
P04,FOODS_2_076,2014-01-19,5,156,FOODS
P04,FOODS_2_076,2014-01-20,4,156,FOODS
P04,FOODS_2_076,2014-01-21,4,156,FOODS
P04,FOODS_2_076,2014-01-22,7,156,FOODS
P04,FOODS_2_076,2014-01-23,3,156,FOODS
P04,FOODS_2_076,2014-01-24,1,156,FOODS
P04,FOODS_2_076,2014-01-25,4,157,FOODS
P04,FOODS_2_076,2014-01-26,1,157,FOODS
P04,FOODS_2_076,2014-01-27,4,157,FOODS
P04,FOODS_2_076,2014-01-28,4,157,FOODS
P04,FOODS_2_076,2014-01-29,2,157,FOODS
P04,FOODS_2_076,2014-01-30,3,157,FOODS
P04,FOODS_2_076,2014-01-31,0,157,FOODS
P04,FOODS_2_076,2014-02-01,0,158,FOODS
P04,FOODS_2_076,2014-02-02,4,158,FOODS
P04,FOODS_2_076,2014-02-03,4,158,FOODS
P04,FOODS_2_076,2014-02-04,6,158,FOODS
P04,FOODS_2_076,2014-02-05,2,158,FOODS
P04,FOODS_2_076,2014-02-06,3,158,FOODS
P04,FOODS_2_076,2014-02-07,1,158,FOODS
P04,FOODS_2_076,2014-02-08,6,159,FOODS
P04,FOODS_2_076,2014-02-09,5,159,FOODS
P04,FOODS_2_076,2014-02-10,3,159,FOODS
P04,FOODS_2_076,2014-02-11,6,159,FOODS
P04,FOODS_2_076,2014-02-12,7,159,FOODS
P04,FOODS_2_076,2014-02-13,4,159,FOODS
P04,FOODS_2_076,2014-02-14,2,159,FOODS
P04,FOODS_2_076,2014-02-15,5,160,FOODS
P04,FOODS_2_076,2014-02-16,3,160,FOODS
P04,FOODS_2_076,2014-02-17,8,160,FOODS
P04,FOODS_2_076,2014-02-18,2,160,FOODS
P04,FOODS_2_076,2014-02-19,3,160,FOODS
P04,FOODS_2_076,2014-02-20,1,160,FOODS
P04,FOODS_2_076,2014-02-21,0,160,FOODS
P04,FOODS_2_076,2014-02-22,4,161,FOODS
P04,FOODS_2_076,2014-02-23,3,161,FOODS
P04,FOODS_2_076,2014-02-24,6,161,FOODS
P04,FOODS_2_076,2014-02-25,6,161,FOODS
P04,FOODS_2_076,2014-02-26,1,161,FOODS
P04,FOODS_2_076,2014-02-27,1,161,FOODS
P04,FOODS_2_076,2014-02-28,1,161,FOODS
P04,FOODS_2_076,2014-03-01,4,162,FOODS
P04,FOODS_2_076,2014-03-02,0,162,FOODS
P04,FOODS_2_076,2014-03-03,0,162,FOODS
P04,FOODS_2_076,2014-03-04,1,162,FOODS
P04,FOODS_2_076,2014-03-05,1,162,FOODS
P04,FOODS_2_076,2014-03-06,2,162,FOODS
P04,FOODS_2_076,2014-03-07,0,162,FOODS
P04,FOODS_2_076,2014-03-08,1,163,FOODS
P04,FOODS_2_076,2014-03-09,9,163,FOODS
P04,FOODS_2_076,2014-03-10,5,163,FOODS
P04,FOODS_2_076,2014-03-11,8,163,FOODS
P04,FOODS_2_076,2014-03-12,3,163,FOODS
P04,FOODS_2_076,2014-03-13,0,163,FOODS
P04,FOODS_2_076,2014-03-14,2,163,FOODS
P04,FOODS_2_076,2014-03-15,4,164,FOODS
P04,FOODS_2_076,2014-03-16,4,164,FOODS
P04,FOODS_2_076,2014-03-17,1,164,FOODS
P04,FOODS_2_076,2014-03-18,5,164,FOODS
P04,FOODS_2_076,2014-03-19,1,164,FOODS
P04,FOODS_2_076,2014-03-20,2,164,FOODS
P04,FOODS_2_076,2014-03-21,1,164,FOODS
P04,FOODS_2_076,2014-03-22,2,165,FOODS
P04,FOODS_2_076,2014-03-23,4,165,FOODS
P04,FOODS_2_076,2014-03-24,5,165,FOODS
P04,FOODS_2_076,2014-03-25,2,165,FOODS
P04,FOODS_2_076,2014-03-26,1,165,FOODS
P04,FOODS_2_076,2014-03-27,2,165,FOODS
P04,FOODS_2_076,2014-03-28,1,165,FOODS
P04,FOODS_2_076,2014-03-29,0,166,FOODS
P04,FOODS_2_076,2014-03-30,0,166,FOODS
P04,FOODS_2_076,2014-03-31,0,166,FOODS
P04,FOODS_2_076,2014-04-01,1,166,FOODS
P04,FOODS_2_076,2014-04-02,0,166,FOODS
P04,FOODS_2_076,2014-04-03,1,166,FOODS
P04,FOODS_2_076,2014-04-04,0,166,FOODS
P04,FOODS_2_076,2014-04-05,0,167,FOODS
P04,FOODS_2_076,2014-04-06,0,167,FOODS
P04,FOODS_2_076,2014-04-07,0,167,FOODS
P04,FOODS_2_076,2014-04-08,0,167,FOODS
P04,FOODS_2_076,2014-04-09,0,167,FOODS
P04,FOODS_2_076,2014-04-10,1,167,FOODS
P04,FOODS_2_076,2014-04-11,0,167,FOODS
P04,FOODS_2_076,2014-04-12,0,168,FOODS
P04,FOODS_2_076,2014-04-13,0,168,FOODS
P04,FOODS_2_076,2014-04-14,0,168,FOODS
P04,FOODS_2_076,2014-04-15,0,168,FOODS
P04,FOODS_2_076,2014-04-16,0,168,FOODS
P04,FOODS_2_076,2014-04-17,0,168,FOODS
P04,FOODS_2_076,2014-04-18,0,168,FOODS
P04,FOODS_2_076,2014-04-19,0,169,FOODS
P04,FOODS_2_076,2014-04-20,0,169,FOODS
P04,FOODS_2_076,2014-04-21,0,169,FOODS
P04,FOODS_2_076,2014-04-22,0,169,FOODS
P04,FOODS_2_076,2014-04-23,0,169,FOODS
P04,FOODS_2_076,2014-04-24,0,169,FOODS
P04,FOODS_2_076,2014-04-25,0,169,FOODS
P04,FOODS_2_076,2014-04-26,1,170,FOODS
P04,FOODS_2_076,2014-04-27,0,170,FOODS
P04,FOODS_2_076,2014-04-28,0,170,FOODS
P04,FOODS_2_076,2014-04-29,0,170,FOODS
P04,FOODS_2_076,2014-04-30,0,170,FOODS
P04,FOODS_2_076,2014-05-01,0,170,FOODS
P04,FOODS_2_076,2014-05-02,0,170,FOODS
P04,FOODS_2_076,2014-05-03,0,171,FOODS
P04,FOODS_2_076,2014-05-04,0,171,FOODS
P04,FOODS_2_076,2014-05-05,0,171,FOODS
P04,FOODS_2_076,2014-05-06,0,171,FOODS
P04,FOODS_2_076,2014-05-07,0,171,FOODS
P04,FOODS_2_076,2014-05-08,0,171,FOODS
P04,FOODS_2_076,2014-05-09,0,171,FOODS
P04,FOODS_2_076,2014-05-10,0,172,FOODS
P04,FOODS_2_076,2014-05-11,0,172,FOODS
P04,FOODS_2_076,2014-05-12,0,172,FOODS
P04,FOODS_2_076,2014-05-13,0,172,FOODS
P04,FOODS_2_076,2014-05-14,0,172,FOODS
P04,FOODS_2_076,2014-05-15,1,172,FOODS
P04,FOODS_2_076,2014-05-16,0,172,FOODS
P04,FOODS_2_076,2014-05-17,0,173,FOODS
P04,FOODS_2_076,2014-05-18,0,173,FOODS
P04,FOODS_2_076,2014-05-19,0,173,FOODS
P04,FOODS_2_076,2014-05-20,0,173,FOODS
P04,FOODS_2_076,2014-05-21,0,173,FOODS
P04,FOODS_2_076,2014-05-22,0,173,FOODS
P04,FOODS_2_076,2014-05-23,0,173,FOODS
P04,FOODS_2_076,2014-05-24,1,174,FOODS
P04,FOODS_2_076,2014-05-25,0,174,FOODS
P04,FOODS_2_076,2014-05-26,0,174,FOODS
P04,FOODS_2_076,2014-05-27,0,174,FOODS
P04,FOODS_2_076,2014-05-28,0,174,FOODS
P04,FOODS_2_076,2014-05-29,0,174,FOODS
P04,FOODS_2_076,2014-05-30,0,174,FOODS
P04,FOODS_2_076,2014-05-31,0,175,FOODS
P04,FOODS_2_076,2014-06-01,0,175,FOODS
P04,FOODS_2_076,2014-06-02,0,175,FOODS
P04,FOODS_2_076,2014-06-03,0,175,FOODS
P04,FOODS_2_076,2014-06-04,0,175,FOODS
P04,FOODS_2_076,2014-06-05,2,175,FOODS
P04,FOODS_2_076,2014-06-06,0,175,FOODS
P04,FOODS_2_076,2014-06-07,0,176,FOODS
P04,FOODS_2_076,2014-06-08,0,176,FOODS
P04,FOODS_2_076,2014-06-09,0,176,FOODS
P04,FOODS_2_076,2014-06-10,0,176,FOODS
P04,FOODS_2_076,2014-06-11,0,176,FOODS
P04,FOODS_2_076,2014-06-12,0,176,FOODS
P04,FOODS_2_076,2014-06-13,0,176,FOODS
P04,FOODS_2_076,2014-06-14,0,177,FOODS
P04,FOODS_2_076,2014-06-15,0,177,FOODS
P04,FOODS_2_076,2014-06-16,0,177,FOODS
P04,FOODS_2_076,2014-06-17,1,177,FOODS
P04,FOODS_2_076,2014-06-18,0,177,FOODS
P04,FOODS_2_076,2014-06-19,3,177,FOODS
P04,FOODS_2_076,2014-06-20,2,177,FOODS
P04,FOODS_2_076,2014-06-21,0,178,FOODS
P04,FOODS_2_076,2014-06-22,1,178,FOODS
P04,FOODS_2_076,2014-06-23,1,178,FOODS
P04,FOODS_2_076,2014-06-24,2,178,FOODS
P04,FOODS_2_076,2014-06-25,1,178,FOODS
P04,FOODS_2_076,2014-06-26,1,178,FOODS
P04,FOODS_2_076,2014-06-27,2,178,FOODS
P04,FOODS_2_076,2014-06-28,0,179,FOODS
P04,FOODS_2_076,2014-06-29,0,179,FOODS
P04,FOODS_2_076,2014-06-30,2,179,FOODS
P04,FOODS_2_076,2014-07-01,3,179,FOODS
P04,FOODS_2_076,2014-07-02,1,179,FOODS
P04,FOODS_2_076,2014-07-03,4,179,FOODS
P04,FOODS_2_076,2014-07-04,0,179,FOODS
P04,FOODS_2_076,2014-07-05,2,180,FOODS
P04,FOODS_2_076,2014-07-06,4,180,FOODS
P04,FOODS_2_076,2014-07-07,2,180,FOODS
P04,FOODS_2_076,2014-07-08,2,180,FOODS
P04,FOODS_2_076,2014-07-09,3,180,FOODS
P04,FOODS_2_076,2014-07-10,3,180,FOODS
P04,FOODS_2_076,2014-07-11,8,180,FOODS
P04,FOODS_2_076,2014-07-12,2,181,FOODS
P04,FOODS_2_076,2014-07-13,2,181,FOODS
P04,FOODS_2_076,2014-07-14,4,181,FOODS
P04,FOODS_2_076,2014-07-15,7,181,FOODS
P04,FOODS_2_076,2014-07-16,8,181,FOODS
P04,FOODS_2_076,2014-07-17,2,181,FOODS
P04,FOODS_2_076,2014-07-18,0,181,FOODS
P04,FOODS_2_076,2014-07-19,2,182,FOODS
P04,FOODS_2_076,2014-07-20,5,182,FOODS
P04,FOODS_2_076,2014-07-21,2,182,FOODS
P04,FOODS_2_076,2014-07-22,2,182,FOODS
P04,FOODS_2_076,2014-07-23,0,182,FOODS
P04,FOODS_2_076,2014-07-24,1,182,FOODS
P04,FOODS_2_076,2014-07-25,1,182,FOODS
P04,FOODS_2_076,2014-07-26,1,183,FOODS
P04,FOODS_2_076,2014-07-27,5,183,FOODS
P04,FOODS_2_076,2014-07-28,0,183,FOODS
P04,FOODS_2_076,2014-07-29,1,183,FOODS
P04,FOODS_2_076,2014-07-30,2,183,FOODS
P04,FOODS_2_076,2014-07-31,3,183,FOODS
P04,FOODS_2_076,2014-08-01,2,183,FOODS
P04,FOODS_2_076,2014-08-02,2,184,FOODS
P04,FOODS_2_076,2014-08-03,3,184,FOODS
P04,FOODS_2_076,2014-08-04,5,184,FOODS
P04,FOODS_2_076,2014-08-05,2,184,FOODS
P04,FOODS_2_076,2014-08-06,2,184,FOODS
P04,FOODS_2_076,2014-08-07,2,184,FOODS
P04,FOODS_2_076,2014-08-08,3,184,FOODS
P04,FOODS_2_076,2014-08-09,2,185,FOODS
P04,FOODS_2_076,2014-08-10,0,185,FOODS
P04,FOODS_2_076,2014-08-11,3,185,FOODS
P04,FOODS_2_076,2014-08-12,1,185,FOODS
P04,FOODS_2_076,2014-08-13,3,185,FOODS
P04,FOODS_2_076,2014-08-14,1,185,FOODS
P04,FOODS_2_076,2014-08-15,2,185,FOODS
P04,FOODS_2_076,2014-08-16,5,186,FOODS
P04,FOODS_2_076,2014-08-17,5,186,FOODS
P04,FOODS_2_076,2014-08-18,1,186,FOODS
P04,FOODS_2_076,2014-08-19,3,186,FOODS
P04,FOODS_2_076,2014-08-20,2,186,FOODS
P04,FOODS_2_076,2014-08-21,4,186,FOODS
P04,FOODS_2_076,2014-08-22,1,186,FOODS
P04,FOODS_2_076,2014-08-23,7,187,FOODS
P04,FOODS_2_076,2014-08-24,1,187,FOODS
P04,FOODS_2_076,2014-08-25,2,187,FOODS
P04,FOODS_2_076,2014-08-26,4,187,FOODS
P04,FOODS_2_076,2014-08-27,1,187,FOODS
P04,FOODS_2_076,2014-08-28,0,187,FOODS
P04,FOODS_2_076,2014-08-29,1,187,FOODS
P04,FOODS_2_076,2014-08-30,2,188,FOODS
P04,FOODS_2_076,2014-08-31,3,188,FOODS
P04,FOODS_2_076,2014-09-01,3,188,FOODS
P04,FOODS_2_076,2014-09-02,2,188,FOODS
P04,FOODS_2_076,2014-09-03,0,188,FOODS
P04,FOODS_2_076,2014-09-04,0,188,FOODS
P04,FOODS_2_076,2014-09-05,0,188,FOODS
P04,FOODS_2_076,2014-09-06,0,189,FOODS
P04,FOODS_2_076,2014-09-07,0,189,FOODS
P04,FOODS_2_076,2014-09-08,0,189,FOODS
P04,FOODS_2_076,2014-09-09,0,189,FOODS
P04,FOODS_2_076,2014-09-10,4,189,FOODS
P04,FOODS_2_076,2014-09-11,0,189,FOODS
P04,FOODS_2_076,2014-09-12,3,189,FOODS
P04,FOODS_2_076,2014-09-13,2,190,FOODS
P04,FOODS_2_076,2014-09-14,3,190,FOODS
P04,FOODS_2_076,2014-09-15,2,190,FOODS
P04,FOODS_2_076,2014-09-16,2,190,FOODS
P04,FOODS_2_076,2014-09-17,1,190,FOODS
P04,FOODS_2_076,2014-09-18,1,190,FOODS
P04,FOODS_2_076,2014-09-19,2,190,FOODS
P04,FOODS_2_076,2014-09-20,1,191,FOODS
P04,FOODS_2_076,2014-09-21,3,191,FOODS
P04,FOODS_2_076,2014-09-22,2,191,FOODS
P04,FOODS_2_076,2014-09-23,0,191,FOODS
P04,FOODS_2_076,2014-09-24,2,191,FOODS
P04,FOODS_2_076,2014-09-25,0,191,FOODS
P04,FOODS_2_076,2014-09-26,2,191,FOODS
P04,FOODS_2_076,2014-09-27,4,192,FOODS
P04,FOODS_2_076,2014-09-28,1,192,FOODS
P04,FOODS_2_076,2014-09-29,3,192,FOODS
P04,FOODS_2_076,2014-09-30,2,192,FOODS
P04,FOODS_2_076,2014-10-01,3,192,FOODS
P04,FOODS_2_076,2014-10-02,3,192,FOODS
P04,FOODS_2_076,2014-10-03,2,192,FOODS
P04,FOODS_2_076,2014-10-04,4,193,FOODS
P04,FOODS_2_076,2014-10-05,6,193,FOODS
P04,FOODS_2_076,2014-10-06,2,193,FOODS
P04,FOODS_2_076,2014-10-07,5,193,FOODS
P04,FOODS_2_076,2014-10-08,1,193,FOODS
P04,FOODS_2_076,2014-10-09,2,193,FOODS
P04,FOODS_2_076,2014-10-10,0,193,FOODS
P04,FOODS_2_076,2014-10-11,5,194,FOODS
P04,FOODS_2_076,2014-10-12,2,194,FOODS
P04,FOODS_2_076,2014-10-13,4,194,FOODS
P04,FOODS_2_076,2014-10-14,6,194,FOODS
P04,FOODS_2_076,2014-10-15,4,194,FOODS
P04,FOODS_2_076,2014-10-16,1,194,FOODS
P04,FOODS_2_076,2014-10-17,5,194,FOODS
P04,FOODS_2_076,2014-10-18,4,195,FOODS
P04,FOODS_2_076,2014-10-19,5,195,FOODS
P04,FOODS_2_076,2014-10-20,2,195,FOODS
P04,FOODS_2_076,2014-10-21,2,195,FOODS
P04,FOODS_2_076,2014-10-22,1,195,FOODS
P04,FOODS_2_076,2014-10-23,1,195,FOODS
P04,FOODS_2_076,2014-10-24,2,195,FOODS
P04,FOODS_2_076,2014-10-25,5,196,FOODS
P04,FOODS_2_076,2014-10-26,3,196,FOODS
P04,FOODS_2_076,2014-10-27,0,196,FOODS
P04,FOODS_2_076,2014-10-28,1,196,FOODS
P04,FOODS_2_076,2014-10-29,0,196,FOODS
P04,FOODS_2_076,2014-10-30,3,196,FOODS
P04,FOODS_2_076,2014-10-31,2,196,FOODS
P04,FOODS_2_076,2014-11-01,4,197,FOODS
P04,FOODS_2_076,2014-11-02,9,197,FOODS
P04,FOODS_2_076,2014-11-03,7,197,FOODS
P04,FOODS_2_076,2014-11-04,0,197,FOODS
P04,FOODS_2_076,2014-11-05,3,197,FOODS
P04,FOODS_2_076,2014-11-06,1,197,FOODS
P04,FOODS_2_076,2014-11-07,6,197,FOODS
P04,FOODS_2_076,2014-11-08,5,198,FOODS
P04,FOODS_2_076,2014-11-09,3,198,FOODS
P04,FOODS_2_076,2014-11-10,6,198,FOODS
P04,FOODS_2_076,2014-11-11,5,198,FOODS
P04,FOODS_2_076,2014-11-12,2,198,FOODS
P04,FOODS_2_076,2014-11-13,6,198,FOODS
P04,FOODS_2_076,2014-11-14,5,198,FOODS
P04,FOODS_2_076,2014-11-15,4,199,FOODS
P04,FOODS_2_076,2014-11-16,3,199,FOODS
P04,FOODS_2_076,2014-11-17,6,199,FOODS
P04,FOODS_2_076,2014-11-18,1,199,FOODS
P04,FOODS_2_076,2014-11-19,0,199,FOODS
P04,FOODS_2_076,2014-11-20,0,199,FOODS
P04,FOODS_2_076,2014-11-21,0,199,FOODS
P04,FOODS_2_076,2014-11-22,0,200,FOODS
P04,FOODS_2_076,2014-11-23,0,200,FOODS
P04,FOODS_2_076,2014-11-24,0,200,FOODS
P04,FOODS_2_076,2014-11-25,0,200,FOODS
P04,FOODS_2_076,2014-11-26,0,200,FOODS
P04,FOODS_2_076,2014-11-27,0,200,FOODS
P04,FOODS_2_076,2014-11-28,0,200,FOODS
P04,FOODS_2_076,2014-11-29,1,201,FOODS
P04,FOODS_2_076,2014-11-30,5,201,FOODS
P04,FOODS_2_076,2014-12-01,3,201,FOODS
P04,FOODS_2_076,2014-12-02,3,201,FOODS
P04,FOODS_2_076,2014-12-03,0,201,FOODS
P04,FOODS_2_076,2014-12-04,0,201,FOODS
P04,FOODS_2_076,2014-12-05,0,201,FOODS
P04,FOODS_2_076,2014-12-06,0,202,FOODS
P04,FOODS_2_076,2014-12-07,0,202,FOODS
P04,FOODS_2_076,2014-12-08,0,202,FOODS
P04,FOODS_2_076,2014-12-09,0,202,FOODS
P04,FOODS_2_076,2014-12-10,0,202,FOODS
P04,FOODS_2_076,2014-12-11,1,202,FOODS
P04,FOODS_2_076,2014-12-12,0,202,FOODS
P04,FOODS_2_076,2014-12-13,0,203,FOODS
P04,FOODS_2_076,2014-12-14,0,203,FOODS
P04,FOODS_2_076,2014-12-15,0,203,FOODS
P04,FOODS_2_076,2014-12-16,0,203,FOODS
P04,FOODS_2_076,2014-12-17,0,203,FOODS
P04,FOODS_2_076,2014-12-18,0,203,FOODS
P04,FOODS_2_076,2014-12-19,0,203,FOODS
P04,FOODS_2_076,2014-12-20,0,204,FOODS
P04,FOODS_2_076,2014-12-21,0,204,FOODS
P04,FOODS_2_076,2014-12-22,0,204,FOODS
P04,FOODS_2_076,2014-12-23,1,204,FOODS
P04,FOODS_2_076,2014-12-24,2,204,FOODS
P04,FOODS_2_076,2014-12-25,0,204,FOODS
P04,FOODS_2_076,2014-12-26,0,204,FOODS
P04,FOODS_2_076,2014-12-27,1,205,FOODS
P04,FOODS_2_076,2014-12-28,2,205,FOODS
P04,FOODS_2_076,2014-12-29,2,205,FOODS
P04,FOODS_2_076,2014-12-30,4,205,FOODS
P04,FOODS_2_076,2014-12-31,4,205,FOODS
P04,FOODS_2_076,2015-01-01,2,205,FOODS
P04,FOODS_2_076,2015-01-02,1,205,FOODS
P04,FOODS_2_076,2015-01-03,4,206,FOODS
P04,FOODS_2_076,2015-01-04,2,206,FOODS
P04,FOODS_2_076,2015-01-05,1,206,FOODS
P04,FOODS_2_076,2015-01-06,7,206,FOODS
P04,FOODS_2_076,2015-01-07,1,206,FOODS
P04,FOODS_2_076,2015-01-08,3,206,FOODS
P04,FOODS_2_076,2015-01-09,5,206,FOODS
P04,FOODS_2_076,2015-01-10,7,207,FOODS
P04,FOODS_2_076,2015-01-11,4,207,FOODS
P04,FOODS_2_076,2015-01-12,8,207,FOODS
P04,FOODS_2_076,2015-01-13,4,207,FOODS
P04,FOODS_2_076,2015-01-14,2,207,FOODS
P04,FOODS_2_076,2015-01-15,3,207,FOODS
P04,FOODS_2_076,2015-01-16,4,207,FOODS
P04,FOODS_2_076,2015-01-17,3,208,FOODS
P04,FOODS_2_076,2015-01-18,1,208,FOODS
P04,FOODS_2_076,2015-01-19,0,208,FOODS
P04,FOODS_2_076,2015-01-20,5,208,FOODS
P04,FOODS_2_076,2015-01-21,1,208,FOODS
P04,FOODS_2_076,2015-01-22,1,208,FOODS
P04,FOODS_2_076,2015-01-23,1,208,FOODS
P04,FOODS_2_076,2015-01-24,3,209,FOODS
P04,FOODS_2_076,2015-01-25,2,209,FOODS
P04,FOODS_2_076,2015-01-26,2,209,FOODS
P04,FOODS_2_076,2015-01-27,3,209,FOODS
P04,FOODS_2_076,2015-01-28,3,209,FOODS
P04,FOODS_2_076,2015-01-29,0,209,FOODS
P04,FOODS_2_076,2015-01-30,4,209,FOODS
P04,FOODS_2_076,2015-01-31,6,210,FOODS
P04,FOODS_2_076,2015-02-01,1,210,FOODS
P04,FOODS_2_076,2015-02-02,7,210,FOODS
P04,FOODS_2_076,2015-02-03,7,210,FOODS
P04,FOODS_2_076,2015-02-04,5,210,FOODS
P04,FOODS_2_076,2015-02-05,1,210,FOODS
P04,FOODS_2_076,2015-02-06,2,210,FOODS
P04,FOODS_2_076,2015-02-07,3,211,FOODS
P04,FOODS_2_076,2015-02-08,2,211,FOODS
P04,FOODS_2_076,2015-02-09,1,211,FOODS
P04,FOODS_2_076,2015-02-10,1,211,FOODS
P04,FOODS_2_076,2015-02-11,2,211,FOODS
P04,FOODS_2_076,2015-02-12,5,211,FOODS
P04,FOODS_2_076,2015-02-13,4,211,FOODS
P04,FOODS_2_076,2015-02-14,0,212,FOODS
P04,FOODS_2_076,2015-02-15,1,212,FOODS
P04,FOODS_2_076,2015-02-16,0,212,FOODS
P04,FOODS_2_076,2015-02-17,0,212,FOODS
P04,FOODS_2_076,2015-02-18,0,212,FOODS
P04,FOODS_2_076,2015-02-19,0,212,FOODS
P04,FOODS_2_076,2015-02-20,0,212,FOODS
P04,FOODS_2_076,2015-02-21,0,213,FOODS
P04,FOODS_2_076,2015-02-22,2,213,FOODS
P04,FOODS_2_076,2015-02-23,2,213,FOODS
P04,FOODS_2_076,2015-02-24,2,213,FOODS
P04,FOODS_2_076,2015-02-25,1,213,FOODS
P04,FOODS_2_076,2015-02-26,0,213,FOODS
P04,FOODS_2_076,2015-02-27,3,213,FOODS
P04,FOODS_2_076,2015-02-28,0,214,FOODS
P04,FOODS_2_076,2015-03-01,2,214,FOODS
P04,FOODS_2_076,2015-03-02,1,214,FOODS
P04,FOODS_2_076,2015-03-03,4,214,FOODS
P04,FOODS_2_076,2015-03-04,0,214,FOODS
P04,FOODS_2_076,2015-03-05,0,214,FOODS
P04,FOODS_2_076,2015-03-06,0,214,FOODS
P04,FOODS_2_076,2015-03-07,0,215,FOODS
P04,FOODS_2_076,2015-03-08,0,215,FOODS
P04,FOODS_2_076,2015-03-09,0,215,FOODS
P04,FOODS_2_076,2015-03-10,1,215,FOODS
P04,FOODS_2_076,2015-03-11,0,215,FOODS
P04,FOODS_2_076,2015-03-12,0,215,FOODS
P04,FOODS_2_076,2015-03-13,0,215,FOODS
P04,FOODS_2_076,2015-03-14,0,216,FOODS
P04,FOODS_2_076,2015-03-15,0,216,FOODS
P04,FOODS_2_076,2015-03-16,0,216,FOODS
P04,FOODS_2_076,2015-03-17,0,216,FOODS
P04,FOODS_2_076,2015-03-18,0,216,FOODS
P04,FOODS_2_076,2015-03-19,0,216,FOODS
P04,FOODS_2_076,2015-03-20,0,216,FOODS
P04,FOODS_2_076,2015-03-21,0,217,FOODS
P04,FOODS_2_076,2015-03-22,0,217,FOODS
P04,FOODS_2_076,2015-03-23,0,217,FOODS
P04,FOODS_2_076,2015-03-24,0,217,FOODS
P04,FOODS_2_076,2015-03-25,0,217,FOODS
P04,FOODS_2_076,2015-03-26,0,217,FOODS
P04,FOODS_2_076,2015-03-27,0,217,FOODS
P04,FOODS_2_076,2015-03-28,0,218,FOODS
P04,FOODS_2_076,2015-03-29,1,218,FOODS
P04,FOODS_2_076,2015-03-30,0,218,FOODS
P04,FOODS_2_076,2015-03-31,0,218,FOODS
P04,FOODS_2_076,2015-04-01,0,218,FOODS
P04,FOODS_2_076,2015-04-02,0,218,FOODS
P04,FOODS_2_076,2015-04-03,0,218,FOODS
P04,FOODS_2_076,2015-04-04,0,219,FOODS
P04,FOODS_2_076,2015-04-05,0,219,FOODS
P04,FOODS_2_076,2015-04-06,0,219,FOODS
P04,FOODS_2_076,2015-04-07,0,219,FOODS
P04,FOODS_2_076,2015-04-08,1,219,FOODS
P04,FOODS_2_076,2015-04-09,0,219,FOODS
P04,FOODS_2_076,2015-04-10,0,219,FOODS
P04,FOODS_2_076,2015-04-11,0,220,FOODS
P04,FOODS_2_076,2015-04-12,0,220,FOODS
P04,FOODS_2_076,2015-04-13,0,220,FOODS
P04,FOODS_2_076,2015-04-14,0,220,FOODS
P04,FOODS_2_076,2015-04-15,0,220,FOODS
P04,FOODS_2_076,2015-04-16,0,220,FOODS
P04,FOODS_2_076,2015-04-17,0,220,FOODS
P04,FOODS_2_076,2015-04-18,0,221,FOODS
P04,FOODS_2_076,2015-04-19,1,221,FOODS
P04,FOODS_2_076,2015-04-20,0,221,FOODS
P04,FOODS_2_076,2015-04-21,0,221,FOODS
P04,FOODS_2_076,2015-04-22,0,221,FOODS
P04,FOODS_2_076,2015-04-23,0,221,FOODS
P04,FOODS_2_076,2015-04-24,1,221,FOODS
P04,FOODS_2_076,2015-04-25,0,222,FOODS
P04,FOODS_2_076,2015-04-26,1,222,FOODS
P04,FOODS_2_076,2015-04-27,0,222,FOODS
P04,FOODS_2_076,2015-04-28,0,222,FOODS
P04,FOODS_2_076,2015-04-29,0,222,FOODS
P04,FOODS_2_076,2015-04-30,0,222,FOODS
P04,FOODS_2_076,2015-05-01,0,222,FOODS
P04,FOODS_2_076,2015-05-02,0,223,FOODS
P04,FOODS_2_076,2015-05-03,0,223,FOODS
P04,FOODS_2_076,2015-05-04,0,223,FOODS
P04,FOODS_2_076,2015-05-05,0,223,FOODS
P04,FOODS_2_076,2015-05-06,0,223,FOODS
P04,FOODS_2_076,2015-05-07,0,223,FOODS
P04,FOODS_2_076,2015-05-08,0,223,FOODS
P04,FOODS_2_076,2015-05-09,0,224,FOODS
P04,FOODS_2_076,2015-05-10,0,224,FOODS
P04,FOODS_2_076,2015-05-11,0,224,FOODS
P04,FOODS_2_076,2015-05-12,0,224,FOODS
P04,FOODS_2_076,2015-05-13,0,224,FOODS
P04,FOODS_2_076,2015-05-14,0,224,FOODS
P04,FOODS_2_076,2015-05-15,1,224,FOODS
P04,FOODS_2_076,2015-05-16,0,225,FOODS
P04,FOODS_2_076,2015-05-17,0,225,FOODS
P04,FOODS_2_076,2015-05-18,0,225,FOODS
P04,FOODS_2_076,2015-05-19,0,225,FOODS
P04,FOODS_2_076,2015-05-20,0,225,FOODS
P04,FOODS_2_076,2015-05-21,0,225,FOODS
P04,FOODS_2_076,2015-05-22,0,225,FOODS
P04,FOODS_2_076,2015-05-23,0,226,FOODS
P04,FOODS_2_076,2015-05-24,0,226,FOODS
P04,FOODS_2_076,2015-05-25,0,226,FOODS
P04,FOODS_2_076,2015-05-26,0,226,FOODS
P04,FOODS_2_076,2015-05-27,0,226,FOODS
P04,FOODS_2_076,2015-05-28,1,226,FOODS
P04,FOODS_2_076,2015-05-29,0,226,FOODS
P04,FOODS_2_076,2015-05-30,0,227,FOODS
P04,FOODS_2_076,2015-05-31,0,227,FOODS
P04,FOODS_2_076,2015-06-01,0,227,FOODS
P04,FOODS_2_076,2015-06-02,0,227,FOODS
P04,FOODS_2_076,2015-06-03,2,227,FOODS
P04,FOODS_2_076,2015-06-04,2,227,FOODS
P04,FOODS_2_076,2015-06-05,4,227,FOODS
P04,FOODS_2_076,2015-06-06,1,228,FOODS
P04,FOODS_2_076,2015-06-07,7,228,FOODS
P04,FOODS_2_076,2015-06-08,7,228,FOODS
P04,FOODS_2_076,2015-06-09,0,228,FOODS
P04,FOODS_2_076,2015-06-10,6,228,FOODS
P04,FOODS_2_076,2015-06-11,2,228,FOODS
P04,FOODS_2_076,2015-06-12,2,228,FOODS
P04,FOODS_2_076,2015-06-13,5,229,FOODS
P04,FOODS_2_076,2015-06-14,2,229,FOODS
P04,FOODS_2_076,2015-06-15,4,229,FOODS
P04,FOODS_2_076,2015-06-16,5,229,FOODS
P04,FOODS_2_076,2015-06-17,4,229,FOODS
P04,FOODS_2_076,2015-06-18,2,229,FOODS
P04,FOODS_2_076,2015-06-19,0,229,FOODS
P04,FOODS_2_076,2015-06-20,6,230,FOODS
P04,FOODS_2_076,2015-06-21,3,230,FOODS
P04,FOODS_2_076,2015-06-22,1,230,FOODS
P04,FOODS_2_076,2015-06-23,3,230,FOODS
P04,FOODS_2_076,2015-06-24,2,230,FOODS
P04,FOODS_2_076,2015-06-25,4,230,FOODS
P04,FOODS_2_076,2015-06-26,2,230,FOODS
P04,FOODS_2_076,2015-06-27,2,231,FOODS
P04,FOODS_2_076,2015-06-28,0,231,FOODS
P04,FOODS_2_076,2015-06-29,3,231,FOODS
P04,FOODS_2_076,2015-06-30,1,231,FOODS
P04,FOODS_2_076,2015-07-01,3,231,FOODS
P04,FOODS_2_076,2015-07-02,4,231,FOODS
P04,FOODS_2_076,2015-07-03,2,231,FOODS
P04,FOODS_2_076,2015-07-04,1,232,FOODS
P04,FOODS_2_076,2015-07-05,4,232,FOODS
P04,FOODS_2_076,2015-07-06,4,232,FOODS
P04,FOODS_2_076,2015-07-07,5,232,FOODS
P04,FOODS_2_076,2015-07-08,3,232,FOODS
P04,FOODS_2_076,2015-07-09,3,232,FOODS
P04,FOODS_2_076,2015-07-10,2,232,FOODS
P04,FOODS_2_076,2015-07-11,1,233,FOODS
P04,FOODS_2_076,2015-07-12,5,233,FOODS
P04,FOODS_2_076,2015-07-13,2,233,FOODS
P04,FOODS_2_076,2015-07-14,5,233,FOODS
P04,FOODS_2_076,2015-07-15,5,233,FOODS
P04,FOODS_2_076,2015-07-16,7,233,FOODS
P04,FOODS_2_076,2015-07-17,4,233,FOODS
P04,FOODS_2_076,2015-07-18,9,234,FOODS
P04,FOODS_2_076,2015-07-19,4,234,FOODS
P04,FOODS_2_076,2015-07-20,2,234,FOODS
P04,FOODS_2_076,2015-07-21,2,234,FOODS
P04,FOODS_2_076,2015-07-22,5,234,FOODS
P04,FOODS_2_076,2015-07-23,1,234,FOODS
P04,FOODS_2_076,2015-07-24,2,234,FOODS
P04,FOODS_2_076,2015-07-25,3,235,FOODS
P04,FOODS_2_076,2015-07-26,0,235,FOODS
P04,FOODS_2_076,2015-07-27,3,235,FOODS
P04,FOODS_2_076,2015-07-28,6,235,FOODS
P04,FOODS_2_076,2015-07-29,1,235,FOODS
P04,FOODS_2_076,2015-07-30,2,235,FOODS
P04,FOODS_2_076,2015-07-31,1,235,FOODS
P04,FOODS_2_076,2015-08-01,1,236,FOODS
P04,FOODS_2_076,2015-08-02,2,236,FOODS
P04,FOODS_2_076,2015-08-03,8,236,FOODS
P04,FOODS_2_076,2015-08-04,1,236,FOODS
P04,FOODS_2_076,2015-08-05,8,236,FOODS
P04,FOODS_2_076,2015-08-06,2,236,FOODS
P04,FOODS_2_076,2015-08-07,0,236,FOODS
P04,FOODS_2_076,2015-08-08,3,237,FOODS
P04,FOODS_2_076,2015-08-09,4,237,FOODS
P04,FOODS_2_076,2015-08-10,6,237,FOODS
P04,FOODS_2_076,2015-08-11,1,237,FOODS
P04,FOODS_2_076,2015-08-12,4,237,FOODS
P04,FOODS_2_076,2015-08-13,7,237,FOODS
P04,FOODS_2_076,2015-08-14,0,237,FOODS
P04,FOODS_2_076,2015-08-15,3,238,FOODS
P04,FOODS_2_076,2015-08-16,8,238,FOODS
P04,FOODS_2_076,2015-08-17,2,238,FOODS
P04,FOODS_2_076,2015-08-18,6,238,FOODS
P04,FOODS_2_076,2015-08-19,1,238,FOODS
P04,FOODS_2_076,2015-08-20,3,238,FOODS
P04,FOODS_2_076,2015-08-21,3,238,FOODS
P04,FOODS_2_076,2015-08-22,3,239,FOODS
P04,FOODS_2_076,2015-08-23,4,239,FOODS
P04,FOODS_2_076,2015-08-24,5,239,FOODS
P04,FOODS_2_076,2015-08-25,1,239,FOODS
P04,FOODS_2_076,2015-08-26,4,239,FOODS
P04,FOODS_2_076,2015-08-27,1,239,FOODS
P04,FOODS_2_076,2015-08-28,0,239,FOODS
P04,FOODS_2_076,2015-08-29,2,240,FOODS
P04,FOODS_2_076,2015-08-30,7,240,FOODS
P04,FOODS_2_076,2015-08-31,3,240,FOODS
P04,FOODS_2_076,2015-09-01,3,240,FOODS
P04,FOODS_2_076,2015-09-02,3,240,FOODS
P04,FOODS_2_076,2015-09-03,5,240,FOODS
P04,FOODS_2_076,2015-09-04,1,240,FOODS
P04,FOODS_2_076,2015-09-05,6,241,FOODS
P04,FOODS_2_076,2015-09-06,2,241,FOODS
P04,FOODS_2_076,2015-09-07,3,241,FOODS
P04,FOODS_2_076,2015-09-08,4,241,FOODS
P04,FOODS_2_076,2015-09-09,3,241,FOODS
P04,FOODS_2_076,2015-09-10,4,241,FOODS
P04,FOODS_2_076,2015-09-11,3,241,FOODS
P04,FOODS_2_076,2015-09-12,4,242,FOODS
P04,FOODS_2_076,2015-09-13,2,242,FOODS
P04,FOODS_2_076,2015-09-14,2,242,FOODS
P04,FOODS_2_076,2015-09-15,3,242,FOODS
P04,FOODS_2_076,2015-09-16,3,242,FOODS
P04,FOODS_2_076,2015-09-17,6,242,FOODS
P04,FOODS_2_076,2015-09-18,3,242,FOODS
P04,FOODS_2_076,2015-09-19,2,243,FOODS
P04,FOODS_2_076,2015-09-20,4,243,FOODS
P04,FOODS_2_076,2015-09-21,3,243,FOODS
P04,FOODS_2_076,2015-09-22,9,243,FOODS
P04,FOODS_2_076,2015-09-23,0,243,FOODS
P04,FOODS_2_076,2015-09-24,2,243,FOODS
P04,FOODS_2_076,2015-09-25,2,243,FOODS
P04,FOODS_2_076,2015-09-26,4,244,FOODS
P04,FOODS_2_076,2015-09-27,4,244,FOODS
P04,FOODS_2_076,2015-09-28,3,244,FOODS
P04,FOODS_2_076,2015-09-29,2,244,FOODS
P04,FOODS_2_076,2015-09-30,5,244,FOODS
P04,FOODS_2_076,2015-10-01,3,244,FOODS
P04,FOODS_2_076,2015-10-02,5,244,FOODS
P04,FOODS_2_076,2015-10-03,5,245,FOODS
P04,FOODS_2_076,2015-10-04,5,245,FOODS
P04,FOODS_2_076,2015-10-05,7,245,FOODS
P04,FOODS_2_076,2015-10-06,5,245,FOODS
P04,FOODS_2_076,2015-10-07,3,245,FOODS
P04,FOODS_2_076,2015-10-08,7,245,FOODS
P04,FOODS_2_076,2015-10-09,2,245,FOODS
P04,FOODS_2_076,2015-10-10,4,246,FOODS
P04,FOODS_2_076,2015-10-11,4,246,FOODS
P04,FOODS_2_076,2015-10-12,4,246,FOODS
P04,FOODS_2_076,2015-10-13,5,246,FOODS
P04,FOODS_2_076,2015-10-14,1,246,FOODS
P04,FOODS_2_076,2015-10-15,3,246,FOODS
P04,FOODS_2_076,2015-10-16,2,246,FOODS
P04,FOODS_2_076,2015-10-17,7,247,FOODS
P04,FOODS_2_076,2015-10-18,5,247,FOODS
P04,FOODS_2_076,2015-10-19,3,247,FOODS
P04,FOODS_2_076,2015-10-20,6,247,FOODS
P04,FOODS_2_076,2015-10-21,2,247,FOODS
P04,FOODS_2_076,2015-10-22,2,247,FOODS
P04,FOODS_2_076,2015-10-23,2,247,FOODS
P04,FOODS_2_076,2015-10-24,2,248,FOODS
P04,FOODS_2_076,2015-10-25,5,248,FOODS
P04,FOODS_2_076,2015-10-26,2,248,FOODS
P04,FOODS_2_076,2015-10-27,1,248,FOODS
P04,FOODS_2_076,2015-10-28,1,248,FOODS
P04,FOODS_2_076,2015-10-29,3,248,FOODS
P04,FOODS_2_076,2015-10-30,0,248,FOODS
P04,FOODS_2_076,2015-10-31,0,249,FOODS
P04,FOODS_2_076,2015-11-01,0,249,FOODS
P04,FOODS_2_076,2015-11-02,0,249,FOODS
P04,FOODS_2_076,2015-11-03,0,249,FOODS
P04,FOODS_2_076,2015-11-04,0,249,FOODS
P04,FOODS_2_076,2015-11-05,1,249,FOODS
P04,FOODS_2_076,2015-11-06,0,249,FOODS
P04,FOODS_2_076,2015-11-07,0,250,FOODS
P04,FOODS_2_076,2015-11-08,1,250,FOODS
P04,FOODS_2_076,2015-11-09,0,250,FOODS
P04,FOODS_2_076,2015-11-10,0,250,FOODS
P04,FOODS_2_076,2015-11-11,0,250,FOODS
P04,FOODS_2_076,2015-11-12,0,250,FOODS
P04,FOODS_2_076,2015-11-13,0,250,FOODS
P04,FOODS_2_076,2015-11-14,0,251,FOODS
P04,FOODS_2_076,2015-11-15,0,251,FOODS
P04,FOODS_2_076,2015-11-16,0,251,FOODS
P04,FOODS_2_076,2015-11-17,0,251,FOODS
P04,FOODS_2_076,2015-11-18,0,251,FOODS
P04,FOODS_2_076,2015-11-19,0,251,FOODS
P04,FOODS_2_076,2015-11-20,0,251,FOODS
P04,FOODS_2_076,2015-11-21,0,252,FOODS
P04,FOODS_2_076,2015-11-22,0,252,FOODS
P04,FOODS_2_076,2015-11-23,0,252,FOODS
P04,FOODS_2_076,2015-11-24,0,252,FOODS
P04,FOODS_2_076,2015-11-25,0,252,FOODS
P04,FOODS_2_076,2015-11-26,0,252,FOODS
P04,FOODS_2_076,2015-11-27,0,252,FOODS
P04,FOODS_2_076,2015-11-28,0,253,FOODS
P04,FOODS_2_076,2015-11-29,0,253,FOODS
P04,FOODS_2_076,2015-11-30,0,253,FOODS
P04,FOODS_2_076,2015-12-01,0,253,FOODS
P04,FOODS_2_076,2015-12-02,0,253,FOODS
P04,FOODS_2_076,2015-12-03,0,253,FOODS
P04,FOODS_2_076,2015-12-04,0,253,FOODS
P04,FOODS_2_076,2015-12-05,1,254,FOODS
P04,FOODS_2_076,2015-12-06,0,254,FOODS
P04,FOODS_2_076,2015-12-07,0,254,FOODS
P04,FOODS_2_076,2015-12-08,0,254,FOODS
P04,FOODS_2_076,2015-12-09,0,254,FOODS
P04,FOODS_2_076,2015-12-10,0,254,FOODS
P04,FOODS_2_076,2015-12-11,0,254,FOODS
P04,FOODS_2_076,2015-12-12,0,255,FOODS
P04,FOODS_2_076,2015-12-13,0,255,FOODS
P04,FOODS_2_076,2015-12-14,0,255,FOODS
P04,FOODS_2_076,2015-12-15,0,255,FOODS
P04,FOODS_2_076,2015-12-16,0,255,FOODS
P04,FOODS_2_076,2015-12-17,0,255,FOODS
P04,FOODS_2_076,2015-12-18,0,255,FOODS
P04,FOODS_2_076,2015-12-19,0,256,FOODS
P04,FOODS_2_076,2015-12-20,0,256,FOODS
P04,FOODS_2_076,2015-12-21,0,256,FOODS
P04,FOODS_2_076,2015-12-22,0,256,FOODS
P04,FOODS_2_076,2015-12-23,0,256,FOODS
P04,FOODS_2_076,2015-12-24,0,256,FOODS
P04,FOODS_2_076,2015-12-25,0,256,FOODS
P04,FOODS_2_076,2015-12-26,0,257,FOODS
P04,FOODS_2_076,2015-12-27,0,257,FOODS
P04,FOODS_2_076,2015-12-28,0,257,FOODS
P04,FOODS_2_076,2015-12-29,0,257,FOODS
P04,FOODS_2_076,2015-12-30,0,257,FOODS
P04,FOODS_2_076,2015-12-31,0,257,FOODS
P04,FOODS_2_076,2016-01-01,0,257,FOODS
P04,FOODS_2_076,2016-01-02,0,258,FOODS
P04,FOODS_2_076,2016-01-03,0,258,FOODS
P04,FOODS_2_076,2016-01-04,0,258,FOODS
P04,FOODS_2_076,2016-01-05,0,258,FOODS
P04,FOODS_2_076,2016-01-06,0,258,FOODS
P04,FOODS_2_076,2016-01-07,0,258,FOODS
P04,FOODS_2_076,2016-01-08,1,258,FOODS
P04,FOODS_2_076,2016-01-09,4,259,FOODS
P04,FOODS_2_076,2016-01-10,6,259,FOODS
P04,FOODS_2_076,2016-01-11,1,259,FOODS
P04,FOODS_2_076,2016-01-12,1,259,FOODS
P04,FOODS_2_076,2016-01-13,3,259,FOODS
P04,FOODS_2_076,2016-01-14,5,259,FOODS
P04,FOODS_2_076,2016-01-15,3,259,FOODS
P04,FOODS_2_076,2016-01-16,8,260,FOODS
P04,FOODS_2_076,2016-01-17,3,260,FOODS
P04,FOODS_2_076,2016-01-18,3,260,FOODS
P04,FOODS_2_076,2016-01-19,0,260,FOODS
P04,FOODS_2_076,2016-01-20,0,260,FOODS
P04,FOODS_2_076,2016-01-21,1,260,FOODS
P04,FOODS_2_076,2016-01-22,1,260,FOODS
P04,FOODS_2_076,2016-01-23,3,261,FOODS
P04,FOODS_2_076,2016-01-24,4,261,FOODS
P04,FOODS_2_076,2016-01-25,1,261,FOODS
P04,FOODS_2_076,2016-01-26,3,261,FOODS
P04,FOODS_2_076,2016-01-27,4,261,FOODS
P04,FOODS_2_076,2016-01-28,0,261,FOODS
P04,FOODS_2_076,2016-01-29,2,261,FOODS
P04,FOODS_2_076,2016-01-30,6,262,FOODS
P04,FOODS_2_076,2016-01-31,3,262,FOODS
P04,FOODS_2_076,2016-02-01,2,262,FOODS
P04,FOODS_2_076,2016-02-02,1,262,FOODS
P04,FOODS_2_076,2016-02-03,3,262,FOODS
P04,FOODS_2_076,2016-02-04,4,262,FOODS
P04,FOODS_2_076,2016-02-05,1,262,FOODS
P04,FOODS_2_076,2016-02-06,4,263,FOODS
P04,FOODS_2_076,2016-02-07,4,263,FOODS
P04,FOODS_2_076,2016-02-08,4,263,FOODS
P04,FOODS_2_076,2016-02-09,8,263,FOODS
P04,FOODS_2_076,2016-02-10,2,263,FOODS
P04,FOODS_2_076,2016-02-11,4,263,FOODS
P04,FOODS_2_076,2016-02-12,1,263,FOODS
P04,FOODS_2_076,2016-02-13,7,264,FOODS
P04,FOODS_2_076,2016-02-14,4,264,FOODS
P04,FOODS_2_076,2016-02-15,2,264,FOODS
P04,FOODS_2_076,2016-02-16,4,264,FOODS
P04,FOODS_2_076,2016-02-17,2,264,FOODS
P04,FOODS_2_076,2016-02-18,2,264,FOODS
P04,FOODS_2_076,2016-02-19,1,264,FOODS
P04,FOODS_2_076,2016-02-20,3,265,FOODS
P04,FOODS_2_076,2016-02-21,6,265,FOODS
P04,FOODS_2_076,2016-02-22,5,265,FOODS
P04,FOODS_2_076,2016-02-23,1,265,FOODS
P04,FOODS_2_076,2016-02-24,2,265,FOODS
P04,FOODS_2_076,2016-02-25,1,265,FOODS
P04,FOODS_2_076,2016-02-26,5,265,FOODS
P04,FOODS_2_076,2016-02-27,3,266,FOODS
P04,FOODS_2_076,2016-02-28,2,266,FOODS
P04,FOODS_2_076,2016-02-29,2,266,FOODS
P04,FOODS_2_076,2016-03-01,3,266,FOODS
P04,FOODS_2_076,2016-03-02,1,266,FOODS
P04,FOODS_2_076,2016-03-03,1,266,FOODS
P04,FOODS_2_076,2016-03-04,1,266,FOODS
P04,FOODS_2_076,2016-03-05,3,267,FOODS
P04,FOODS_2_076,2016-03-06,3,267,FOODS
P04,FOODS_2_076,2016-03-07,4,267,FOODS
P04,FOODS_2_076,2016-03-08,5,267,FOODS
P04,FOODS_2_076,2016-03-09,4,267,FOODS
P04,FOODS_2_076,2016-03-10,2,267,FOODS
P04,FOODS_2_076,2016-03-11,4,267,FOODS
P04,FOODS_2_076,2016-03-12,4,268,FOODS
P04,FOODS_2_076,2016-03-13,3,268,FOODS
P04,FOODS_2_076,2016-03-14,3,268,FOODS
P04,FOODS_2_076,2016-03-15,4,268,FOODS
P04,FOODS_2_076,2016-03-16,5,268,FOODS
P04,FOODS_2_076,2016-03-17,1,268,FOODS
P04,FOODS_2_076,2016-03-18,3,268,FOODS
P04,FOODS_2_076,2016-03-19,4,269,FOODS
P04,FOODS_2_076,2016-03-20,4,269,FOODS
P04,FOODS_2_076,2016-03-21,2,269,FOODS
P04,FOODS_2_076,2016-03-22,1,269,FOODS
P04,FOODS_2_076,2016-03-23,2,269,FOODS
P04,FOODS_2_076,2016-03-24,3,269,FOODS
P04,FOODS_2_076,2016-03-25,4,269,FOODS
P04,FOODS_2_076,2016-03-26,2,270,FOODS
P04,FOODS_2_076,2016-03-27,1,270,FOODS
P04,FOODS_2_076,2016-03-28,1,270,FOODS
P04,FOODS_2_076,2016-03-29,2,270,FOODS
P04,FOODS_2_076,2016-03-30,0,270,FOODS
P04,FOODS_2_076,2016-03-31,1,270,FOODS
P04,FOODS_2_076,2016-04-01,3,270,FOODS
P04,FOODS_2_076,2016-04-02,3,271,FOODS
P04,FOODS_2_076,2016-04-03,2,271,FOODS
P04,FOODS_2_076,2016-04-04,2,271,FOODS
P04,FOODS_2_076,2016-04-05,3,271,FOODS
P04,FOODS_2_076,2016-04-06,1,271,FOODS
P04,FOODS_2_076,2016-04-07,5,271,FOODS
P04,FOODS_2_076,2016-04-08,1,271,FOODS
P04,FOODS_2_076,2016-04-09,3,272,FOODS
P04,FOODS_2_076,2016-04-10,11,272,FOODS
P04,FOODS_2_076,2016-04-11,1,272,FOODS
P04,FOODS_2_076,2016-04-12,4,272,FOODS
P04,FOODS_2_076,2016-04-13,4,272,FOODS
P04,FOODS_2_076,2016-04-14,5,272,FOODS
P04,FOODS_2_076,2016-04-15,5,272,FOODS
P04,FOODS_2_076,2016-04-16,0,273,FOODS
P04,FOODS_2_076,2016-04-17,3,273,FOODS
P04,FOODS_2_076,2016-04-18,4,273,FOODS
P04,FOODS_2_076,2016-04-19,6,273,FOODS
P04,FOODS_2_076,2016-04-20,1,273,FOODS
P04,FOODS_2_076,2016-04-21,1,273,FOODS
P04,FOODS_2_076,2016-04-22,5,273,FOODS
P05,HOUSEHOLD_1_083,2011-01-29,64,1,HOUSEHOLD
P05,HOUSEHOLD_1_083,2011-01-30,89,1,HOUSEHOLD
P05,HOUSEHOLD_1_083,2011-01-31,90,1,HOUSEHOLD
P05,HOUSEHOLD_1_083,2011-02-01,46,1,HOUSEHOLD
P05,HOUSEHOLD_1_083,2011-02-02,38,1,HOUSEHOLD
P05,HOUSEHOLD_1_083,2011-02-03,27,1,HOUSEHOLD
P05,HOUSEHOLD_1_083,2011-02-04,73,1,HOUSEHOLD
P05,HOUSEHOLD_1_083,2011-02-05,92,2,HOUSEHOLD
P05,HOUSEHOLD_1_083,2011-02-06,75,2,HOUSEHOLD
P05,HOUSEHOLD_1_083,2011-02-07,54,2,HOUSEHOLD
P05,HOUSEHOLD_1_083,2011-02-08,36,2,HOUSEHOLD
P05,HOUSEHOLD_1_083,2011-02-09,53,2,HOUSEHOLD
P05,HOUSEHOLD_1_083,2011-02-10,74,2,HOUSEHOLD
P05,HOUSEHOLD_1_083,2011-02-11,56,2,HOUSEHOLD
P05,HOUSEHOLD_1_083,2011-02-12,70,3,HOUSEHOLD
P05,HOUSEHOLD_1_083,2011-02-13,94,3,HOUSEHOLD
P05,HOUSEHOLD_1_083,2011-02-14,52,3,HOUSEHOLD
P05,HOUSEHOLD_1_083,2011-02-15,59,3,HOUSEHOLD
P05,HOUSEHOLD_1_083,2011-02-16,79,3,HOUSEHOLD
P05,HOUSEHOLD_1_083,2011-02-17,74,3,HOUSEHOLD
P05,HOUSEHOLD_1_083,2011-02-18,64,3,HOUSEHOLD
P05,HOUSEHOLD_1_083,2011-02-19,103,4,HOUSEHOLD
P05,HOUSEHOLD_1_083,2011-02-20,121,4,HOUSEHOLD
P05,HOUSEHOLD_1_083,2011-02-21,96,4,HOUSEHOLD
P05,HOUSEHOLD_1_083,2011-02-22,78,4,HOUSEHOLD
P05,HOUSEHOLD_1_083,2011-02-23,84,4,HOUSEHOLD
P05,HOUSEHOLD_1_083,2011-02-24,96,4,HOUSEHOLD
P05,HOUSEHOLD_1_083,2011-02-25,96,4,HOUSEHOLD
P05,HOUSEHOLD_1_083,2011-02-26,145,5,HOUSEHOLD
P05,HOUSEHOLD_1_083,2011-02-27,138,5,HOUSEHOLD
P05,HOUSEHOLD_1_083,2011-02-28,99,5,HOUSEHOLD
P05,HOUSEHOLD_1_083,2011-03-01,121,5,HOUSEHOLD
P05,HOUSEHOLD_1_083,2011-03-02,72,5,HOUSEHOLD
P05,HOUSEHOLD_1_083,2011-03-03,81,5,HOUSEHOLD
P05,HOUSEHOLD_1_083,2011-03-04,76,5,HOUSEHOLD
P05,HOUSEHOLD_1_083,2011-03-05,81,6,HOUSEHOLD
P05,HOUSEHOLD_1_083,2011-03-06,91,6,HOUSEHOLD
P05,HOUSEHOLD_1_083,2011-03-07,106,6,HOUSEHOLD
P05,HOUSEHOLD_1_083,2011-03-08,85,6,HOUSEHOLD
P05,HOUSEHOLD_1_083,2011-03-09,45,6,HOUSEHOLD
P05,HOUSEHOLD_1_083,2011-03-10,66,6,HOUSEHOLD
P05,HOUSEHOLD_1_083,2011-03-11,115,6,HOUSEHOLD
P05,HOUSEHOLD_1_083,2011-03-12,122,7,HOUSEHOLD
P05,HOUSEHOLD_1_083,2011-03-13,97,7,HOUSEHOLD
P05,HOUSEHOLD_1_083,2011-03-14,70,7,HOUSEHOLD
P05,HOUSEHOLD_1_083,2011-03-15,75,7,HOUSEHOLD
P05,HOUSEHOLD_1_083,2011-03-16,57,7,HOUSEHOLD
P05,HOUSEHOLD_1_083,2011-03-17,63,7,HOUSEHOLD
P05,HOUSEHOLD_1_083,2011-03-18,97,7,HOUSEHOLD
P05,HOUSEHOLD_1_083,2011-03-19,89,8,HOUSEHOLD
P05,HOUSEHOLD_1_083,2011-03-20,92,8,HOUSEHOLD
P05,HOUSEHOLD_1_083,2011-03-21,71,8,HOUSEHOLD
P05,HOUSEHOLD_1_083,2011-03-22,68,8,HOUSEHOLD
P05,HOUSEHOLD_1_083,2011-03-23,43,8,HOUSEHOLD
P05,HOUSEHOLD_1_083,2011-03-24,47,8,HOUSEHOLD
P05,HOUSEHOLD_1_083,2011-03-25,74,8,HOUSEHOLD
P05,HOUSEHOLD_1_083,2011-03-26,127,9,HOUSEHOLD
P05,HOUSEHOLD_1_083,2011-03-27,63,9,HOUSEHOLD
P05,HOUSEHOLD_1_083,2011-03-28,57,9,HOUSEHOLD
P05,HOUSEHOLD_1_083,2011-03-29,72,9,HOUSEHOLD
P05,HOUSEHOLD_1_083,2011-03-30,36,9,HOUSEHOLD
P05,HOUSEHOLD_1_083,2011-03-31,85,9,HOUSEHOLD
P05,HOUSEHOLD_1_083,2011-04-01,123,9,HOUSEHOLD
P05,HOUSEHOLD_1_083,2011-04-02,77,10,HOUSEHOLD
P05,HOUSEHOLD_1_083,2011-04-03,74,10,HOUSEHOLD
P05,HOUSEHOLD_1_083,2011-04-04,51,10,HOUSEHOLD
P05,HOUSEHOLD_1_083,2011-04-05,54,10,HOUSEHOLD
P05,HOUSEHOLD_1_083,2011-04-06,74,10,HOUSEHOLD
P05,HOUSEHOLD_1_083,2011-04-07,66,10,HOUSEHOLD
P05,HOUSEHOLD_1_083,2011-04-08,87,10,HOUSEHOLD
P05,HOUSEHOLD_1_083,2011-04-09,104,11,HOUSEHOLD
P05,HOUSEHOLD_1_083,2011-04-10,85,11,HOUSEHOLD
P05,HOUSEHOLD_1_083,2011-04-11,69,11,HOUSEHOLD
P05,HOUSEHOLD_1_083,2011-04-12,60,11,HOUSEHOLD
P05,HOUSEHOLD_1_083,2011-04-13,70,11,HOUSEHOLD
P05,HOUSEHOLD_1_083,2011-04-14,79,11,HOUSEHOLD
P05,HOUSEHOLD_1_083,2011-04-15,115,11,HOUSEHOLD
P05,HOUSEHOLD_1_083,2011-04-16,76,12,HOUSEHOLD
P05,HOUSEHOLD_1_083,2011-04-17,111,12,HOUSEHOLD
P05,HOUSEHOLD_1_083,2011-04-18,87,12,HOUSEHOLD
P05,HOUSEHOLD_1_083,2011-04-19,65,12,HOUSEHOLD
P05,HOUSEHOLD_1_083,2011-04-20,57,12,HOUSEHOLD
P05,HOUSEHOLD_1_083,2011-04-21,68,12,HOUSEHOLD
P05,HOUSEHOLD_1_083,2011-04-22,97,12,HOUSEHOLD
P05,HOUSEHOLD_1_083,2011-04-23,73,13,HOUSEHOLD
P05,HOUSEHOLD_1_083,2011-04-24,68,13,HOUSEHOLD
P05,HOUSEHOLD_1_083,2011-04-25,74,13,HOUSEHOLD
P05,HOUSEHOLD_1_083,2011-04-26,97,13,HOUSEHOLD
P05,HOUSEHOLD_1_083,2011-04-27,78,13,HOUSEHOLD
P05,HOUSEHOLD_1_083,2011-04-28,83,13,HOUSEHOLD
P05,HOUSEHOLD_1_083,2011-04-29,112,13,HOUSEHOLD
P05,HOUSEHOLD_1_083,2011-04-30,138,14,HOUSEHOLD
P05,HOUSEHOLD_1_083,2011-05-01,96,14,HOUSEHOLD
P05,HOUSEHOLD_1_083,2011-05-02,65,14,HOUSEHOLD
P05,HOUSEHOLD_1_083,2011-05-03,93,14,HOUSEHOLD
P05,HOUSEHOLD_1_083,2011-05-04,88,14,HOUSEHOLD
P05,HOUSEHOLD_1_083,2011-05-05,67,14,HOUSEHOLD
P05,HOUSEHOLD_1_083,2011-05-06,87,14,HOUSEHOLD
P05,HOUSEHOLD_1_083,2011-05-07,95,15,HOUSEHOLD
P05,HOUSEHOLD_1_083,2011-05-08,77,15,HOUSEHOLD
P05,HOUSEHOLD_1_083,2011-05-09,52,15,HOUSEHOLD
P05,HOUSEHOLD_1_083,2011-05-10,38,15,HOUSEHOLD
P05,HOUSEHOLD_1_083,2011-05-11,81,15,HOUSEHOLD
P05,HOUSEHOLD_1_083,2011-05-12,67,15,HOUSEHOLD
P05,HOUSEHOLD_1_083,2011-05-13,115,15,HOUSEHOLD
P05,HOUSEHOLD_1_083,2011-05-14,113,16,HOUSEHOLD
P05,HOUSEHOLD_1_083,2011-05-15,102,16,HOUSEHOLD
P05,HOUSEHOLD_1_083,2011-05-16,95,16,HOUSEHOLD
P05,HOUSEHOLD_1_083,2011-05-17,40,16,HOUSEHOLD
P05,HOUSEHOLD_1_083,2011-05-18,95,16,HOUSEHOLD
P05,HOUSEHOLD_1_083,2011-05-19,41,16,HOUSEHOLD
P05,HOUSEHOLD_1_083,2011-05-20,88,16,HOUSEHOLD
P05,HOUSEHOLD_1_083,2011-05-21,108,17,HOUSEHOLD
P05,HOUSEHOLD_1_083,2011-05-22,117,17,HOUSEHOLD
P05,HOUSEHOLD_1_083,2011-05-23,63,17,HOUSEHOLD
P05,HOUSEHOLD_1_083,2011-05-24,86,17,HOUSEHOLD
P05,HOUSEHOLD_1_083,2011-05-25,60,17,HOUSEHOLD
P05,HOUSEHOLD_1_083,2011-05-26,49,17,HOUSEHOLD
P05,HOUSEHOLD_1_083,2011-05-27,87,17,HOUSEHOLD
P05,HOUSEHOLD_1_083,2011-05-28,110,18,HOUSEHOLD
P05,HOUSEHOLD_1_083,2011-05-29,91,18,HOUSEHOLD
P05,HOUSEHOLD_1_083,2011-05-30,97,18,HOUSEHOLD
P05,HOUSEHOLD_1_083,2011-05-31,72,18,HOUSEHOLD
P05,HOUSEHOLD_1_083,2011-06-01,63,18,HOUSEHOLD
P05,HOUSEHOLD_1_083,2011-06-02,76,18,HOUSEHOLD
P05,HOUSEHOLD_1_083,2011-06-03,115,18,HOUSEHOLD
P05,HOUSEHOLD_1_083,2011-06-04,116,19,HOUSEHOLD
P05,HOUSEHOLD_1_083,2011-06-05,72,19,HOUSEHOLD
P05,HOUSEHOLD_1_083,2011-06-06,85,19,HOUSEHOLD
P05,HOUSEHOLD_1_083,2011-06-07,71,19,HOUSEHOLD
P05,HOUSEHOLD_1_083,2011-06-08,71,19,HOUSEHOLD
P05,HOUSEHOLD_1_083,2011-06-09,87,19,HOUSEHOLD
P05,HOUSEHOLD_1_083,2011-06-10,73,19,HOUSEHOLD
P05,HOUSEHOLD_1_083,2011-06-11,117,20,HOUSEHOLD
P05,HOUSEHOLD_1_083,2011-06-12,55,20,HOUSEHOLD
P05,HOUSEHOLD_1_083,2011-06-13,58,20,HOUSEHOLD
P05,HOUSEHOLD_1_083,2011-06-14,85,20,HOUSEHOLD
P05,HOUSEHOLD_1_083,2011-06-15,88,20,HOUSEHOLD
P05,HOUSEHOLD_1_083,2011-06-16,66,20,HOUSEHOLD
P05,HOUSEHOLD_1_083,2011-06-17,91,20,HOUSEHOLD
P05,HOUSEHOLD_1_083,2011-06-18,79,21,HOUSEHOLD
P05,HOUSEHOLD_1_083,2011-06-19,81,21,HOUSEHOLD
P05,HOUSEHOLD_1_083,2011-06-20,94,21,HOUSEHOLD
P05,HOUSEHOLD_1_083,2011-06-21,67,21,HOUSEHOLD
P05,HOUSEHOLD_1_083,2011-06-22,62,21,HOUSEHOLD
P05,HOUSEHOLD_1_083,2011-06-23,85,21,HOUSEHOLD
P05,HOUSEHOLD_1_083,2011-06-24,104,21,HOUSEHOLD
P05,HOUSEHOLD_1_083,2011-06-25,135,22,HOUSEHOLD
P05,HOUSEHOLD_1_083,2011-06-26,86,22,HOUSEHOLD
P05,HOUSEHOLD_1_083,2011-06-27,79,22,HOUSEHOLD
P05,HOUSEHOLD_1_083,2011-06-28,64,22,HOUSEHOLD
P05,HOUSEHOLD_1_083,2011-06-29,62,22,HOUSEHOLD
P05,HOUSEHOLD_1_083,2011-06-30,96,22,HOUSEHOLD
P05,HOUSEHOLD_1_083,2011-07-01,129,22,HOUSEHOLD
P05,HOUSEHOLD_1_083,2011-07-02,120,23,HOUSEHOLD
P05,HOUSEHOLD_1_083,2011-07-03,80,23,HOUSEHOLD
P05,HOUSEHOLD_1_083,2011-07-04,86,23,HOUSEHOLD
P05,HOUSEHOLD_1_083,2011-07-05,84,23,HOUSEHOLD
P05,HOUSEHOLD_1_083,2011-07-06,72,23,HOUSEHOLD
P05,HOUSEHOLD_1_083,2011-07-07,79,23,HOUSEHOLD
P05,HOUSEHOLD_1_083,2011-07-08,94,23,HOUSEHOLD
P05,HOUSEHOLD_1_083,2011-07-09,105,24,HOUSEHOLD
P05,HOUSEHOLD_1_083,2011-07-10,61,24,HOUSEHOLD
P05,HOUSEHOLD_1_083,2011-07-11,50,24,HOUSEHOLD
P05,HOUSEHOLD_1_083,2011-07-12,64,24,HOUSEHOLD
P05,HOUSEHOLD_1_083,2011-07-13,53,24,HOUSEHOLD
P05,HOUSEHOLD_1_083,2011-07-14,94,24,HOUSEHOLD
P05,HOUSEHOLD_1_083,2011-07-15,69,24,HOUSEHOLD
P05,HOUSEHOLD_1_083,2011-07-16,128,25,HOUSEHOLD
P05,HOUSEHOLD_1_083,2011-07-17,87,25,HOUSEHOLD
P05,HOUSEHOLD_1_083,2011-07-18,86,25,HOUSEHOLD
P05,HOUSEHOLD_1_083,2011-07-19,104,25,HOUSEHOLD
P05,HOUSEHOLD_1_083,2011-07-20,61,25,HOUSEHOLD
P05,HOUSEHOLD_1_083,2011-07-21,93,25,HOUSEHOLD
P05,HOUSEHOLD_1_083,2011-07-22,83,25,HOUSEHOLD
P05,HOUSEHOLD_1_083,2011-07-23,143,26,HOUSEHOLD
P05,HOUSEHOLD_1_083,2011-07-24,110,26,HOUSEHOLD
P05,HOUSEHOLD_1_083,2011-07-25,103,26,HOUSEHOLD
P05,HOUSEHOLD_1_083,2011-07-26,57,26,HOUSEHOLD
P05,HOUSEHOLD_1_083,2011-07-27,78,26,HOUSEHOLD
P05,HOUSEHOLD_1_083,2011-07-28,92,26,HOUSEHOLD
P05,HOUSEHOLD_1_083,2011-07-29,105,26,HOUSEHOLD
P05,HOUSEHOLD_1_083,2011-07-30,135,27,HOUSEHOLD
P05,HOUSEHOLD_1_083,2011-07-31,77,27,HOUSEHOLD
P05,HOUSEHOLD_1_083,2011-08-01,88,27,HOUSEHOLD
P05,HOUSEHOLD_1_083,2011-08-02,98,27,HOUSEHOLD
P05,HOUSEHOLD_1_083,2011-08-03,99,27,HOUSEHOLD
P05,HOUSEHOLD_1_083,2011-08-04,57,27,HOUSEHOLD
P05,HOUSEHOLD_1_083,2011-08-05,90,27,HOUSEHOLD
P05,HOUSEHOLD_1_083,2011-08-06,108,28,HOUSEHOLD
P05,HOUSEHOLD_1_083,2011-08-07,76,28,HOUSEHOLD
P05,HOUSEHOLD_1_083,2011-08-08,55,28,HOUSEHOLD
P05,HOUSEHOLD_1_083,2011-08-09,21,28,HOUSEHOLD
P05,HOUSEHOLD_1_083,2011-08-10,37,28,HOUSEHOLD
P05,HOUSEHOLD_1_083,2011-08-11,76,28,HOUSEHOLD
P05,HOUSEHOLD_1_083,2011-08-12,96,28,HOUSEHOLD
P05,HOUSEHOLD_1_083,2011-08-13,87,29,HOUSEHOLD
P05,HOUSEHOLD_1_083,2011-08-14,56,29,HOUSEHOLD
P05,HOUSEHOLD_1_083,2011-08-15,61,29,HOUSEHOLD
P05,HOUSEHOLD_1_083,2011-08-16,106,29,HOUSEHOLD
P05,HOUSEHOLD_1_083,2011-08-17,108,29,HOUSEHOLD
P05,HOUSEHOLD_1_083,2011-08-18,90,29,HOUSEHOLD
P05,HOUSEHOLD_1_083,2011-08-19,92,29,HOUSEHOLD
P05,HOUSEHOLD_1_083,2011-08-20,106,30,HOUSEHOLD
P05,HOUSEHOLD_1_083,2011-08-21,93,30,HOUSEHOLD
P05,HOUSEHOLD_1_083,2011-08-22,63,30,HOUSEHOLD
P05,HOUSEHOLD_1_083,2011-08-23,72,30,HOUSEHOLD
P05,HOUSEHOLD_1_083,2011-08-24,49,30,HOUSEHOLD
P05,HOUSEHOLD_1_083,2011-08-25,87,30,HOUSEHOLD
P05,HOUSEHOLD_1_083,2011-08-26,66,30,HOUSEHOLD
P05,HOUSEHOLD_1_083,2011-08-27,100,31,HOUSEHOLD
P05,HOUSEHOLD_1_083,2011-08-28,89,31,HOUSEHOLD
P05,HOUSEHOLD_1_083,2011-08-29,65,31,HOUSEHOLD
P05,HOUSEHOLD_1_083,2011-08-30,71,31,HOUSEHOLD
P05,HOUSEHOLD_1_083,2011-08-31,71,31,HOUSEHOLD
P05,HOUSEHOLD_1_083,2011-09-01,60,31,HOUSEHOLD
P05,HOUSEHOLD_1_083,2011-09-02,111,31,HOUSEHOLD
P05,HOUSEHOLD_1_083,2011-09-03,72,32,HOUSEHOLD
P05,HOUSEHOLD_1_083,2011-09-04,73,32,HOUSEHOLD
P05,HOUSEHOLD_1_083,2011-09-05,68,32,HOUSEHOLD
P05,HOUSEHOLD_1_083,2011-09-06,60,32,HOUSEHOLD
P05,HOUSEHOLD_1_083,2011-09-07,87,32,HOUSEHOLD
P05,HOUSEHOLD_1_083,2011-09-08,76,32,HOUSEHOLD
P05,HOUSEHOLD_1_083,2011-09-09,109,32,HOUSEHOLD
P05,HOUSEHOLD_1_083,2011-09-10,102,33,HOUSEHOLD
P05,HOUSEHOLD_1_083,2011-09-11,61,33,HOUSEHOLD
P05,HOUSEHOLD_1_083,2011-09-12,90,33,HOUSEHOLD
P05,HOUSEHOLD_1_083,2011-09-13,68,33,HOUSEHOLD
P05,HOUSEHOLD_1_083,2011-09-14,100,33,HOUSEHOLD
P05,HOUSEHOLD_1_083,2011-09-15,87,33,HOUSEHOLD
P05,HOUSEHOLD_1_083,2011-09-16,97,33,HOUSEHOLD
P05,HOUSEHOLD_1_083,2011-09-17,115,34,HOUSEHOLD
P05,HOUSEHOLD_1_083,2011-09-18,83,34,HOUSEHOLD
P05,HOUSEHOLD_1_083,2011-09-19,88,34,HOUSEHOLD
P05,HOUSEHOLD_1_083,2011-09-20,79,34,HOUSEHOLD
P05,HOUSEHOLD_1_083,2011-09-21,73,34,HOUSEHOLD
P05,HOUSEHOLD_1_083,2011-09-22,73,34,HOUSEHOLD
P05,HOUSEHOLD_1_083,2011-09-23,99,34,HOUSEHOLD
P05,HOUSEHOLD_1_083,2011-09-24,91,35,HOUSEHOLD
P05,HOUSEHOLD_1_083,2011-09-25,104,35,HOUSEHOLD
P05,HOUSEHOLD_1_083,2011-09-26,84,35,HOUSEHOLD
P05,HOUSEHOLD_1_083,2011-09-27,85,35,HOUSEHOLD
P05,HOUSEHOLD_1_083,2011-09-28,71,35,HOUSEHOLD
P05,HOUSEHOLD_1_083,2011-09-29,78,35,HOUSEHOLD
P05,HOUSEHOLD_1_083,2011-09-30,102,35,HOUSEHOLD
P05,HOUSEHOLD_1_083,2011-10-01,103,36,HOUSEHOLD
P05,HOUSEHOLD_1_083,2011-10-02,102,36,HOUSEHOLD
P05,HOUSEHOLD_1_083,2011-10-03,68,36,HOUSEHOLD
P05,HOUSEHOLD_1_083,2011-10-04,88,36,HOUSEHOLD
P05,HOUSEHOLD_1_083,2011-10-05,77,36,HOUSEHOLD
P05,HOUSEHOLD_1_083,2011-10-06,78,36,HOUSEHOLD
P05,HOUSEHOLD_1_083,2011-10-07,87,36,HOUSEHOLD
P05,HOUSEHOLD_1_083,2011-10-08,87,37,HOUSEHOLD
P05,HOUSEHOLD_1_083,2011-10-09,106,37,HOUSEHOLD
P05,HOUSEHOLD_1_083,2011-10-10,84,37,HOUSEHOLD
P05,HOUSEHOLD_1_083,2011-10-11,68,37,HOUSEHOLD
P05,HOUSEHOLD_1_083,2011-10-12,82,37,HOUSEHOLD
P05,HOUSEHOLD_1_083,2011-10-13,70,37,HOUSEHOLD
P05,HOUSEHOLD_1_083,2011-10-14,91,37,HOUSEHOLD
P05,HOUSEHOLD_1_083,2011-10-15,82,38,HOUSEHOLD
P05,HOUSEHOLD_1_083,2011-10-16,106,38,HOUSEHOLD
P05,HOUSEHOLD_1_083,2011-10-17,95,38,HOUSEHOLD
P05,HOUSEHOLD_1_083,2011-10-18,81,38,HOUSEHOLD
P05,HOUSEHOLD_1_083,2011-10-19,84,38,HOUSEHOLD
P05,HOUSEHOLD_1_083,2011-10-20,63,38,HOUSEHOLD
P05,HOUSEHOLD_1_083,2011-10-21,79,38,HOUSEHOLD
P05,HOUSEHOLD_1_083,2011-10-22,100,39,HOUSEHOLD
P05,HOUSEHOLD_1_083,2011-10-23,104,39,HOUSEHOLD
P05,HOUSEHOLD_1_083,2011-10-24,68,39,HOUSEHOLD
P05,HOUSEHOLD_1_083,2011-10-25,72,39,HOUSEHOLD
P05,HOUSEHOLD_1_083,2011-10-26,73,39,HOUSEHOLD
P05,HOUSEHOLD_1_083,2011-10-27,75,39,HOUSEHOLD
P05,HOUSEHOLD_1_083,2011-10-28,69,39,HOUSEHOLD
P05,HOUSEHOLD_1_083,2011-10-29,91,40,HOUSEHOLD
P05,HOUSEHOLD_1_083,2011-10-30,95,40,HOUSEHOLD
P05,HOUSEHOLD_1_083,2011-10-31,76,40,HOUSEHOLD
P05,HOUSEHOLD_1_083,2011-11-01,51,40,HOUSEHOLD
P05,HOUSEHOLD_1_083,2011-11-02,72,40,HOUSEHOLD
P05,HOUSEHOLD_1_083,2011-11-03,94,40,HOUSEHOLD
P05,HOUSEHOLD_1_083,2011-11-04,92,40,HOUSEHOLD
P05,HOUSEHOLD_1_083,2011-11-05,86,41,HOUSEHOLD
P05,HOUSEHOLD_1_083,2011-11-06,110,41,HOUSEHOLD
P05,HOUSEHOLD_1_083,2011-11-07,60,41,HOUSEHOLD
P05,HOUSEHOLD_1_083,2011-11-08,53,41,HOUSEHOLD
P05,HOUSEHOLD_1_083,2011-11-09,83,41,HOUSEHOLD
P05,HOUSEHOLD_1_083,2011-11-10,70,41,HOUSEHOLD
P05,HOUSEHOLD_1_083,2011-11-11,79,41,HOUSEHOLD
P05,HOUSEHOLD_1_083,2011-11-12,113,42,HOUSEHOLD
P05,HOUSEHOLD_1_083,2011-11-13,106,42,HOUSEHOLD
P05,HOUSEHOLD_1_083,2011-11-14,90,42,HOUSEHOLD
P05,HOUSEHOLD_1_083,2011-11-15,89,42,HOUSEHOLD
P05,HOUSEHOLD_1_083,2011-11-16,60,42,HOUSEHOLD
P05,HOUSEHOLD_1_083,2011-11-17,59,42,HOUSEHOLD
P05,HOUSEHOLD_1_083,2011-11-18,77,42,HOUSEHOLD
P05,HOUSEHOLD_1_083,2011-11-19,88,43,HOUSEHOLD
P05,HOUSEHOLD_1_083,2011-11-20,94,43,HOUSEHOLD
P05,HOUSEHOLD_1_083,2011-11-21,67,43,HOUSEHOLD
P05,HOUSEHOLD_1_083,2011-11-22,79,43,HOUSEHOLD
P05,HOUSEHOLD_1_083,2011-11-23,83,43,HOUSEHOLD
P05,HOUSEHOLD_1_083,2011-11-24,56,43,HOUSEHOLD
P05,HOUSEHOLD_1_083,2011-11-25,43,43,HOUSEHOLD
P05,HOUSEHOLD_1_083,2011-11-26,66,44,HOUSEHOLD
P05,HOUSEHOLD_1_083,2011-11-27,100,44,HOUSEHOLD
P05,HOUSEHOLD_1_083,2011-11-28,45,44,HOUSEHOLD
P05,HOUSEHOLD_1_083,2011-11-29,41,44,HOUSEHOLD
P05,HOUSEHOLD_1_083,2011-11-30,49,44,HOUSEHOLD
P05,HOUSEHOLD_1_083,2011-12-01,66,44,HOUSEHOLD
P05,HOUSEHOLD_1_083,2011-12-02,85,44,HOUSEHOLD
P05,HOUSEHOLD_1_083,2011-12-03,102,45,HOUSEHOLD
P05,HOUSEHOLD_1_083,2011-12-04,71,45,HOUSEHOLD
P05,HOUSEHOLD_1_083,2011-12-05,69,45,HOUSEHOLD
P05,HOUSEHOLD_1_083,2011-12-06,43,45,HOUSEHOLD
P05,HOUSEHOLD_1_083,2011-12-07,50,45,HOUSEHOLD
P05,HOUSEHOLD_1_083,2011-12-08,59,45,HOUSEHOLD
P05,HOUSEHOLD_1_083,2011-12-09,82,45,HOUSEHOLD
P05,HOUSEHOLD_1_083,2011-12-10,66,46,HOUSEHOLD
P05,HOUSEHOLD_1_083,2011-12-11,66,46,HOUSEHOLD
P05,HOUSEHOLD_1_083,2011-12-12,41,46,HOUSEHOLD
P05,HOUSEHOLD_1_083,2011-12-13,59,46,HOUSEHOLD
P05,HOUSEHOLD_1_083,2011-12-14,84,46,HOUSEHOLD
P05,HOUSEHOLD_1_083,2011-12-15,45,46,HOUSEHOLD
P05,HOUSEHOLD_1_083,2011-12-16,58,46,HOUSEHOLD
P05,HOUSEHOLD_1_083,2011-12-17,67,47,HOUSEHOLD
P05,HOUSEHOLD_1_083,2011-12-18,57,47,HOUSEHOLD
P05,HOUSEHOLD_1_083,2011-12-19,42,47,HOUSEHOLD
P05,HOUSEHOLD_1_083,2011-12-20,86,47,HOUSEHOLD
P05,HOUSEHOLD_1_083,2011-12-21,42,47,HOUSEHOLD
P05,HOUSEHOLD_1_083,2011-12-22,74,47,HOUSEHOLD
P05,HOUSEHOLD_1_083,2011-12-23,72,47,HOUSEHOLD
P05,HOUSEHOLD_1_083,2011-12-24,50,48,HOUSEHOLD
P05,HOUSEHOLD_1_083,2011-12-25,0,48,HOUSEHOLD
P05,HOUSEHOLD_1_083,2011-12-26,58,48,HOUSEHOLD
P05,HOUSEHOLD_1_083,2011-12-27,37,48,HOUSEHOLD
P05,HOUSEHOLD_1_083,2011-12-28,64,48,HOUSEHOLD
P05,HOUSEHOLD_1_083,2011-12-29,63,48,HOUSEHOLD
P05,HOUSEHOLD_1_083,2011-12-30,80,48,HOUSEHOLD
P05,HOUSEHOLD_1_083,2011-12-31,81,49,HOUSEHOLD
P05,HOUSEHOLD_1_083,2012-01-01,55,49,HOUSEHOLD
P05,HOUSEHOLD_1_083,2012-01-02,34,49,HOUSEHOLD
P05,HOUSEHOLD_1_083,2012-01-03,70,49,HOUSEHOLD
P05,HOUSEHOLD_1_083,2012-01-04,58,49,HOUSEHOLD
P05,HOUSEHOLD_1_083,2012-01-05,74,49,HOUSEHOLD
P05,HOUSEHOLD_1_083,2012-01-06,82,49,HOUSEHOLD
P05,HOUSEHOLD_1_083,2012-01-07,84,50,HOUSEHOLD
P05,HOUSEHOLD_1_083,2012-01-08,81,50,HOUSEHOLD
P05,HOUSEHOLD_1_083,2012-01-09,83,50,HOUSEHOLD
P05,HOUSEHOLD_1_083,2012-01-10,85,50,HOUSEHOLD
P05,HOUSEHOLD_1_083,2012-01-11,79,50,HOUSEHOLD
P05,HOUSEHOLD_1_083,2012-01-12,67,50,HOUSEHOLD
P05,HOUSEHOLD_1_083,2012-01-13,85,50,HOUSEHOLD
P05,HOUSEHOLD_1_083,2012-01-14,85,51,HOUSEHOLD
P05,HOUSEHOLD_1_083,2012-01-15,57,51,HOUSEHOLD
P05,HOUSEHOLD_1_083,2012-01-16,68,51,HOUSEHOLD
P05,HOUSEHOLD_1_083,2012-01-17,61,51,HOUSEHOLD
P05,HOUSEHOLD_1_083,2012-01-18,56,51,HOUSEHOLD
P05,HOUSEHOLD_1_083,2012-01-19,70,51,HOUSEHOLD
P05,HOUSEHOLD_1_083,2012-01-20,54,51,HOUSEHOLD
P05,HOUSEHOLD_1_083,2012-01-21,88,52,HOUSEHOLD
P05,HOUSEHOLD_1_083,2012-01-22,79,52,HOUSEHOLD
P05,HOUSEHOLD_1_083,2012-01-23,75,52,HOUSEHOLD
P05,HOUSEHOLD_1_083,2012-01-24,66,52,HOUSEHOLD
P05,HOUSEHOLD_1_083,2012-01-25,61,52,HOUSEHOLD
P05,HOUSEHOLD_1_083,2012-01-26,75,52,HOUSEHOLD
P05,HOUSEHOLD_1_083,2012-01-27,61,52,HOUSEHOLD
P05,HOUSEHOLD_1_083,2012-01-28,74,53,HOUSEHOLD
P05,HOUSEHOLD_1_083,2012-01-29,71,53,HOUSEHOLD
P05,HOUSEHOLD_1_083,2012-01-30,32,53,HOUSEHOLD
P05,HOUSEHOLD_1_083,2012-01-31,22,53,HOUSEHOLD
P05,HOUSEHOLD_1_083,2012-02-01,55,53,HOUSEHOLD
P05,HOUSEHOLD_1_083,2012-02-02,71,53,HOUSEHOLD
P05,HOUSEHOLD_1_083,2012-02-03,75,53,HOUSEHOLD
P05,HOUSEHOLD_1_083,2012-02-04,61,54,HOUSEHOLD
P05,HOUSEHOLD_1_083,2012-02-05,76,54,HOUSEHOLD
P05,HOUSEHOLD_1_083,2012-02-06,49,54,HOUSEHOLD
P05,HOUSEHOLD_1_083,2012-02-07,58,54,HOUSEHOLD
P05,HOUSEHOLD_1_083,2012-02-08,77,54,HOUSEHOLD
P05,HOUSEHOLD_1_083,2012-02-09,69,54,HOUSEHOLD
P05,HOUSEHOLD_1_083,2012-02-10,32,54,HOUSEHOLD
P05,HOUSEHOLD_1_083,2012-02-11,63,55,HOUSEHOLD
P05,HOUSEHOLD_1_083,2012-02-12,47,55,HOUSEHOLD
P05,HOUSEHOLD_1_083,2012-02-13,82,55,HOUSEHOLD
P05,HOUSEHOLD_1_083,2012-02-14,34,55,HOUSEHOLD
P05,HOUSEHOLD_1_083,2012-02-15,98,55,HOUSEHOLD
P05,HOUSEHOLD_1_083,2012-02-16,60,55,HOUSEHOLD
P05,HOUSEHOLD_1_083,2012-02-17,39,55,HOUSEHOLD
P05,HOUSEHOLD_1_083,2012-02-18,96,56,HOUSEHOLD
P05,HOUSEHOLD_1_083,2012-02-19,88,56,HOUSEHOLD
P05,HOUSEHOLD_1_083,2012-02-20,108,56,HOUSEHOLD
P05,HOUSEHOLD_1_083,2012-02-21,27,56,HOUSEHOLD
P05,HOUSEHOLD_1_083,2012-02-22,49,56,HOUSEHOLD
P05,HOUSEHOLD_1_083,2012-02-23,79,56,HOUSEHOLD
P05,HOUSEHOLD_1_083,2012-02-24,67,56,HOUSEHOLD
P05,HOUSEHOLD_1_083,2012-02-25,122,57,HOUSEHOLD
P05,HOUSEHOLD_1_083,2012-02-26,72,57,HOUSEHOLD
P05,HOUSEHOLD_1_083,2012-02-27,68,57,HOUSEHOLD
P05,HOUSEHOLD_1_083,2012-02-28,63,57,HOUSEHOLD
P05,HOUSEHOLD_1_083,2012-02-29,67,57,HOUSEHOLD
P05,HOUSEHOLD_1_083,2012-03-01,105,57,HOUSEHOLD
P05,HOUSEHOLD_1_083,2012-03-02,138,57,HOUSEHOLD
P05,HOUSEHOLD_1_083,2012-03-03,90,58,HOUSEHOLD
P05,HOUSEHOLD_1_083,2012-03-04,53,58,HOUSEHOLD
P05,HOUSEHOLD_1_083,2012-03-05,56,58,HOUSEHOLD
P05,HOUSEHOLD_1_083,2012-03-06,90,58,HOUSEHOLD
P05,HOUSEHOLD_1_083,2012-03-07,88,58,HOUSEHOLD
P05,HOUSEHOLD_1_083,2012-03-08,93,58,HOUSEHOLD
P05,HOUSEHOLD_1_083,2012-03-09,76,58,HOUSEHOLD
P05,HOUSEHOLD_1_083,2012-03-10,175,59,HOUSEHOLD
P05,HOUSEHOLD_1_083,2012-03-11,128,59,HOUSEHOLD
P05,HOUSEHOLD_1_083,2012-03-12,64,59,HOUSEHOLD
P05,HOUSEHOLD_1_083,2012-03-13,61,59,HOUSEHOLD
P05,HOUSEHOLD_1_083,2012-03-14,85,59,HOUSEHOLD
P05,HOUSEHOLD_1_083,2012-03-15,98,59,HOUSEHOLD
P05,HOUSEHOLD_1_083,2012-03-16,90,59,HOUSEHOLD
P05,HOUSEHOLD_1_083,2012-03-17,116,60,HOUSEHOLD
P05,HOUSEHOLD_1_083,2012-03-18,119,60,HOUSEHOLD
P05,HOUSEHOLD_1_083,2012-03-19,75,60,HOUSEHOLD
P05,HOUSEHOLD_1_083,2012-03-20,76,60,HOUSEHOLD
P05,HOUSEHOLD_1_083,2012-03-21,48,60,HOUSEHOLD
P05,HOUSEHOLD_1_083,2012-03-22,75,60,HOUSEHOLD
P05,HOUSEHOLD_1_083,2012-03-23,111,60,HOUSEHOLD
P05,HOUSEHOLD_1_083,2012-03-24,90,61,HOUSEHOLD
P05,HOUSEHOLD_1_083,2012-03-25,139,61,HOUSEHOLD
P05,HOUSEHOLD_1_083,2012-03-26,57,61,HOUSEHOLD
P05,HOUSEHOLD_1_083,2012-03-27,87,61,HOUSEHOLD
P05,HOUSEHOLD_1_083,2012-03-28,62,61,HOUSEHOLD
P05,HOUSEHOLD_1_083,2012-03-29,78,61,HOUSEHOLD
P05,HOUSEHOLD_1_083,2012-03-30,102,61,HOUSEHOLD
P05,HOUSEHOLD_1_083,2012-03-31,134,62,HOUSEHOLD
P05,HOUSEHOLD_1_083,2012-04-01,145,62,HOUSEHOLD
P05,HOUSEHOLD_1_083,2012-04-02,90,62,HOUSEHOLD
P05,HOUSEHOLD_1_083,2012-04-03,89,62,HOUSEHOLD
P05,HOUSEHOLD_1_083,2012-04-04,75,62,HOUSEHOLD
P05,HOUSEHOLD_1_083,2012-04-05,102,62,HOUSEHOLD
P05,HOUSEHOLD_1_083,2012-04-06,132,62,HOUSEHOLD
P05,HOUSEHOLD_1_083,2012-04-07,121,63,HOUSEHOLD
P05,HOUSEHOLD_1_083,2012-04-08,76,63,HOUSEHOLD
P05,HOUSEHOLD_1_083,2012-04-09,79,63,HOUSEHOLD
P05,HOUSEHOLD_1_083,2012-04-10,74,63,HOUSEHOLD
P05,HOUSEHOLD_1_083,2012-04-11,103,63,HOUSEHOLD
P05,HOUSEHOLD_1_083,2012-04-12,72,63,HOUSEHOLD
P05,HOUSEHOLD_1_083,2012-04-13,105,63,HOUSEHOLD
P05,HOUSEHOLD_1_083,2012-04-14,115,64,HOUSEHOLD
P05,HOUSEHOLD_1_083,2012-04-15,139,64,HOUSEHOLD
P05,HOUSEHOLD_1_083,2012-04-16,97,64,HOUSEHOLD
P05,HOUSEHOLD_1_083,2012-04-17,97,64,HOUSEHOLD
P05,HOUSEHOLD_1_083,2012-04-18,90,64,HOUSEHOLD
P05,HOUSEHOLD_1_083,2012-04-19,78,64,HOUSEHOLD
P05,HOUSEHOLD_1_083,2012-04-20,103,64,HOUSEHOLD
P05,HOUSEHOLD_1_083,2012-04-21,100,65,HOUSEHOLD
P05,HOUSEHOLD_1_083,2012-04-22,90,65,HOUSEHOLD
P05,HOUSEHOLD_1_083,2012-04-23,92,65,HOUSEHOLD
P05,HOUSEHOLD_1_083,2012-04-24,85,65,HOUSEHOLD
P05,HOUSEHOLD_1_083,2012-04-25,78,65,HOUSEHOLD
P05,HOUSEHOLD_1_083,2012-04-26,125,65,HOUSEHOLD
P05,HOUSEHOLD_1_083,2012-04-27,116,65,HOUSEHOLD
P05,HOUSEHOLD_1_083,2012-04-28,110,66,HOUSEHOLD
P05,HOUSEHOLD_1_083,2012-04-29,94,66,HOUSEHOLD
P05,HOUSEHOLD_1_083,2012-04-30,58,66,HOUSEHOLD
P05,HOUSEHOLD_1_083,2012-05-01,103,66,HOUSEHOLD
P05,HOUSEHOLD_1_083,2012-05-02,77,66,HOUSEHOLD
P05,HOUSEHOLD_1_083,2012-05-03,93,66,HOUSEHOLD
P05,HOUSEHOLD_1_083,2012-05-04,91,66,HOUSEHOLD
P05,HOUSEHOLD_1_083,2012-05-05,143,67,HOUSEHOLD
P05,HOUSEHOLD_1_083,2012-05-06,110,67,HOUSEHOLD
P05,HOUSEHOLD_1_083,2012-05-07,110,67,HOUSEHOLD
P05,HOUSEHOLD_1_083,2012-05-08,70,67,HOUSEHOLD
P05,HOUSEHOLD_1_083,2012-05-09,94,67,HOUSEHOLD
P05,HOUSEHOLD_1_083,2012-05-10,82,67,HOUSEHOLD
P05,HOUSEHOLD_1_083,2012-05-11,101,67,HOUSEHOLD
P05,HOUSEHOLD_1_083,2012-05-12,126,68,HOUSEHOLD
P05,HOUSEHOLD_1_083,2012-05-13,105,68,HOUSEHOLD
P05,HOUSEHOLD_1_083,2012-05-14,132,68,HOUSEHOLD
P05,HOUSEHOLD_1_083,2012-05-15,78,68,HOUSEHOLD
P05,HOUSEHOLD_1_083,2012-05-16,111,68,HOUSEHOLD
P05,HOUSEHOLD_1_083,2012-05-17,87,68,HOUSEHOLD
P05,HOUSEHOLD_1_083,2012-05-18,88,68,HOUSEHOLD
P05,HOUSEHOLD_1_083,2012-05-19,126,69,HOUSEHOLD
P05,HOUSEHOLD_1_083,2012-05-20,103,69,HOUSEHOLD
P05,HOUSEHOLD_1_083,2012-05-21,91,69,HOUSEHOLD
P05,HOUSEHOLD_1_083,2012-05-22,96,69,HOUSEHOLD
P05,HOUSEHOLD_1_083,2012-05-23,130,69,HOUSEHOLD
P05,HOUSEHOLD_1_083,2012-05-24,98,69,HOUSEHOLD
P05,HOUSEHOLD_1_083,2012-05-25,106,69,HOUSEHOLD
P05,HOUSEHOLD_1_083,2012-05-26,119,70,HOUSEHOLD
P05,HOUSEHOLD_1_083,2012-05-27,90,70,HOUSEHOLD
P05,HOUSEHOLD_1_083,2012-05-28,88,70,HOUSEHOLD
P05,HOUSEHOLD_1_083,2012-05-29,88,70,HOUSEHOLD
P05,HOUSEHOLD_1_083,2012-05-30,60,70,HOUSEHOLD
P05,HOUSEHOLD_1_083,2012-05-31,89,70,HOUSEHOLD
P05,HOUSEHOLD_1_083,2012-06-01,124,70,HOUSEHOLD
P05,HOUSEHOLD_1_083,2012-06-02,96,71,HOUSEHOLD
P05,HOUSEHOLD_1_083,2012-06-03,141,71,HOUSEHOLD
P05,HOUSEHOLD_1_083,2012-06-04,106,71,HOUSEHOLD
P05,HOUSEHOLD_1_083,2012-06-05,105,71,HOUSEHOLD
P05,HOUSEHOLD_1_083,2012-06-06,94,71,HOUSEHOLD
P05,HOUSEHOLD_1_083,2012-06-07,77,71,HOUSEHOLD
P05,HOUSEHOLD_1_083,2012-06-08,93,71,HOUSEHOLD
P05,HOUSEHOLD_1_083,2012-06-09,117,72,HOUSEHOLD
P05,HOUSEHOLD_1_083,2012-06-10,112,72,HOUSEHOLD
P05,HOUSEHOLD_1_083,2012-06-11,102,72,HOUSEHOLD
P05,HOUSEHOLD_1_083,2012-06-12,96,72,HOUSEHOLD
P05,HOUSEHOLD_1_083,2012-06-13,115,72,HOUSEHOLD
P05,HOUSEHOLD_1_083,2012-06-14,84,72,HOUSEHOLD
P05,HOUSEHOLD_1_083,2012-06-15,93,72,HOUSEHOLD
P05,HOUSEHOLD_1_083,2012-06-16,81,73,HOUSEHOLD
P05,HOUSEHOLD_1_083,2012-06-17,120,73,HOUSEHOLD
P05,HOUSEHOLD_1_083,2012-06-18,78,73,HOUSEHOLD
P05,HOUSEHOLD_1_083,2012-06-19,71,73,HOUSEHOLD
P05,HOUSEHOLD_1_083,2012-06-20,89,73,HOUSEHOLD
P05,HOUSEHOLD_1_083,2012-06-21,88,73,HOUSEHOLD
P05,HOUSEHOLD_1_083,2012-06-22,115,73,HOUSEHOLD
P05,HOUSEHOLD_1_083,2012-06-23,144,74,HOUSEHOLD
P05,HOUSEHOLD_1_083,2012-06-24,110,74,HOUSEHOLD
P05,HOUSEHOLD_1_083,2012-06-25,83,74,HOUSEHOLD
P05,HOUSEHOLD_1_083,2012-06-26,102,74,HOUSEHOLD
P05,HOUSEHOLD_1_083,2012-06-27,59,74,HOUSEHOLD
P05,HOUSEHOLD_1_083,2012-06-28,60,74,HOUSEHOLD
P05,HOUSEHOLD_1_083,2012-06-29,103,74,HOUSEHOLD
P05,HOUSEHOLD_1_083,2012-06-30,134,75,HOUSEHOLD
P05,HOUSEHOLD_1_083,2012-07-01,126,75,HOUSEHOLD
P05,HOUSEHOLD_1_083,2012-07-02,82,75,HOUSEHOLD
P05,HOUSEHOLD_1_083,2012-07-03,107,75,HOUSEHOLD
P05,HOUSEHOLD_1_083,2012-07-04,96,75,HOUSEHOLD
P05,HOUSEHOLD_1_083,2012-07-05,98,75,HOUSEHOLD
P05,HOUSEHOLD_1_083,2012-07-06,84,75,HOUSEHOLD
P05,HOUSEHOLD_1_083,2012-07-07,112,76,HOUSEHOLD
P05,HOUSEHOLD_1_083,2012-07-08,111,76,HOUSEHOLD
P05,HOUSEHOLD_1_083,2012-07-09,97,76,HOUSEHOLD
P05,HOUSEHOLD_1_083,2012-07-10,99,76,HOUSEHOLD
P05,HOUSEHOLD_1_083,2012-07-11,76,76,HOUSEHOLD
P05,HOUSEHOLD_1_083,2012-07-12,88,76,HOUSEHOLD
P05,HOUSEHOLD_1_083,2012-07-13,105,76,HOUSEHOLD
P05,HOUSEHOLD_1_083,2012-07-14,97,77,HOUSEHOLD
P05,HOUSEHOLD_1_083,2012-07-15,134,77,HOUSEHOLD
P05,HOUSEHOLD_1_083,2012-07-16,87,77,HOUSEHOLD
P05,HOUSEHOLD_1_083,2012-07-17,115,77,HOUSEHOLD
P05,HOUSEHOLD_1_083,2012-07-18,96,77,HOUSEHOLD
P05,HOUSEHOLD_1_083,2012-07-19,107,77,HOUSEHOLD
P05,HOUSEHOLD_1_083,2012-07-20,79,77,HOUSEHOLD
P05,HOUSEHOLD_1_083,2012-07-21,137,78,HOUSEHOLD
P05,HOUSEHOLD_1_083,2012-07-22,110,78,HOUSEHOLD
P05,HOUSEHOLD_1_083,2012-07-23,68,78,HOUSEHOLD
P05,HOUSEHOLD_1_083,2012-07-24,87,78,HOUSEHOLD
P05,HOUSEHOLD_1_083,2012-07-25,86,78,HOUSEHOLD
P05,HOUSEHOLD_1_083,2012-07-26,80,78,HOUSEHOLD
P05,HOUSEHOLD_1_083,2012-07-27,83,78,HOUSEHOLD
P05,HOUSEHOLD_1_083,2012-07-28,81,79,HOUSEHOLD
P05,HOUSEHOLD_1_083,2012-07-29,79,79,HOUSEHOLD
P05,HOUSEHOLD_1_083,2012-07-30,54,79,HOUSEHOLD
P05,HOUSEHOLD_1_083,2012-07-31,55,79,HOUSEHOLD
P05,HOUSEHOLD_1_083,2012-08-01,71,79,HOUSEHOLD
P05,HOUSEHOLD_1_083,2012-08-02,125,79,HOUSEHOLD
P05,HOUSEHOLD_1_083,2012-08-03,98,79,HOUSEHOLD
P05,HOUSEHOLD_1_083,2012-08-04,108,80,HOUSEHOLD
P05,HOUSEHOLD_1_083,2012-08-05,84,80,HOUSEHOLD
P05,HOUSEHOLD_1_083,2012-08-06,100,80,HOUSEHOLD
P05,HOUSEHOLD_1_083,2012-08-07,87,80,HOUSEHOLD
P05,HOUSEHOLD_1_083,2012-08-08,78,80,HOUSEHOLD
P05,HOUSEHOLD_1_083,2012-08-09,109,80,HOUSEHOLD
P05,HOUSEHOLD_1_083,2012-08-10,94,80,HOUSEHOLD
P05,HOUSEHOLD_1_083,2012-08-11,84,81,HOUSEHOLD
P05,HOUSEHOLD_1_083,2012-08-12,95,81,HOUSEHOLD
P05,HOUSEHOLD_1_083,2012-08-13,94,81,HOUSEHOLD
P05,HOUSEHOLD_1_083,2012-08-14,80,81,HOUSEHOLD
P05,HOUSEHOLD_1_083,2012-08-15,83,81,HOUSEHOLD
P05,HOUSEHOLD_1_083,2012-08-16,77,81,HOUSEHOLD
P05,HOUSEHOLD_1_083,2012-08-17,76,81,HOUSEHOLD
P05,HOUSEHOLD_1_083,2012-08-18,145,82,HOUSEHOLD
P05,HOUSEHOLD_1_083,2012-08-19,154,82,HOUSEHOLD
P05,HOUSEHOLD_1_083,2012-08-20,93,82,HOUSEHOLD
P05,HOUSEHOLD_1_083,2012-08-21,78,82,HOUSEHOLD
P05,HOUSEHOLD_1_083,2012-08-22,80,82,HOUSEHOLD
P05,HOUSEHOLD_1_083,2012-08-23,56,82,HOUSEHOLD
P05,HOUSEHOLD_1_083,2012-08-24,97,82,HOUSEHOLD
P05,HOUSEHOLD_1_083,2012-08-25,101,83,HOUSEHOLD
P05,HOUSEHOLD_1_083,2012-08-26,52,83,HOUSEHOLD
P05,HOUSEHOLD_1_083,2012-08-27,81,83,HOUSEHOLD
P05,HOUSEHOLD_1_083,2012-08-28,60,83,HOUSEHOLD
P05,HOUSEHOLD_1_083,2012-08-29,56,83,HOUSEHOLD
P05,HOUSEHOLD_1_083,2012-08-30,80,83,HOUSEHOLD
P05,HOUSEHOLD_1_083,2012-08-31,116,83,HOUSEHOLD
P05,HOUSEHOLD_1_083,2012-09-01,109,84,HOUSEHOLD
P05,HOUSEHOLD_1_083,2012-09-02,82,84,HOUSEHOLD
P05,HOUSEHOLD_1_083,2012-09-03,86,84,HOUSEHOLD
P05,HOUSEHOLD_1_083,2012-09-04,101,84,HOUSEHOLD
P05,HOUSEHOLD_1_083,2012-09-05,54,84,HOUSEHOLD
P05,HOUSEHOLD_1_083,2012-09-06,75,84,HOUSEHOLD
P05,HOUSEHOLD_1_083,2012-09-07,113,84,HOUSEHOLD
P05,HOUSEHOLD_1_083,2012-09-08,99,85,HOUSEHOLD
P05,HOUSEHOLD_1_083,2012-09-09,103,85,HOUSEHOLD
P05,HOUSEHOLD_1_083,2012-09-10,64,85,HOUSEHOLD
P05,HOUSEHOLD_1_083,2012-09-11,62,85,HOUSEHOLD
P05,HOUSEHOLD_1_083,2012-09-12,97,85,HOUSEHOLD
P05,HOUSEHOLD_1_083,2012-09-13,91,85,HOUSEHOLD
P05,HOUSEHOLD_1_083,2012-09-14,88,85,HOUSEHOLD
P05,HOUSEHOLD_1_083,2012-09-15,126,86,HOUSEHOLD
P05,HOUSEHOLD_1_083,2012-09-16,123,86,HOUSEHOLD
P05,HOUSEHOLD_1_083,2012-09-17,64,86,HOUSEHOLD
P05,HOUSEHOLD_1_083,2012-09-18,96,86,HOUSEHOLD
P05,HOUSEHOLD_1_083,2012-09-19,56,86,HOUSEHOLD
P05,HOUSEHOLD_1_083,2012-09-20,82,86,HOUSEHOLD
P05,HOUSEHOLD_1_083,2012-09-21,65,86,HOUSEHOLD
P05,HOUSEHOLD_1_083,2012-09-22,108,87,HOUSEHOLD
P05,HOUSEHOLD_1_083,2012-09-23,114,87,HOUSEHOLD
P05,HOUSEHOLD_1_083,2012-09-24,65,87,HOUSEHOLD
P05,HOUSEHOLD_1_083,2012-09-25,92,87,HOUSEHOLD
P05,HOUSEHOLD_1_083,2012-09-26,82,87,HOUSEHOLD
P05,HOUSEHOLD_1_083,2012-09-27,71,87,HOUSEHOLD
P05,HOUSEHOLD_1_083,2012-09-28,109,87,HOUSEHOLD
P05,HOUSEHOLD_1_083,2012-09-29,97,88,HOUSEHOLD
P05,HOUSEHOLD_1_083,2012-09-30,122,88,HOUSEHOLD
P05,HOUSEHOLD_1_083,2012-10-01,92,88,HOUSEHOLD
P05,HOUSEHOLD_1_083,2012-10-02,85,88,HOUSEHOLD
P05,HOUSEHOLD_1_083,2012-10-03,83,88,HOUSEHOLD
P05,HOUSEHOLD_1_083,2012-10-04,80,88,HOUSEHOLD
P05,HOUSEHOLD_1_083,2012-10-05,62,88,HOUSEHOLD
P05,HOUSEHOLD_1_083,2012-10-06,172,89,HOUSEHOLD
P05,HOUSEHOLD_1_083,2012-10-07,99,89,HOUSEHOLD
P05,HOUSEHOLD_1_083,2012-10-08,80,89,HOUSEHOLD
P05,HOUSEHOLD_1_083,2012-10-09,59,89,HOUSEHOLD
P05,HOUSEHOLD_1_083,2012-10-10,74,89,HOUSEHOLD
P05,HOUSEHOLD_1_083,2012-10-11,78,89,HOUSEHOLD
P05,HOUSEHOLD_1_083,2012-10-12,110,89,HOUSEHOLD
P05,HOUSEHOLD_1_083,2012-10-13,109,90,HOUSEHOLD
P05,HOUSEHOLD_1_083,2012-10-14,136,90,HOUSEHOLD
P05,HOUSEHOLD_1_083,2012-10-15,52,90,HOUSEHOLD
P05,HOUSEHOLD_1_083,2012-10-16,85,90,HOUSEHOLD
P05,HOUSEHOLD_1_083,2012-10-17,69,90,HOUSEHOLD
P05,HOUSEHOLD_1_083,2012-10-18,82,90,HOUSEHOLD
P05,HOUSEHOLD_1_083,2012-10-19,98,90,HOUSEHOLD
P05,HOUSEHOLD_1_083,2012-10-20,118,91,HOUSEHOLD
P05,HOUSEHOLD_1_083,2012-10-21,107,91,HOUSEHOLD
P05,HOUSEHOLD_1_083,2012-10-22,79,91,HOUSEHOLD
P05,HOUSEHOLD_1_083,2012-10-23,72,91,HOUSEHOLD
P05,HOUSEHOLD_1_083,2012-10-24,63,91,HOUSEHOLD
P05,HOUSEHOLD_1_083,2012-10-25,68,91,HOUSEHOLD
P05,HOUSEHOLD_1_083,2012-10-26,88,91,HOUSEHOLD
P05,HOUSEHOLD_1_083,2012-10-27,102,92,HOUSEHOLD
P05,HOUSEHOLD_1_083,2012-10-28,97,92,HOUSEHOLD
P05,HOUSEHOLD_1_083,2012-10-29,68,92,HOUSEHOLD
P05,HOUSEHOLD_1_083,2012-10-30,90,92,HOUSEHOLD
P05,HOUSEHOLD_1_083,2012-10-31,51,92,HOUSEHOLD
P05,HOUSEHOLD_1_083,2012-11-01,78,92,HOUSEHOLD
P05,HOUSEHOLD_1_083,2012-11-02,122,92,HOUSEHOLD
P05,HOUSEHOLD_1_083,2012-11-03,118,93,HOUSEHOLD
P05,HOUSEHOLD_1_083,2012-11-04,120,93,HOUSEHOLD
P05,HOUSEHOLD_1_083,2012-11-05,64,93,HOUSEHOLD
P05,HOUSEHOLD_1_083,2012-11-06,78,93,HOUSEHOLD
P05,HOUSEHOLD_1_083,2012-11-07,61,93,HOUSEHOLD
P05,HOUSEHOLD_1_083,2012-11-08,52,93,HOUSEHOLD
P05,HOUSEHOLD_1_083,2012-11-09,95,93,HOUSEHOLD
P05,HOUSEHOLD_1_083,2012-11-10,94,94,HOUSEHOLD
P05,HOUSEHOLD_1_083,2012-11-11,101,94,HOUSEHOLD
P05,HOUSEHOLD_1_083,2012-11-12,73,94,HOUSEHOLD
P05,HOUSEHOLD_1_083,2012-11-13,69,94,HOUSEHOLD
P05,HOUSEHOLD_1_083,2012-11-14,87,94,HOUSEHOLD
P05,HOUSEHOLD_1_083,2012-11-15,49,94,HOUSEHOLD
P05,HOUSEHOLD_1_083,2012-11-16,67,94,HOUSEHOLD
P05,HOUSEHOLD_1_083,2012-11-17,114,95,HOUSEHOLD
P05,HOUSEHOLD_1_083,2012-11-18,93,95,HOUSEHOLD
P05,HOUSEHOLD_1_083,2012-11-19,64,95,HOUSEHOLD
P05,HOUSEHOLD_1_083,2012-11-20,67,95,HOUSEHOLD
P05,HOUSEHOLD_1_083,2012-11-21,93,95,HOUSEHOLD
P05,HOUSEHOLD_1_083,2012-11-22,50,95,HOUSEHOLD
P05,HOUSEHOLD_1_083,2012-11-23,46,95,HOUSEHOLD
P05,HOUSEHOLD_1_083,2012-11-24,86,96,HOUSEHOLD
P05,HOUSEHOLD_1_083,2012-11-25,108,96,HOUSEHOLD
P05,HOUSEHOLD_1_083,2012-11-26,80,96,HOUSEHOLD
P05,HOUSEHOLD_1_083,2012-11-27,59,96,HOUSEHOLD
P05,HOUSEHOLD_1_083,2012-11-28,39,96,HOUSEHOLD
P05,HOUSEHOLD_1_083,2012-11-29,56,96,HOUSEHOLD
P05,HOUSEHOLD_1_083,2012-11-30,88,96,HOUSEHOLD
P05,HOUSEHOLD_1_083,2012-12-01,119,97,HOUSEHOLD
P05,HOUSEHOLD_1_083,2012-12-02,81,97,HOUSEHOLD
P05,HOUSEHOLD_1_083,2012-12-03,90,97,HOUSEHOLD
P05,HOUSEHOLD_1_083,2012-12-04,81,97,HOUSEHOLD
P05,HOUSEHOLD_1_083,2012-12-05,44,97,HOUSEHOLD
P05,HOUSEHOLD_1_083,2012-12-06,89,97,HOUSEHOLD
P05,HOUSEHOLD_1_083,2012-12-07,87,97,HOUSEHOLD
P05,HOUSEHOLD_1_083,2012-12-08,114,98,HOUSEHOLD
P05,HOUSEHOLD_1_083,2012-12-09,80,98,HOUSEHOLD
P05,HOUSEHOLD_1_083,2012-12-10,58,98,HOUSEHOLD
P05,HOUSEHOLD_1_083,2012-12-11,56,98,HOUSEHOLD
P05,HOUSEHOLD_1_083,2012-12-12,64,98,HOUSEHOLD
P05,HOUSEHOLD_1_083,2012-12-13,65,98,HOUSEHOLD
P05,HOUSEHOLD_1_083,2012-12-14,77,98,HOUSEHOLD
P05,HOUSEHOLD_1_083,2012-12-15,99,99,HOUSEHOLD
P05,HOUSEHOLD_1_083,2012-12-16,118,99,HOUSEHOLD
P05,HOUSEHOLD_1_083,2012-12-17,67,99,HOUSEHOLD
P05,HOUSEHOLD_1_083,2012-12-18,63,99,HOUSEHOLD
P05,HOUSEHOLD_1_083,2012-12-19,67,99,HOUSEHOLD
P05,HOUSEHOLD_1_083,2012-12-20,66,99,HOUSEHOLD
P05,HOUSEHOLD_1_083,2012-12-21,65,99,HOUSEHOLD
P05,HOUSEHOLD_1_083,2012-12-22,81,100,HOUSEHOLD
P05,HOUSEHOLD_1_083,2012-12-23,110,100,HOUSEHOLD
P05,HOUSEHOLD_1_083,2012-12-24,49,100,HOUSEHOLD
P05,HOUSEHOLD_1_083,2012-12-25,0,100,HOUSEHOLD
P05,HOUSEHOLD_1_083,2012-12-26,52,100,HOUSEHOLD
P05,HOUSEHOLD_1_083,2012-12-27,61,100,HOUSEHOLD
P05,HOUSEHOLD_1_083,2012-12-28,71,100,HOUSEHOLD
P05,HOUSEHOLD_1_083,2012-12-29,109,101,HOUSEHOLD
P05,HOUSEHOLD_1_083,2012-12-30,75,101,HOUSEHOLD
P05,HOUSEHOLD_1_083,2012-12-31,40,101,HOUSEHOLD
P05,HOUSEHOLD_1_083,2013-01-01,47,101,HOUSEHOLD
P05,HOUSEHOLD_1_083,2013-01-02,58,101,HOUSEHOLD
P05,HOUSEHOLD_1_083,2013-01-03,63,101,HOUSEHOLD
P05,HOUSEHOLD_1_083,2013-01-04,75,101,HOUSEHOLD
P05,HOUSEHOLD_1_083,2013-01-05,71,102,HOUSEHOLD
P05,HOUSEHOLD_1_083,2013-01-06,80,102,HOUSEHOLD
P05,HOUSEHOLD_1_083,2013-01-07,32,102,HOUSEHOLD
P05,HOUSEHOLD_1_083,2013-01-08,47,102,HOUSEHOLD
P05,HOUSEHOLD_1_083,2013-01-09,51,102,HOUSEHOLD
P05,HOUSEHOLD_1_083,2013-01-10,84,102,HOUSEHOLD
P05,HOUSEHOLD_1_083,2013-01-11,72,102,HOUSEHOLD
P05,HOUSEHOLD_1_083,2013-01-12,65,103,HOUSEHOLD
P05,HOUSEHOLD_1_083,2013-01-13,92,103,HOUSEHOLD
P05,HOUSEHOLD_1_083,2013-01-14,59,103,HOUSEHOLD
P05,HOUSEHOLD_1_083,2013-01-15,53,103,HOUSEHOLD
P05,HOUSEHOLD_1_083,2013-01-16,52,103,HOUSEHOLD
P05,HOUSEHOLD_1_083,2013-01-17,33,103,HOUSEHOLD
P05,HOUSEHOLD_1_083,2013-01-18,73,103,HOUSEHOLD
P05,HOUSEHOLD_1_083,2013-01-19,97,104,HOUSEHOLD
P05,HOUSEHOLD_1_083,2013-01-20,75,104,HOUSEHOLD
P05,HOUSEHOLD_1_083,2013-01-21,68,104,HOUSEHOLD
P05,HOUSEHOLD_1_083,2013-01-22,49,104,HOUSEHOLD
P05,HOUSEHOLD_1_083,2013-01-23,55,104,HOUSEHOLD
P05,HOUSEHOLD_1_083,2013-01-24,39,104,HOUSEHOLD
P05,HOUSEHOLD_1_083,2013-01-25,74,104,HOUSEHOLD
P05,HOUSEHOLD_1_083,2013-01-26,90,105,HOUSEHOLD
P05,HOUSEHOLD_1_083,2013-01-27,78,105,HOUSEHOLD
P05,HOUSEHOLD_1_083,2013-01-28,56,105,HOUSEHOLD
P05,HOUSEHOLD_1_083,2013-01-29,51,105,HOUSEHOLD
P05,HOUSEHOLD_1_083,2013-01-30,42,105,HOUSEHOLD
P05,HOUSEHOLD_1_083,2013-01-31,45,105,HOUSEHOLD
P05,HOUSEHOLD_1_083,2013-02-01,125,105,HOUSEHOLD
P05,HOUSEHOLD_1_083,2013-02-02,137,106,HOUSEHOLD
P05,HOUSEHOLD_1_083,2013-02-03,94,106,HOUSEHOLD
P05,HOUSEHOLD_1_083,2013-02-04,81,106,HOUSEHOLD
P05,HOUSEHOLD_1_083,2013-02-05,55,106,HOUSEHOLD
P05,HOUSEHOLD_1_083,2013-02-06,69,106,HOUSEHOLD
P05,HOUSEHOLD_1_083,2013-02-07,85,106,HOUSEHOLD
P05,HOUSEHOLD_1_083,2013-02-08,97,106,HOUSEHOLD
P05,HOUSEHOLD_1_083,2013-02-09,99,107,HOUSEHOLD
P05,HOUSEHOLD_1_083,2013-02-10,94,107,HOUSEHOLD
P05,HOUSEHOLD_1_083,2013-02-11,96,107,HOUSEHOLD
P05,HOUSEHOLD_1_083,2013-02-12,78,107,HOUSEHOLD
P05,HOUSEHOLD_1_083,2013-02-13,55,107,HOUSEHOLD
P05,HOUSEHOLD_1_083,2013-02-14,62,107,HOUSEHOLD
P05,HOUSEHOLD_1_083,2013-02-15,97,107,HOUSEHOLD
P05,HOUSEHOLD_1_083,2013-02-16,111,108,HOUSEHOLD
P05,HOUSEHOLD_1_083,2013-02-17,93,108,HOUSEHOLD
P05,HOUSEHOLD_1_083,2013-02-18,110,108,HOUSEHOLD
P05,HOUSEHOLD_1_083,2013-02-19,82,108,HOUSEHOLD
P05,HOUSEHOLD_1_083,2013-02-20,58,108,HOUSEHOLD
P05,HOUSEHOLD_1_083,2013-02-21,49,108,HOUSEHOLD
P05,HOUSEHOLD_1_083,2013-02-22,86,108,HOUSEHOLD
P05,HOUSEHOLD_1_083,2013-02-23,85,109,HOUSEHOLD
P05,HOUSEHOLD_1_083,2013-02-24,66,109,HOUSEHOLD
P05,HOUSEHOLD_1_083,2013-02-25,75,109,HOUSEHOLD
P05,HOUSEHOLD_1_083,2013-02-26,70,109,HOUSEHOLD
P05,HOUSEHOLD_1_083,2013-02-27,77,109,HOUSEHOLD
P05,HOUSEHOLD_1_083,2013-02-28,61,109,HOUSEHOLD
P05,HOUSEHOLD_1_083,2013-03-01,127,109,HOUSEHOLD
P05,HOUSEHOLD_1_083,2013-03-02,141,110,HOUSEHOLD
P05,HOUSEHOLD_1_083,2013-03-03,118,110,HOUSEHOLD
P05,HOUSEHOLD_1_083,2013-03-04,101,110,HOUSEHOLD
P05,HOUSEHOLD_1_083,2013-03-05,60,110,HOUSEHOLD
P05,HOUSEHOLD_1_083,2013-03-06,73,110,HOUSEHOLD
P05,HOUSEHOLD_1_083,2013-03-07,80,110,HOUSEHOLD
P05,HOUSEHOLD_1_083,2013-03-08,92,110,HOUSEHOLD
P05,HOUSEHOLD_1_083,2013-03-09,135,111,HOUSEHOLD
P05,HOUSEHOLD_1_083,2013-03-10,113,111,HOUSEHOLD
P05,HOUSEHOLD_1_083,2013-03-11,95,111,HOUSEHOLD
P05,HOUSEHOLD_1_083,2013-03-12,73,111,HOUSEHOLD
P05,HOUSEHOLD_1_083,2013-03-13,70,111,HOUSEHOLD
P05,HOUSEHOLD_1_083,2013-03-14,79,111,HOUSEHOLD
P05,HOUSEHOLD_1_083,2013-03-15,93,111,HOUSEHOLD
P05,HOUSEHOLD_1_083,2013-03-16,116,112,HOUSEHOLD
P05,HOUSEHOLD_1_083,2013-03-17,130,112,HOUSEHOLD
P05,HOUSEHOLD_1_083,2013-03-18,111,112,HOUSEHOLD
P05,HOUSEHOLD_1_083,2013-03-19,64,112,HOUSEHOLD
P05,HOUSEHOLD_1_083,2013-03-20,86,112,HOUSEHOLD
P05,HOUSEHOLD_1_083,2013-03-21,102,112,HOUSEHOLD
P05,HOUSEHOLD_1_083,2013-03-22,104,112,HOUSEHOLD
P05,HOUSEHOLD_1_083,2013-03-23,101,113,HOUSEHOLD
P05,HOUSEHOLD_1_083,2013-03-24,110,113,HOUSEHOLD
P05,HOUSEHOLD_1_083,2013-03-25,83,113,HOUSEHOLD
P05,HOUSEHOLD_1_083,2013-03-26,92,113,HOUSEHOLD
P05,HOUSEHOLD_1_083,2013-03-27,86,113,HOUSEHOLD
P05,HOUSEHOLD_1_083,2013-03-28,64,113,HOUSEHOLD
P05,HOUSEHOLD_1_083,2013-03-29,117,113,HOUSEHOLD
P05,HOUSEHOLD_1_083,2013-03-30,87,114,HOUSEHOLD
P05,HOUSEHOLD_1_083,2013-03-31,109,114,HOUSEHOLD
P05,HOUSEHOLD_1_083,2013-04-01,83,114,HOUSEHOLD
P05,HOUSEHOLD_1_083,2013-04-02,66,114,HOUSEHOLD
P05,HOUSEHOLD_1_083,2013-04-03,105,114,HOUSEHOLD
P05,HOUSEHOLD_1_083,2013-04-04,103,114,HOUSEHOLD
P05,HOUSEHOLD_1_083,2013-04-05,64,114,HOUSEHOLD
P05,HOUSEHOLD_1_083,2013-04-06,100,115,HOUSEHOLD
P05,HOUSEHOLD_1_083,2013-04-07,113,115,HOUSEHOLD
P05,HOUSEHOLD_1_083,2013-04-08,69,115,HOUSEHOLD
P05,HOUSEHOLD_1_083,2013-04-09,90,115,HOUSEHOLD
P05,HOUSEHOLD_1_083,2013-04-10,48,115,HOUSEHOLD
P05,HOUSEHOLD_1_083,2013-04-11,68,115,HOUSEHOLD
P05,HOUSEHOLD_1_083,2013-04-12,108,115,HOUSEHOLD
P05,HOUSEHOLD_1_083,2013-04-13,90,116,HOUSEHOLD
P05,HOUSEHOLD_1_083,2013-04-14,84,116,HOUSEHOLD
P05,HOUSEHOLD_1_083,2013-04-15,78,116,HOUSEHOLD
P05,HOUSEHOLD_1_083,2013-04-16,77,116,HOUSEHOLD
P05,HOUSEHOLD_1_083,2013-04-17,58,116,HOUSEHOLD
P05,HOUSEHOLD_1_083,2013-04-18,58,116,HOUSEHOLD
P05,HOUSEHOLD_1_083,2013-04-19,73,116,HOUSEHOLD
P05,HOUSEHOLD_1_083,2013-04-20,98,117,HOUSEHOLD
P05,HOUSEHOLD_1_083,2013-04-21,70,117,HOUSEHOLD
P05,HOUSEHOLD_1_083,2013-04-22,77,117,HOUSEHOLD
P05,HOUSEHOLD_1_083,2013-04-23,59,117,HOUSEHOLD
P05,HOUSEHOLD_1_083,2013-04-24,60,117,HOUSEHOLD
P05,HOUSEHOLD_1_083,2013-04-25,58,117,HOUSEHOLD
P05,HOUSEHOLD_1_083,2013-04-26,99,117,HOUSEHOLD
P05,HOUSEHOLD_1_083,2013-04-27,87,118,HOUSEHOLD
P05,HOUSEHOLD_1_083,2013-04-28,79,118,HOUSEHOLD
P05,HOUSEHOLD_1_083,2013-04-29,106,118,HOUSEHOLD
P05,HOUSEHOLD_1_083,2013-04-30,58,118,HOUSEHOLD
P05,HOUSEHOLD_1_083,2013-05-01,83,118,HOUSEHOLD
P05,HOUSEHOLD_1_083,2013-05-02,79,118,HOUSEHOLD
P05,HOUSEHOLD_1_083,2013-05-03,66,118,HOUSEHOLD
P05,HOUSEHOLD_1_083,2013-05-04,107,119,HOUSEHOLD
P05,HOUSEHOLD_1_083,2013-05-05,99,119,HOUSEHOLD
P05,HOUSEHOLD_1_083,2013-05-06,74,119,HOUSEHOLD
P05,HOUSEHOLD_1_083,2013-05-07,55,119,HOUSEHOLD
P05,HOUSEHOLD_1_083,2013-05-08,55,119,HOUSEHOLD
P05,HOUSEHOLD_1_083,2013-05-09,71,119,HOUSEHOLD
P05,HOUSEHOLD_1_083,2013-05-10,99,119,HOUSEHOLD
P05,HOUSEHOLD_1_083,2013-05-11,89,120,HOUSEHOLD
P05,HOUSEHOLD_1_083,2013-05-12,55,120,HOUSEHOLD
P05,HOUSEHOLD_1_083,2013-05-13,85,120,HOUSEHOLD
P05,HOUSEHOLD_1_083,2013-05-14,90,120,HOUSEHOLD
P05,HOUSEHOLD_1_083,2013-05-15,63,120,HOUSEHOLD
P05,HOUSEHOLD_1_083,2013-05-16,73,120,HOUSEHOLD
P05,HOUSEHOLD_1_083,2013-05-17,75,120,HOUSEHOLD
P05,HOUSEHOLD_1_083,2013-05-18,124,121,HOUSEHOLD
P05,HOUSEHOLD_1_083,2013-05-19,81,121,HOUSEHOLD
P05,HOUSEHOLD_1_083,2013-05-20,74,121,HOUSEHOLD
P05,HOUSEHOLD_1_083,2013-05-21,76,121,HOUSEHOLD
P05,HOUSEHOLD_1_083,2013-05-22,68,121,HOUSEHOLD
P05,HOUSEHOLD_1_083,2013-05-23,60,121,HOUSEHOLD
P05,HOUSEHOLD_1_083,2013-05-24,87,121,HOUSEHOLD
P05,HOUSEHOLD_1_083,2013-05-25,88,122,HOUSEHOLD
P05,HOUSEHOLD_1_083,2013-05-26,97,122,HOUSEHOLD
P05,HOUSEHOLD_1_083,2013-05-27,63,122,HOUSEHOLD
P05,HOUSEHOLD_1_083,2013-05-28,88,122,HOUSEHOLD
P05,HOUSEHOLD_1_083,2013-05-29,57,122,HOUSEHOLD
P05,HOUSEHOLD_1_083,2013-05-30,85,122,HOUSEHOLD
P05,HOUSEHOLD_1_083,2013-05-31,87,122,HOUSEHOLD
P05,HOUSEHOLD_1_083,2013-06-01,149,123,HOUSEHOLD
P05,HOUSEHOLD_1_083,2013-06-02,88,123,HOUSEHOLD
P05,HOUSEHOLD_1_083,2013-06-03,77,123,HOUSEHOLD
P05,HOUSEHOLD_1_083,2013-06-04,98,123,HOUSEHOLD
P05,HOUSEHOLD_1_083,2013-06-05,95,123,HOUSEHOLD
P05,HOUSEHOLD_1_083,2013-06-06,76,123,HOUSEHOLD
P05,HOUSEHOLD_1_083,2013-06-07,98,123,HOUSEHOLD
P05,HOUSEHOLD_1_083,2013-06-08,91,124,HOUSEHOLD
P05,HOUSEHOLD_1_083,2013-06-09,104,124,HOUSEHOLD
P05,HOUSEHOLD_1_083,2013-06-10,105,124,HOUSEHOLD
P05,HOUSEHOLD_1_083,2013-06-11,80,124,HOUSEHOLD
P05,HOUSEHOLD_1_083,2013-06-12,77,124,HOUSEHOLD
P05,HOUSEHOLD_1_083,2013-06-13,65,124,HOUSEHOLD
P05,HOUSEHOLD_1_083,2013-06-14,100,124,HOUSEHOLD
P05,HOUSEHOLD_1_083,2013-06-15,96,125,HOUSEHOLD
P05,HOUSEHOLD_1_083,2013-06-16,91,125,HOUSEHOLD
P05,HOUSEHOLD_1_083,2013-06-17,63,125,HOUSEHOLD
P05,HOUSEHOLD_1_083,2013-06-18,66,125,HOUSEHOLD
P05,HOUSEHOLD_1_083,2013-06-19,96,125,HOUSEHOLD
P05,HOUSEHOLD_1_083,2013-06-20,79,125,HOUSEHOLD
P05,HOUSEHOLD_1_083,2013-06-21,77,125,HOUSEHOLD
P05,HOUSEHOLD_1_083,2013-06-22,87,126,HOUSEHOLD
P05,HOUSEHOLD_1_083,2013-06-23,105,126,HOUSEHOLD
P05,HOUSEHOLD_1_083,2013-06-24,76,126,HOUSEHOLD
P05,HOUSEHOLD_1_083,2013-06-25,71,126,HOUSEHOLD
P05,HOUSEHOLD_1_083,2013-06-26,62,126,HOUSEHOLD
P05,HOUSEHOLD_1_083,2013-06-27,80,126,HOUSEHOLD
P05,HOUSEHOLD_1_083,2013-06-28,114,126,HOUSEHOLD
P05,HOUSEHOLD_1_083,2013-06-29,92,127,HOUSEHOLD
P05,HOUSEHOLD_1_083,2013-06-30,103,127,HOUSEHOLD
P05,HOUSEHOLD_1_083,2013-07-01,97,127,HOUSEHOLD
P05,HOUSEHOLD_1_083,2013-07-02,65,127,HOUSEHOLD
P05,HOUSEHOLD_1_083,2013-07-03,73,127,HOUSEHOLD
P05,HOUSEHOLD_1_083,2013-07-04,40,127,HOUSEHOLD
P05,HOUSEHOLD_1_083,2013-07-05,72,127,HOUSEHOLD
P05,HOUSEHOLD_1_083,2013-07-06,75,128,HOUSEHOLD
P05,HOUSEHOLD_1_083,2013-07-07,63,128,HOUSEHOLD
P05,HOUSEHOLD_1_083,2013-07-08,79,128,HOUSEHOLD
P05,HOUSEHOLD_1_083,2013-07-09,77,128,HOUSEHOLD
P05,HOUSEHOLD_1_083,2013-07-10,51,128,HOUSEHOLD
P05,HOUSEHOLD_1_083,2013-07-11,64,128,HOUSEHOLD
P05,HOUSEHOLD_1_083,2013-07-12,86,128,HOUSEHOLD
P05,HOUSEHOLD_1_083,2013-07-13,100,129,HOUSEHOLD
P05,HOUSEHOLD_1_083,2013-07-14,101,129,HOUSEHOLD
P05,HOUSEHOLD_1_083,2013-07-15,59,129,HOUSEHOLD
P05,HOUSEHOLD_1_083,2013-07-16,74,129,HOUSEHOLD
P05,HOUSEHOLD_1_083,2013-07-17,41,129,HOUSEHOLD
P05,HOUSEHOLD_1_083,2013-07-18,31,129,HOUSEHOLD
P05,HOUSEHOLD_1_083,2013-07-19,47,129,HOUSEHOLD
P05,HOUSEHOLD_1_083,2013-07-20,51,130,HOUSEHOLD
P05,HOUSEHOLD_1_083,2013-07-21,35,130,HOUSEHOLD
P05,HOUSEHOLD_1_083,2013-07-22,35,130,HOUSEHOLD
P05,HOUSEHOLD_1_083,2013-07-23,19,130,HOUSEHOLD
P05,HOUSEHOLD_1_083,2013-07-24,39,130,HOUSEHOLD
P05,HOUSEHOLD_1_083,2013-07-25,69,130,HOUSEHOLD
P05,HOUSEHOLD_1_083,2013-07-26,73,130,HOUSEHOLD
P05,HOUSEHOLD_1_083,2013-07-27,85,131,HOUSEHOLD
P05,HOUSEHOLD_1_083,2013-07-28,65,131,HOUSEHOLD
P05,HOUSEHOLD_1_083,2013-07-29,64,131,HOUSEHOLD
P05,HOUSEHOLD_1_083,2013-07-30,42,131,HOUSEHOLD
P05,HOUSEHOLD_1_083,2013-07-31,61,131,HOUSEHOLD
P05,HOUSEHOLD_1_083,2013-08-01,91,131,HOUSEHOLD
P05,HOUSEHOLD_1_083,2013-08-02,84,131,HOUSEHOLD
P05,HOUSEHOLD_1_083,2013-08-03,67,132,HOUSEHOLD
P05,HOUSEHOLD_1_083,2013-08-04,66,132,HOUSEHOLD
P05,HOUSEHOLD_1_083,2013-08-05,60,132,HOUSEHOLD
P05,HOUSEHOLD_1_083,2013-08-06,65,132,HOUSEHOLD
P05,HOUSEHOLD_1_083,2013-08-07,76,132,HOUSEHOLD
P05,HOUSEHOLD_1_083,2013-08-08,77,132,HOUSEHOLD
P05,HOUSEHOLD_1_083,2013-08-09,67,132,HOUSEHOLD
P05,HOUSEHOLD_1_083,2013-08-10,59,133,HOUSEHOLD
P05,HOUSEHOLD_1_083,2013-08-11,84,133,HOUSEHOLD
P05,HOUSEHOLD_1_083,2013-08-12,49,133,HOUSEHOLD
P05,HOUSEHOLD_1_083,2013-08-13,65,133,HOUSEHOLD
P05,HOUSEHOLD_1_083,2013-08-14,41,133,HOUSEHOLD
P05,HOUSEHOLD_1_083,2013-08-15,67,133,HOUSEHOLD
P05,HOUSEHOLD_1_083,2013-08-16,82,133,HOUSEHOLD
P05,HOUSEHOLD_1_083,2013-08-17,84,134,HOUSEHOLD
P05,HOUSEHOLD_1_083,2013-08-18,69,134,HOUSEHOLD
P05,HOUSEHOLD_1_083,2013-08-19,47,134,HOUSEHOLD
P05,HOUSEHOLD_1_083,2013-08-20,71,134,HOUSEHOLD
P05,HOUSEHOLD_1_083,2013-08-21,51,134,HOUSEHOLD
P05,HOUSEHOLD_1_083,2013-08-22,63,134,HOUSEHOLD
P05,HOUSEHOLD_1_083,2013-08-23,84,134,HOUSEHOLD
P05,HOUSEHOLD_1_083,2013-08-24,109,135,HOUSEHOLD
P05,HOUSEHOLD_1_083,2013-08-25,91,135,HOUSEHOLD
P05,HOUSEHOLD_1_083,2013-08-26,61,135,HOUSEHOLD
P05,HOUSEHOLD_1_083,2013-08-27,56,135,HOUSEHOLD
P05,HOUSEHOLD_1_083,2013-08-28,67,135,HOUSEHOLD
P05,HOUSEHOLD_1_083,2013-08-29,59,135,HOUSEHOLD
P05,HOUSEHOLD_1_083,2013-08-30,74,135,HOUSEHOLD
P05,HOUSEHOLD_1_083,2013-08-31,114,136,HOUSEHOLD
P05,HOUSEHOLD_1_083,2013-09-01,73,136,HOUSEHOLD
P05,HOUSEHOLD_1_083,2013-09-02,83,136,HOUSEHOLD
P05,HOUSEHOLD_1_083,2013-09-03,42,136,HOUSEHOLD
P05,HOUSEHOLD_1_083,2013-09-04,80,136,HOUSEHOLD
P05,HOUSEHOLD_1_083,2013-09-05,60,136,HOUSEHOLD
P05,HOUSEHOLD_1_083,2013-09-06,109,136,HOUSEHOLD
P05,HOUSEHOLD_1_083,2013-09-07,99,137,HOUSEHOLD
P05,HOUSEHOLD_1_083,2013-09-08,98,137,HOUSEHOLD
P05,HOUSEHOLD_1_083,2013-09-09,57,137,HOUSEHOLD
P05,HOUSEHOLD_1_083,2013-09-10,64,137,HOUSEHOLD
P05,HOUSEHOLD_1_083,2013-09-11,57,137,HOUSEHOLD
P05,HOUSEHOLD_1_083,2013-09-12,72,137,HOUSEHOLD
P05,HOUSEHOLD_1_083,2013-09-13,72,137,HOUSEHOLD
P05,HOUSEHOLD_1_083,2013-09-14,81,138,HOUSEHOLD
P05,HOUSEHOLD_1_083,2013-09-15,91,138,HOUSEHOLD
P05,HOUSEHOLD_1_083,2013-09-16,69,138,HOUSEHOLD
P05,HOUSEHOLD_1_083,2013-09-17,42,138,HOUSEHOLD
P05,HOUSEHOLD_1_083,2013-09-18,41,138,HOUSEHOLD
P05,HOUSEHOLD_1_083,2013-09-19,99,138,HOUSEHOLD
P05,HOUSEHOLD_1_083,2013-09-20,127,138,HOUSEHOLD
P05,HOUSEHOLD_1_083,2013-09-21,149,139,HOUSEHOLD
P05,HOUSEHOLD_1_083,2013-09-22,181,139,HOUSEHOLD
P05,HOUSEHOLD_1_083,2013-09-23,88,139,HOUSEHOLD
P05,HOUSEHOLD_1_083,2013-09-24,93,139,HOUSEHOLD
P05,HOUSEHOLD_1_083,2013-09-25,100,139,HOUSEHOLD
P05,HOUSEHOLD_1_083,2013-09-26,112,139,HOUSEHOLD
P05,HOUSEHOLD_1_083,2013-09-27,160,139,HOUSEHOLD
P05,HOUSEHOLD_1_083,2013-09-28,136,140,HOUSEHOLD
P05,HOUSEHOLD_1_083,2013-09-29,134,140,HOUSEHOLD
P05,HOUSEHOLD_1_083,2013-09-30,86,140,HOUSEHOLD
P05,HOUSEHOLD_1_083,2013-10-01,103,140,HOUSEHOLD
P05,HOUSEHOLD_1_083,2013-10-02,109,140,HOUSEHOLD
P05,HOUSEHOLD_1_083,2013-10-03,118,140,HOUSEHOLD
P05,HOUSEHOLD_1_083,2013-10-04,108,140,HOUSEHOLD
P05,HOUSEHOLD_1_083,2013-10-05,108,141,HOUSEHOLD
P05,HOUSEHOLD_1_083,2013-10-06,88,141,HOUSEHOLD
P05,HOUSEHOLD_1_083,2013-10-07,79,141,HOUSEHOLD
P05,HOUSEHOLD_1_083,2013-10-08,41,141,HOUSEHOLD
P05,HOUSEHOLD_1_083,2013-10-09,41,141,HOUSEHOLD
P05,HOUSEHOLD_1_083,2013-10-10,40,141,HOUSEHOLD
P05,HOUSEHOLD_1_083,2013-10-11,64,141,HOUSEHOLD
P05,HOUSEHOLD_1_083,2013-10-12,79,142,HOUSEHOLD
P05,HOUSEHOLD_1_083,2013-10-13,74,142,HOUSEHOLD
P05,HOUSEHOLD_1_083,2013-10-14,64,142,HOUSEHOLD
P05,HOUSEHOLD_1_083,2013-10-15,28,142,HOUSEHOLD
P05,HOUSEHOLD_1_083,2013-10-16,43,142,HOUSEHOLD
P05,HOUSEHOLD_1_083,2013-10-17,72,142,HOUSEHOLD
P05,HOUSEHOLD_1_083,2013-10-18,80,142,HOUSEHOLD
P05,HOUSEHOLD_1_083,2013-10-19,77,143,HOUSEHOLD
P05,HOUSEHOLD_1_083,2013-10-20,69,143,HOUSEHOLD
P05,HOUSEHOLD_1_083,2013-10-21,44,143,HOUSEHOLD
P05,HOUSEHOLD_1_083,2013-10-22,53,143,HOUSEHOLD
P05,HOUSEHOLD_1_083,2013-10-23,69,143,HOUSEHOLD
P05,HOUSEHOLD_1_083,2013-10-24,84,143,HOUSEHOLD
P05,HOUSEHOLD_1_083,2013-10-25,57,143,HOUSEHOLD
P05,HOUSEHOLD_1_083,2013-10-26,88,144,HOUSEHOLD
P05,HOUSEHOLD_1_083,2013-10-27,75,144,HOUSEHOLD
P05,HOUSEHOLD_1_083,2013-10-28,39,144,HOUSEHOLD
P05,HOUSEHOLD_1_083,2013-10-29,41,144,HOUSEHOLD
P05,HOUSEHOLD_1_083,2013-10-30,50,144,HOUSEHOLD
P05,HOUSEHOLD_1_083,2013-10-31,37,144,HOUSEHOLD
P05,HOUSEHOLD_1_083,2013-11-01,71,144,HOUSEHOLD
P05,HOUSEHOLD_1_083,2013-11-02,80,145,HOUSEHOLD
P05,HOUSEHOLD_1_083,2013-11-03,59,145,HOUSEHOLD
P05,HOUSEHOLD_1_083,2013-11-04,45,145,HOUSEHOLD
P05,HOUSEHOLD_1_083,2013-11-05,74,145,HOUSEHOLD
P05,HOUSEHOLD_1_083,2013-11-06,55,145,HOUSEHOLD
P05,HOUSEHOLD_1_083,2013-11-07,46,145,HOUSEHOLD
P05,HOUSEHOLD_1_083,2013-11-08,59,145,HOUSEHOLD
P05,HOUSEHOLD_1_083,2013-11-09,95,146,HOUSEHOLD
P05,HOUSEHOLD_1_083,2013-11-10,69,146,HOUSEHOLD
P05,HOUSEHOLD_1_083,2013-11-11,45,146,HOUSEHOLD
P05,HOUSEHOLD_1_083,2013-11-12,26,146,HOUSEHOLD
P05,HOUSEHOLD_1_083,2013-11-13,47,146,HOUSEHOLD
P05,HOUSEHOLD_1_083,2013-11-14,85,146,HOUSEHOLD
P05,HOUSEHOLD_1_083,2013-11-15,61,146,HOUSEHOLD
P05,HOUSEHOLD_1_083,2013-11-16,66,147,HOUSEHOLD
P05,HOUSEHOLD_1_083,2013-11-17,82,147,HOUSEHOLD
P05,HOUSEHOLD_1_083,2013-11-18,51,147,HOUSEHOLD
P05,HOUSEHOLD_1_083,2013-11-19,43,147,HOUSEHOLD
P05,HOUSEHOLD_1_083,2013-11-20,54,147,HOUSEHOLD
P05,HOUSEHOLD_1_083,2013-11-21,45,147,HOUSEHOLD
P05,HOUSEHOLD_1_083,2013-11-22,57,147,HOUSEHOLD
P05,HOUSEHOLD_1_083,2013-11-23,60,148,HOUSEHOLD
P05,HOUSEHOLD_1_083,2013-11-24,70,148,HOUSEHOLD
P05,HOUSEHOLD_1_083,2013-11-25,32,148,HOUSEHOLD
P05,HOUSEHOLD_1_083,2013-11-26,22,148,HOUSEHOLD
P05,HOUSEHOLD_1_083,2013-11-27,70,148,HOUSEHOLD
P05,HOUSEHOLD_1_083,2013-11-28,23,148,HOUSEHOLD
P05,HOUSEHOLD_1_083,2013-11-29,41,148,HOUSEHOLD
P05,HOUSEHOLD_1_083,2013-11-30,47,149,HOUSEHOLD
P05,HOUSEHOLD_1_083,2013-12-01,44,149,HOUSEHOLD
P05,HOUSEHOLD_1_083,2013-12-02,52,149,HOUSEHOLD
P05,HOUSEHOLD_1_083,2013-12-03,34,149,HOUSEHOLD
P05,HOUSEHOLD_1_083,2013-12-04,21,149,HOUSEHOLD
P05,HOUSEHOLD_1_083,2013-12-05,78,149,HOUSEHOLD
P05,HOUSEHOLD_1_083,2013-12-06,42,149,HOUSEHOLD
P05,HOUSEHOLD_1_083,2013-12-07,46,150,HOUSEHOLD
P05,HOUSEHOLD_1_083,2013-12-08,31,150,HOUSEHOLD
P05,HOUSEHOLD_1_083,2013-12-09,59,150,HOUSEHOLD
P05,HOUSEHOLD_1_083,2013-12-10,30,150,HOUSEHOLD
P05,HOUSEHOLD_1_083,2013-12-11,50,150,HOUSEHOLD
P05,HOUSEHOLD_1_083,2013-12-12,40,150,HOUSEHOLD
P05,HOUSEHOLD_1_083,2013-12-13,60,150,HOUSEHOLD
P05,HOUSEHOLD_1_083,2013-12-14,50,151,HOUSEHOLD
P05,HOUSEHOLD_1_083,2013-12-15,42,151,HOUSEHOLD
P05,HOUSEHOLD_1_083,2013-12-16,54,151,HOUSEHOLD
P05,HOUSEHOLD_1_083,2013-12-17,34,151,HOUSEHOLD
P05,HOUSEHOLD_1_083,2013-12-18,46,151,HOUSEHOLD
P05,HOUSEHOLD_1_083,2013-12-19,44,151,HOUSEHOLD
P05,HOUSEHOLD_1_083,2013-12-20,32,151,HOUSEHOLD
P05,HOUSEHOLD_1_083,2013-12-21,59,152,HOUSEHOLD
P05,HOUSEHOLD_1_083,2013-12-22,51,152,HOUSEHOLD
P05,HOUSEHOLD_1_083,2013-12-23,52,152,HOUSEHOLD
P05,HOUSEHOLD_1_083,2013-12-24,40,152,HOUSEHOLD
P05,HOUSEHOLD_1_083,2013-12-25,0,152,HOUSEHOLD
P05,HOUSEHOLD_1_083,2013-12-26,54,152,HOUSEHOLD
P05,HOUSEHOLD_1_083,2013-12-27,40,152,HOUSEHOLD
P05,HOUSEHOLD_1_083,2013-12-28,43,153,HOUSEHOLD
P05,HOUSEHOLD_1_083,2013-12-29,52,153,HOUSEHOLD
P05,HOUSEHOLD_1_083,2013-12-30,53,153,HOUSEHOLD
P05,HOUSEHOLD_1_083,2013-12-31,40,153,HOUSEHOLD
P05,HOUSEHOLD_1_083,2014-01-01,23,153,HOUSEHOLD
P05,HOUSEHOLD_1_083,2014-01-02,51,153,HOUSEHOLD
P05,HOUSEHOLD_1_083,2014-01-03,60,153,HOUSEHOLD
P05,HOUSEHOLD_1_083,2014-01-04,57,154,HOUSEHOLD
P05,HOUSEHOLD_1_083,2014-01-05,47,154,HOUSEHOLD
P05,HOUSEHOLD_1_083,2014-01-06,36,154,HOUSEHOLD
P05,HOUSEHOLD_1_083,2014-01-07,42,154,HOUSEHOLD
P05,HOUSEHOLD_1_083,2014-01-08,40,154,HOUSEHOLD
P05,HOUSEHOLD_1_083,2014-01-09,50,154,HOUSEHOLD
P05,HOUSEHOLD_1_083,2014-01-10,54,154,HOUSEHOLD
P05,HOUSEHOLD_1_083,2014-01-11,65,155,HOUSEHOLD
P05,HOUSEHOLD_1_083,2014-01-12,46,155,HOUSEHOLD
P05,HOUSEHOLD_1_083,2014-01-13,35,155,HOUSEHOLD
P05,HOUSEHOLD_1_083,2014-01-14,38,155,HOUSEHOLD
P05,HOUSEHOLD_1_083,2014-01-15,43,155,HOUSEHOLD
P05,HOUSEHOLD_1_083,2014-01-16,38,155,HOUSEHOLD
P05,HOUSEHOLD_1_083,2014-01-17,53,155,HOUSEHOLD
P05,HOUSEHOLD_1_083,2014-01-18,42,156,HOUSEHOLD
P05,HOUSEHOLD_1_083,2014-01-19,51,156,HOUSEHOLD
P05,HOUSEHOLD_1_083,2014-01-20,41,156,HOUSEHOLD
P05,HOUSEHOLD_1_083,2014-01-21,37,156,HOUSEHOLD
P05,HOUSEHOLD_1_083,2014-01-22,26,156,HOUSEHOLD
P05,HOUSEHOLD_1_083,2014-01-23,35,156,HOUSEHOLD
P05,HOUSEHOLD_1_083,2014-01-24,46,156,HOUSEHOLD
P05,HOUSEHOLD_1_083,2014-01-25,55,157,HOUSEHOLD
P05,HOUSEHOLD_1_083,2014-01-26,43,157,HOUSEHOLD
P05,HOUSEHOLD_1_083,2014-01-27,29,157,HOUSEHOLD
P05,HOUSEHOLD_1_083,2014-01-28,41,157,HOUSEHOLD
P05,HOUSEHOLD_1_083,2014-01-29,30,157,HOUSEHOLD
P05,HOUSEHOLD_1_083,2014-01-30,34,157,HOUSEHOLD
P05,HOUSEHOLD_1_083,2014-01-31,55,157,HOUSEHOLD
P05,HOUSEHOLD_1_083,2014-02-01,86,158,HOUSEHOLD
P05,HOUSEHOLD_1_083,2014-02-02,58,158,HOUSEHOLD
P05,HOUSEHOLD_1_083,2014-02-03,40,158,HOUSEHOLD
P05,HOUSEHOLD_1_083,2014-02-04,46,158,HOUSEHOLD
P05,HOUSEHOLD_1_083,2014-02-05,32,158,HOUSEHOLD
P05,HOUSEHOLD_1_083,2014-02-06,37,158,HOUSEHOLD
P05,HOUSEHOLD_1_083,2014-02-07,69,158,HOUSEHOLD
P05,HOUSEHOLD_1_083,2014-02-08,66,159,HOUSEHOLD
P05,HOUSEHOLD_1_083,2014-02-09,68,159,HOUSEHOLD
P05,HOUSEHOLD_1_083,2014-02-10,34,159,HOUSEHOLD
P05,HOUSEHOLD_1_083,2014-02-11,58,159,HOUSEHOLD
P05,HOUSEHOLD_1_083,2014-02-12,41,159,HOUSEHOLD
P05,HOUSEHOLD_1_083,2014-02-13,51,159,HOUSEHOLD
P05,HOUSEHOLD_1_083,2014-02-14,42,159,HOUSEHOLD
P05,HOUSEHOLD_1_083,2014-02-15,56,160,HOUSEHOLD
P05,HOUSEHOLD_1_083,2014-02-16,49,160,HOUSEHOLD
P05,HOUSEHOLD_1_083,2014-02-17,40,160,HOUSEHOLD
P05,HOUSEHOLD_1_083,2014-02-18,37,160,HOUSEHOLD
P05,HOUSEHOLD_1_083,2014-02-19,39,160,HOUSEHOLD
P05,HOUSEHOLD_1_083,2014-02-20,28,160,HOUSEHOLD
P05,HOUSEHOLD_1_083,2014-02-21,49,160,HOUSEHOLD
P05,HOUSEHOLD_1_083,2014-02-22,65,161,HOUSEHOLD
P05,HOUSEHOLD_1_083,2014-02-23,81,161,HOUSEHOLD
P05,HOUSEHOLD_1_083,2014-02-24,48,161,HOUSEHOLD
P05,HOUSEHOLD_1_083,2014-02-25,35,161,HOUSEHOLD
P05,HOUSEHOLD_1_083,2014-02-26,30,161,HOUSEHOLD
P05,HOUSEHOLD_1_083,2014-02-27,47,161,HOUSEHOLD
P05,HOUSEHOLD_1_083,2014-02-28,69,161,HOUSEHOLD
P05,HOUSEHOLD_1_083,2014-03-01,42,162,HOUSEHOLD
P05,HOUSEHOLD_1_083,2014-03-02,60,162,HOUSEHOLD
P05,HOUSEHOLD_1_083,2014-03-03,50,162,HOUSEHOLD
P05,HOUSEHOLD_1_083,2014-03-04,41,162,HOUSEHOLD
P05,HOUSEHOLD_1_083,2014-03-05,56,162,HOUSEHOLD
P05,HOUSEHOLD_1_083,2014-03-06,53,162,HOUSEHOLD
P05,HOUSEHOLD_1_083,2014-03-07,65,162,HOUSEHOLD
P05,HOUSEHOLD_1_083,2014-03-08,65,163,HOUSEHOLD
P05,HOUSEHOLD_1_083,2014-03-09,50,163,HOUSEHOLD
P05,HOUSEHOLD_1_083,2014-03-10,37,163,HOUSEHOLD
P05,HOUSEHOLD_1_083,2014-03-11,36,163,HOUSEHOLD
P05,HOUSEHOLD_1_083,2014-03-12,46,163,HOUSEHOLD
P05,HOUSEHOLD_1_083,2014-03-13,51,163,HOUSEHOLD
P05,HOUSEHOLD_1_083,2014-03-14,58,163,HOUSEHOLD
P05,HOUSEHOLD_1_083,2014-03-15,58,164,HOUSEHOLD
P05,HOUSEHOLD_1_083,2014-03-16,40,164,HOUSEHOLD
P05,HOUSEHOLD_1_083,2014-03-17,47,164,HOUSEHOLD
P05,HOUSEHOLD_1_083,2014-03-18,37,164,HOUSEHOLD
P05,HOUSEHOLD_1_083,2014-03-19,44,164,HOUSEHOLD
P05,HOUSEHOLD_1_083,2014-03-20,58,164,HOUSEHOLD
P05,HOUSEHOLD_1_083,2014-03-21,32,164,HOUSEHOLD
P05,HOUSEHOLD_1_083,2014-03-22,43,165,HOUSEHOLD
P05,HOUSEHOLD_1_083,2014-03-23,72,165,HOUSEHOLD
P05,HOUSEHOLD_1_083,2014-03-24,54,165,HOUSEHOLD
P05,HOUSEHOLD_1_083,2014-03-25,35,165,HOUSEHOLD
P05,HOUSEHOLD_1_083,2014-03-26,37,165,HOUSEHOLD
P05,HOUSEHOLD_1_083,2014-03-27,33,165,HOUSEHOLD
P05,HOUSEHOLD_1_083,2014-03-28,64,165,HOUSEHOLD
P05,HOUSEHOLD_1_083,2014-03-29,62,166,HOUSEHOLD
P05,HOUSEHOLD_1_083,2014-03-30,56,166,HOUSEHOLD
P05,HOUSEHOLD_1_083,2014-03-31,45,166,HOUSEHOLD
P05,HOUSEHOLD_1_083,2014-04-01,33,166,HOUSEHOLD
P05,HOUSEHOLD_1_083,2014-04-02,42,166,HOUSEHOLD
P05,HOUSEHOLD_1_083,2014-04-03,59,166,HOUSEHOLD
P05,HOUSEHOLD_1_083,2014-04-04,45,166,HOUSEHOLD
P05,HOUSEHOLD_1_083,2014-04-05,74,167,HOUSEHOLD
P05,HOUSEHOLD_1_083,2014-04-06,59,167,HOUSEHOLD
P05,HOUSEHOLD_1_083,2014-04-07,63,167,HOUSEHOLD
P05,HOUSEHOLD_1_083,2014-04-08,39,167,HOUSEHOLD
P05,HOUSEHOLD_1_083,2014-04-09,32,167,HOUSEHOLD
P05,HOUSEHOLD_1_083,2014-04-10,47,167,HOUSEHOLD
P05,HOUSEHOLD_1_083,2014-04-11,75,167,HOUSEHOLD
P05,HOUSEHOLD_1_083,2014-04-12,73,168,HOUSEHOLD
P05,HOUSEHOLD_1_083,2014-04-13,69,168,HOUSEHOLD
P05,HOUSEHOLD_1_083,2014-04-14,43,168,HOUSEHOLD
P05,HOUSEHOLD_1_083,2014-04-15,42,168,HOUSEHOLD
P05,HOUSEHOLD_1_083,2014-04-16,26,168,HOUSEHOLD
P05,HOUSEHOLD_1_083,2014-04-17,61,168,HOUSEHOLD
P05,HOUSEHOLD_1_083,2014-04-18,48,168,HOUSEHOLD
P05,HOUSEHOLD_1_083,2014-04-19,61,169,HOUSEHOLD
P05,HOUSEHOLD_1_083,2014-04-20,43,169,HOUSEHOLD
P05,HOUSEHOLD_1_083,2014-04-21,45,169,HOUSEHOLD
P05,HOUSEHOLD_1_083,2014-04-22,46,169,HOUSEHOLD
P05,HOUSEHOLD_1_083,2014-04-23,43,169,HOUSEHOLD
P05,HOUSEHOLD_1_083,2014-04-24,55,169,HOUSEHOLD
P05,HOUSEHOLD_1_083,2014-04-25,49,169,HOUSEHOLD
P05,HOUSEHOLD_1_083,2014-04-26,72,170,HOUSEHOLD
P05,HOUSEHOLD_1_083,2014-04-27,58,170,HOUSEHOLD
P05,HOUSEHOLD_1_083,2014-04-28,47,170,HOUSEHOLD
P05,HOUSEHOLD_1_083,2014-04-29,63,170,HOUSEHOLD
P05,HOUSEHOLD_1_083,2014-04-30,49,170,HOUSEHOLD
P05,HOUSEHOLD_1_083,2014-05-01,65,170,HOUSEHOLD
P05,HOUSEHOLD_1_083,2014-05-02,64,170,HOUSEHOLD
P05,HOUSEHOLD_1_083,2014-05-03,62,171,HOUSEHOLD
P05,HOUSEHOLD_1_083,2014-05-04,56,171,HOUSEHOLD
P05,HOUSEHOLD_1_083,2014-05-05,53,171,HOUSEHOLD
P05,HOUSEHOLD_1_083,2014-05-06,43,171,HOUSEHOLD
P05,HOUSEHOLD_1_083,2014-05-07,62,171,HOUSEHOLD
P05,HOUSEHOLD_1_083,2014-05-08,35,171,HOUSEHOLD
P05,HOUSEHOLD_1_083,2014-05-09,56,171,HOUSEHOLD
P05,HOUSEHOLD_1_083,2014-05-10,64,172,HOUSEHOLD
P05,HOUSEHOLD_1_083,2014-05-11,42,172,HOUSEHOLD
P05,HOUSEHOLD_1_083,2014-05-12,46,172,HOUSEHOLD
P05,HOUSEHOLD_1_083,2014-05-13,86,172,HOUSEHOLD
P05,HOUSEHOLD_1_083,2014-05-14,26,172,HOUSEHOLD
P05,HOUSEHOLD_1_083,2014-05-15,44,172,HOUSEHOLD
P05,HOUSEHOLD_1_083,2014-05-16,69,172,HOUSEHOLD
P05,HOUSEHOLD_1_083,2014-05-17,63,173,HOUSEHOLD
P05,HOUSEHOLD_1_083,2014-05-18,48,173,HOUSEHOLD
P05,HOUSEHOLD_1_083,2014-05-19,45,173,HOUSEHOLD
P05,HOUSEHOLD_1_083,2014-05-20,51,173,HOUSEHOLD
P05,HOUSEHOLD_1_083,2014-05-21,37,173,HOUSEHOLD
P05,HOUSEHOLD_1_083,2014-05-22,49,173,HOUSEHOLD
P05,HOUSEHOLD_1_083,2014-05-23,44,173,HOUSEHOLD
P05,HOUSEHOLD_1_083,2014-05-24,50,174,HOUSEHOLD
P05,HOUSEHOLD_1_083,2014-05-25,45,174,HOUSEHOLD
P05,HOUSEHOLD_1_083,2014-05-26,46,174,HOUSEHOLD
P05,HOUSEHOLD_1_083,2014-05-27,38,174,HOUSEHOLD
P05,HOUSEHOLD_1_083,2014-05-28,39,174,HOUSEHOLD
P05,HOUSEHOLD_1_083,2014-05-29,42,174,HOUSEHOLD
P05,HOUSEHOLD_1_083,2014-05-30,41,174,HOUSEHOLD
P05,HOUSEHOLD_1_083,2014-05-31,56,175,HOUSEHOLD
P05,HOUSEHOLD_1_083,2014-06-01,49,175,HOUSEHOLD
P05,HOUSEHOLD_1_083,2014-06-02,30,175,HOUSEHOLD
P05,HOUSEHOLD_1_083,2014-06-03,37,175,HOUSEHOLD
P05,HOUSEHOLD_1_083,2014-06-04,33,175,HOUSEHOLD
P05,HOUSEHOLD_1_083,2014-06-05,44,175,HOUSEHOLD
P05,HOUSEHOLD_1_083,2014-06-06,47,175,HOUSEHOLD
P05,HOUSEHOLD_1_083,2014-06-07,65,176,HOUSEHOLD
P05,HOUSEHOLD_1_083,2014-06-08,40,176,HOUSEHOLD
P05,HOUSEHOLD_1_083,2014-06-09,40,176,HOUSEHOLD
P05,HOUSEHOLD_1_083,2014-06-10,47,176,HOUSEHOLD
P05,HOUSEHOLD_1_083,2014-06-11,33,176,HOUSEHOLD
P05,HOUSEHOLD_1_083,2014-06-12,48,176,HOUSEHOLD
P05,HOUSEHOLD_1_083,2014-06-13,66,176,HOUSEHOLD
P05,HOUSEHOLD_1_083,2014-06-14,58,177,HOUSEHOLD
P05,HOUSEHOLD_1_083,2014-06-15,37,177,HOUSEHOLD
P05,HOUSEHOLD_1_083,2014-06-16,47,177,HOUSEHOLD
P05,HOUSEHOLD_1_083,2014-06-17,40,177,HOUSEHOLD
P05,HOUSEHOLD_1_083,2014-06-18,50,177,HOUSEHOLD
P05,HOUSEHOLD_1_083,2014-06-19,64,177,HOUSEHOLD
P05,HOUSEHOLD_1_083,2014-06-20,59,177,HOUSEHOLD
P05,HOUSEHOLD_1_083,2014-06-21,48,178,HOUSEHOLD
P05,HOUSEHOLD_1_083,2014-06-22,35,178,HOUSEHOLD
P05,HOUSEHOLD_1_083,2014-06-23,56,178,HOUSEHOLD
P05,HOUSEHOLD_1_083,2014-06-24,49,178,HOUSEHOLD
P05,HOUSEHOLD_1_083,2014-06-25,56,178,HOUSEHOLD
P05,HOUSEHOLD_1_083,2014-06-26,55,178,HOUSEHOLD
P05,HOUSEHOLD_1_083,2014-06-27,41,178,HOUSEHOLD
P05,HOUSEHOLD_1_083,2014-06-28,57,179,HOUSEHOLD
P05,HOUSEHOLD_1_083,2014-06-29,35,179,HOUSEHOLD
P05,HOUSEHOLD_1_083,2014-06-30,63,179,HOUSEHOLD
P05,HOUSEHOLD_1_083,2014-07-01,69,179,HOUSEHOLD
P05,HOUSEHOLD_1_083,2014-07-02,43,179,HOUSEHOLD
P05,HOUSEHOLD_1_083,2014-07-03,44,179,HOUSEHOLD
P05,HOUSEHOLD_1_083,2014-07-04,54,179,HOUSEHOLD
P05,HOUSEHOLD_1_083,2014-07-05,69,180,HOUSEHOLD
P05,HOUSEHOLD_1_083,2014-07-06,77,180,HOUSEHOLD
P05,HOUSEHOLD_1_083,2014-07-07,58,180,HOUSEHOLD
P05,HOUSEHOLD_1_083,2014-07-08,51,180,HOUSEHOLD
P05,HOUSEHOLD_1_083,2014-07-09,45,180,HOUSEHOLD
P05,HOUSEHOLD_1_083,2014-07-10,45,180,HOUSEHOLD
P05,HOUSEHOLD_1_083,2014-07-11,58,180,HOUSEHOLD
P05,HOUSEHOLD_1_083,2014-07-12,75,181,HOUSEHOLD
P05,HOUSEHOLD_1_083,2014-07-13,58,181,HOUSEHOLD
P05,HOUSEHOLD_1_083,2014-07-14,24,181,HOUSEHOLD
P05,HOUSEHOLD_1_083,2014-07-15,36,181,HOUSEHOLD
P05,HOUSEHOLD_1_083,2014-07-16,35,181,HOUSEHOLD
P05,HOUSEHOLD_1_083,2014-07-17,17,181,HOUSEHOLD
P05,HOUSEHOLD_1_083,2014-07-18,34,181,HOUSEHOLD
P05,HOUSEHOLD_1_083,2014-07-19,70,182,HOUSEHOLD
P05,HOUSEHOLD_1_083,2014-07-20,90,182,HOUSEHOLD
P05,HOUSEHOLD_1_083,2014-07-21,60,182,HOUSEHOLD
P05,HOUSEHOLD_1_083,2014-07-22,60,182,HOUSEHOLD
P05,HOUSEHOLD_1_083,2014-07-23,43,182,HOUSEHOLD
P05,HOUSEHOLD_1_083,2014-07-24,50,182,HOUSEHOLD
P05,HOUSEHOLD_1_083,2014-07-25,43,182,HOUSEHOLD
P05,HOUSEHOLD_1_083,2014-07-26,35,183,HOUSEHOLD
P05,HOUSEHOLD_1_083,2014-07-27,84,183,HOUSEHOLD
P05,HOUSEHOLD_1_083,2014-07-28,29,183,HOUSEHOLD
P05,HOUSEHOLD_1_083,2014-07-29,33,183,HOUSEHOLD
P05,HOUSEHOLD_1_083,2014-07-30,21,183,HOUSEHOLD
P05,HOUSEHOLD_1_083,2014-07-31,59,183,HOUSEHOLD
P05,HOUSEHOLD_1_083,2014-08-01,73,183,HOUSEHOLD
P05,HOUSEHOLD_1_083,2014-08-02,64,184,HOUSEHOLD
P05,HOUSEHOLD_1_083,2014-08-03,33,184,HOUSEHOLD
P05,HOUSEHOLD_1_083,2014-08-04,71,184,HOUSEHOLD
P05,HOUSEHOLD_1_083,2014-08-05,54,184,HOUSEHOLD
P05,HOUSEHOLD_1_083,2014-08-06,40,184,HOUSEHOLD
P05,HOUSEHOLD_1_083,2014-08-07,50,184,HOUSEHOLD
P05,HOUSEHOLD_1_083,2014-08-08,49,184,HOUSEHOLD
P05,HOUSEHOLD_1_083,2014-08-09,51,185,HOUSEHOLD
P05,HOUSEHOLD_1_083,2014-08-10,71,185,HOUSEHOLD
P05,HOUSEHOLD_1_083,2014-08-11,70,185,HOUSEHOLD
P05,HOUSEHOLD_1_083,2014-08-12,36,185,HOUSEHOLD
P05,HOUSEHOLD_1_083,2014-08-13,39,185,HOUSEHOLD
P05,HOUSEHOLD_1_083,2014-08-14,47,185,HOUSEHOLD
P05,HOUSEHOLD_1_083,2014-08-15,49,185,HOUSEHOLD
P05,HOUSEHOLD_1_083,2014-08-16,55,186,HOUSEHOLD
P05,HOUSEHOLD_1_083,2014-08-17,79,186,HOUSEHOLD
P05,HOUSEHOLD_1_083,2014-08-18,44,186,HOUSEHOLD
P05,HOUSEHOLD_1_083,2014-08-19,60,186,HOUSEHOLD
P05,HOUSEHOLD_1_083,2014-08-20,45,186,HOUSEHOLD
P05,HOUSEHOLD_1_083,2014-08-21,56,186,HOUSEHOLD
P05,HOUSEHOLD_1_083,2014-08-22,65,186,HOUSEHOLD
P05,HOUSEHOLD_1_083,2014-08-23,66,187,HOUSEHOLD
P05,HOUSEHOLD_1_083,2014-08-24,41,187,HOUSEHOLD
P05,HOUSEHOLD_1_083,2014-08-25,51,187,HOUSEHOLD
P05,HOUSEHOLD_1_083,2014-08-26,41,187,HOUSEHOLD
P05,HOUSEHOLD_1_083,2014-08-27,42,187,HOUSEHOLD
P05,HOUSEHOLD_1_083,2014-08-28,48,187,HOUSEHOLD
P05,HOUSEHOLD_1_083,2014-08-29,72,187,HOUSEHOLD
P05,HOUSEHOLD_1_083,2014-08-30,59,188,HOUSEHOLD
P05,HOUSEHOLD_1_083,2014-08-31,45,188,HOUSEHOLD
P05,HOUSEHOLD_1_083,2014-09-01,63,188,HOUSEHOLD
P05,HOUSEHOLD_1_083,2014-09-02,40,188,HOUSEHOLD
P05,HOUSEHOLD_1_083,2014-09-03,69,188,HOUSEHOLD
P05,HOUSEHOLD_1_083,2014-09-04,36,188,HOUSEHOLD
P05,HOUSEHOLD_1_083,2014-09-05,65,188,HOUSEHOLD
P05,HOUSEHOLD_1_083,2014-09-06,62,189,HOUSEHOLD
P05,HOUSEHOLD_1_083,2014-09-07,73,189,HOUSEHOLD
P05,HOUSEHOLD_1_083,2014-09-08,40,189,HOUSEHOLD
P05,HOUSEHOLD_1_083,2014-09-09,42,189,HOUSEHOLD
P05,HOUSEHOLD_1_083,2014-09-10,46,189,HOUSEHOLD
P05,HOUSEHOLD_1_083,2014-09-11,66,189,HOUSEHOLD
P05,HOUSEHOLD_1_083,2014-09-12,53,189,HOUSEHOLD
P05,HOUSEHOLD_1_083,2014-09-13,54,190,HOUSEHOLD
P05,HOUSEHOLD_1_083,2014-09-14,70,190,HOUSEHOLD
P05,HOUSEHOLD_1_083,2014-09-15,56,190,HOUSEHOLD
P05,HOUSEHOLD_1_083,2014-09-16,23,190,HOUSEHOLD
P05,HOUSEHOLD_1_083,2014-09-17,45,190,HOUSEHOLD
P05,HOUSEHOLD_1_083,2014-09-18,33,190,HOUSEHOLD
P05,HOUSEHOLD_1_083,2014-09-19,58,190,HOUSEHOLD
P05,HOUSEHOLD_1_083,2014-09-20,83,191,HOUSEHOLD
P05,HOUSEHOLD_1_083,2014-09-21,36,191,HOUSEHOLD
P05,HOUSEHOLD_1_083,2014-09-22,43,191,HOUSEHOLD
P05,HOUSEHOLD_1_083,2014-09-23,39,191,HOUSEHOLD
P05,HOUSEHOLD_1_083,2014-09-24,42,191,HOUSEHOLD
P05,HOUSEHOLD_1_083,2014-09-25,42,191,HOUSEHOLD
P05,HOUSEHOLD_1_083,2014-09-26,71,191,HOUSEHOLD
P05,HOUSEHOLD_1_083,2014-09-27,63,192,HOUSEHOLD
P05,HOUSEHOLD_1_083,2014-09-28,59,192,HOUSEHOLD
P05,HOUSEHOLD_1_083,2014-09-29,36,192,HOUSEHOLD
P05,HOUSEHOLD_1_083,2014-09-30,48,192,HOUSEHOLD
P05,HOUSEHOLD_1_083,2014-10-01,48,192,HOUSEHOLD
P05,HOUSEHOLD_1_083,2014-10-02,50,192,HOUSEHOLD
P05,HOUSEHOLD_1_083,2014-10-03,76,192,HOUSEHOLD
P05,HOUSEHOLD_1_083,2014-10-04,93,193,HOUSEHOLD
P05,HOUSEHOLD_1_083,2014-10-05,69,193,HOUSEHOLD
P05,HOUSEHOLD_1_083,2014-10-06,34,193,HOUSEHOLD
P05,HOUSEHOLD_1_083,2014-10-07,54,193,HOUSEHOLD
P05,HOUSEHOLD_1_083,2014-10-08,37,193,HOUSEHOLD
P05,HOUSEHOLD_1_083,2014-10-09,67,193,HOUSEHOLD
P05,HOUSEHOLD_1_083,2014-10-10,41,193,HOUSEHOLD
P05,HOUSEHOLD_1_083,2014-10-11,62,194,HOUSEHOLD
P05,HOUSEHOLD_1_083,2014-10-12,53,194,HOUSEHOLD
P05,HOUSEHOLD_1_083,2014-10-13,52,194,HOUSEHOLD
P05,HOUSEHOLD_1_083,2014-10-14,58,194,HOUSEHOLD
P05,HOUSEHOLD_1_083,2014-10-15,40,194,HOUSEHOLD
P05,HOUSEHOLD_1_083,2014-10-16,54,194,HOUSEHOLD
P05,HOUSEHOLD_1_083,2014-10-17,65,194,HOUSEHOLD
P05,HOUSEHOLD_1_083,2014-10-18,72,195,HOUSEHOLD
P05,HOUSEHOLD_1_083,2014-10-19,63,195,HOUSEHOLD
P05,HOUSEHOLD_1_083,2014-10-20,40,195,HOUSEHOLD
P05,HOUSEHOLD_1_083,2014-10-21,55,195,HOUSEHOLD
P05,HOUSEHOLD_1_083,2014-10-22,52,195,HOUSEHOLD
P05,HOUSEHOLD_1_083,2014-10-23,54,195,HOUSEHOLD
P05,HOUSEHOLD_1_083,2014-10-24,60,195,HOUSEHOLD
P05,HOUSEHOLD_1_083,2014-10-25,82,196,HOUSEHOLD
P05,HOUSEHOLD_1_083,2014-10-26,61,196,HOUSEHOLD
P05,HOUSEHOLD_1_083,2014-10-27,57,196,HOUSEHOLD
P05,HOUSEHOLD_1_083,2014-10-28,44,196,HOUSEHOLD
P05,HOUSEHOLD_1_083,2014-10-29,28,196,HOUSEHOLD
P05,HOUSEHOLD_1_083,2014-10-30,47,196,HOUSEHOLD
P05,HOUSEHOLD_1_083,2014-10-31,53,196,HOUSEHOLD
P05,HOUSEHOLD_1_083,2014-11-01,63,197,HOUSEHOLD
P05,HOUSEHOLD_1_083,2014-11-02,66,197,HOUSEHOLD
P05,HOUSEHOLD_1_083,2014-11-03,57,197,HOUSEHOLD
P05,HOUSEHOLD_1_083,2014-11-04,64,197,HOUSEHOLD
P05,HOUSEHOLD_1_083,2014-11-05,49,197,HOUSEHOLD
P05,HOUSEHOLD_1_083,2014-11-06,58,197,HOUSEHOLD
P05,HOUSEHOLD_1_083,2014-11-07,60,197,HOUSEHOLD
P05,HOUSEHOLD_1_083,2014-11-08,64,198,HOUSEHOLD
P05,HOUSEHOLD_1_083,2014-11-09,67,198,HOUSEHOLD
P05,HOUSEHOLD_1_083,2014-11-10,52,198,HOUSEHOLD
P05,HOUSEHOLD_1_083,2014-11-11,41,198,HOUSEHOLD
P05,HOUSEHOLD_1_083,2014-11-12,39,198,HOUSEHOLD
P05,HOUSEHOLD_1_083,2014-11-13,52,198,HOUSEHOLD
P05,HOUSEHOLD_1_083,2014-11-14,66,198,HOUSEHOLD
P05,HOUSEHOLD_1_083,2014-11-15,68,199,HOUSEHOLD
P05,HOUSEHOLD_1_083,2014-11-16,60,199,HOUSEHOLD
P05,HOUSEHOLD_1_083,2014-11-17,44,199,HOUSEHOLD
P05,HOUSEHOLD_1_083,2014-11-18,46,199,HOUSEHOLD
P05,HOUSEHOLD_1_083,2014-11-19,31,199,HOUSEHOLD
P05,HOUSEHOLD_1_083,2014-11-20,46,199,HOUSEHOLD
P05,HOUSEHOLD_1_083,2014-11-21,52,199,HOUSEHOLD
P05,HOUSEHOLD_1_083,2014-11-22,45,200,HOUSEHOLD
P05,HOUSEHOLD_1_083,2014-11-23,50,200,HOUSEHOLD
P05,HOUSEHOLD_1_083,2014-11-24,57,200,HOUSEHOLD
P05,HOUSEHOLD_1_083,2014-11-25,38,200,HOUSEHOLD
P05,HOUSEHOLD_1_083,2014-11-26,71,200,HOUSEHOLD
P05,HOUSEHOLD_1_083,2014-11-27,32,200,HOUSEHOLD
P05,HOUSEHOLD_1_083,2014-11-28,51,200,HOUSEHOLD
P05,HOUSEHOLD_1_083,2014-11-29,49,201,HOUSEHOLD
P05,HOUSEHOLD_1_083,2014-11-30,42,201,HOUSEHOLD
P05,HOUSEHOLD_1_083,2014-12-01,63,201,HOUSEHOLD
P05,HOUSEHOLD_1_083,2014-12-02,36,201,HOUSEHOLD
P05,HOUSEHOLD_1_083,2014-12-03,47,201,HOUSEHOLD
P05,HOUSEHOLD_1_083,2014-12-04,45,201,HOUSEHOLD
P05,HOUSEHOLD_1_083,2014-12-05,50,201,HOUSEHOLD
P05,HOUSEHOLD_1_083,2014-12-06,37,202,HOUSEHOLD
P05,HOUSEHOLD_1_083,2014-12-07,50,202,HOUSEHOLD
P05,HOUSEHOLD_1_083,2014-12-08,79,202,HOUSEHOLD
P05,HOUSEHOLD_1_083,2014-12-09,33,202,HOUSEHOLD
P05,HOUSEHOLD_1_083,2014-12-10,46,202,HOUSEHOLD
P05,HOUSEHOLD_1_083,2014-12-11,31,202,HOUSEHOLD
P05,HOUSEHOLD_1_083,2014-12-12,43,202,HOUSEHOLD
P05,HOUSEHOLD_1_083,2014-12-13,43,203,HOUSEHOLD
P05,HOUSEHOLD_1_083,2014-12-14,54,203,HOUSEHOLD
P05,HOUSEHOLD_1_083,2014-12-15,29,203,HOUSEHOLD
P05,HOUSEHOLD_1_083,2014-12-16,45,203,HOUSEHOLD
P05,HOUSEHOLD_1_083,2014-12-17,32,203,HOUSEHOLD
P05,HOUSEHOLD_1_083,2014-12-18,35,203,HOUSEHOLD
P05,HOUSEHOLD_1_083,2014-12-19,41,203,HOUSEHOLD
P05,HOUSEHOLD_1_083,2014-12-20,52,204,HOUSEHOLD
P05,HOUSEHOLD_1_083,2014-12-21,21,204,HOUSEHOLD
P05,HOUSEHOLD_1_083,2014-12-22,29,204,HOUSEHOLD
P05,HOUSEHOLD_1_083,2014-12-23,40,204,HOUSEHOLD
P05,HOUSEHOLD_1_083,2014-12-24,36,204,HOUSEHOLD
P05,HOUSEHOLD_1_083,2014-12-25,0,204,HOUSEHOLD
P05,HOUSEHOLD_1_083,2014-12-26,19,204,HOUSEHOLD
P05,HOUSEHOLD_1_083,2014-12-27,44,205,HOUSEHOLD
P05,HOUSEHOLD_1_083,2014-12-28,48,205,HOUSEHOLD
P05,HOUSEHOLD_1_083,2014-12-29,27,205,HOUSEHOLD
P05,HOUSEHOLD_1_083,2014-12-30,36,205,HOUSEHOLD
P05,HOUSEHOLD_1_083,2014-12-31,38,205,HOUSEHOLD
P05,HOUSEHOLD_1_083,2015-01-01,42,205,HOUSEHOLD
P05,HOUSEHOLD_1_083,2015-01-02,48,205,HOUSEHOLD
P05,HOUSEHOLD_1_083,2015-01-03,64,206,HOUSEHOLD
P05,HOUSEHOLD_1_083,2015-01-04,33,206,HOUSEHOLD
P05,HOUSEHOLD_1_083,2015-01-05,46,206,HOUSEHOLD
P05,HOUSEHOLD_1_083,2015-01-06,14,206,HOUSEHOLD
P05,HOUSEHOLD_1_083,2015-01-07,24,206,HOUSEHOLD
P05,HOUSEHOLD_1_083,2015-01-08,31,206,HOUSEHOLD
P05,HOUSEHOLD_1_083,2015-01-09,43,206,HOUSEHOLD
P05,HOUSEHOLD_1_083,2015-01-10,52,207,HOUSEHOLD
P05,HOUSEHOLD_1_083,2015-01-11,28,207,HOUSEHOLD
P05,HOUSEHOLD_1_083,2015-01-12,59,207,HOUSEHOLD
P05,HOUSEHOLD_1_083,2015-01-13,36,207,HOUSEHOLD
P05,HOUSEHOLD_1_083,2015-01-14,34,207,HOUSEHOLD
P05,HOUSEHOLD_1_083,2015-01-15,42,207,HOUSEHOLD
P05,HOUSEHOLD_1_083,2015-01-16,43,207,HOUSEHOLD
P05,HOUSEHOLD_1_083,2015-01-17,61,208,HOUSEHOLD
P05,HOUSEHOLD_1_083,2015-01-18,32,208,HOUSEHOLD
P05,HOUSEHOLD_1_083,2015-01-19,37,208,HOUSEHOLD
P05,HOUSEHOLD_1_083,2015-01-20,35,208,HOUSEHOLD
P05,HOUSEHOLD_1_083,2015-01-21,24,208,HOUSEHOLD
P05,HOUSEHOLD_1_083,2015-01-22,26,208,HOUSEHOLD
P05,HOUSEHOLD_1_083,2015-01-23,50,208,HOUSEHOLD
P05,HOUSEHOLD_1_083,2015-01-24,56,209,HOUSEHOLD
P05,HOUSEHOLD_1_083,2015-01-25,34,209,HOUSEHOLD
P05,HOUSEHOLD_1_083,2015-01-26,46,209,HOUSEHOLD
P05,HOUSEHOLD_1_083,2015-01-27,26,209,HOUSEHOLD
P05,HOUSEHOLD_1_083,2015-01-28,29,209,HOUSEHOLD
P05,HOUSEHOLD_1_083,2015-01-29,41,209,HOUSEHOLD
P05,HOUSEHOLD_1_083,2015-01-30,53,209,HOUSEHOLD
P05,HOUSEHOLD_1_083,2015-01-31,56,210,HOUSEHOLD
P05,HOUSEHOLD_1_083,2015-02-01,41,210,HOUSEHOLD
P05,HOUSEHOLD_1_083,2015-02-02,47,210,HOUSEHOLD
P05,HOUSEHOLD_1_083,2015-02-03,42,210,HOUSEHOLD
P05,HOUSEHOLD_1_083,2015-02-04,42,210,HOUSEHOLD
P05,HOUSEHOLD_1_083,2015-02-05,49,210,HOUSEHOLD
P05,HOUSEHOLD_1_083,2015-02-06,34,210,HOUSEHOLD
P05,HOUSEHOLD_1_083,2015-02-07,35,211,HOUSEHOLD
P05,HOUSEHOLD_1_083,2015-02-08,47,211,HOUSEHOLD
P05,HOUSEHOLD_1_083,2015-02-09,39,211,HOUSEHOLD
P05,HOUSEHOLD_1_083,2015-02-10,28,211,HOUSEHOLD
P05,HOUSEHOLD_1_083,2015-02-11,29,211,HOUSEHOLD
P05,HOUSEHOLD_1_083,2015-02-12,52,211,HOUSEHOLD
P05,HOUSEHOLD_1_083,2015-02-13,42,211,HOUSEHOLD
P05,HOUSEHOLD_1_083,2015-02-14,31,212,HOUSEHOLD
P05,HOUSEHOLD_1_083,2015-02-15,41,212,HOUSEHOLD
P05,HOUSEHOLD_1_083,2015-02-16,64,212,HOUSEHOLD
P05,HOUSEHOLD_1_083,2015-02-17,49,212,HOUSEHOLD
P05,HOUSEHOLD_1_083,2015-02-18,43,212,HOUSEHOLD
P05,HOUSEHOLD_1_083,2015-02-19,24,212,HOUSEHOLD
P05,HOUSEHOLD_1_083,2015-02-20,41,212,HOUSEHOLD
P05,HOUSEHOLD_1_083,2015-02-21,95,213,HOUSEHOLD
P05,HOUSEHOLD_1_083,2015-02-22,43,213,HOUSEHOLD
P05,HOUSEHOLD_1_083,2015-02-23,42,213,HOUSEHOLD
P05,HOUSEHOLD_1_083,2015-02-24,35,213,HOUSEHOLD
P05,HOUSEHOLD_1_083,2015-02-25,49,213,HOUSEHOLD
P05,HOUSEHOLD_1_083,2015-02-26,41,213,HOUSEHOLD
P05,HOUSEHOLD_1_083,2015-02-27,52,213,HOUSEHOLD
P05,HOUSEHOLD_1_083,2015-02-28,77,214,HOUSEHOLD
P05,HOUSEHOLD_1_083,2015-03-01,88,214,HOUSEHOLD
P05,HOUSEHOLD_1_083,2015-03-02,40,214,HOUSEHOLD
P05,HOUSEHOLD_1_083,2015-03-03,36,214,HOUSEHOLD
P05,HOUSEHOLD_1_083,2015-03-04,38,214,HOUSEHOLD
P05,HOUSEHOLD_1_083,2015-03-05,45,214,HOUSEHOLD
P05,HOUSEHOLD_1_083,2015-03-06,58,214,HOUSEHOLD
P05,HOUSEHOLD_1_083,2015-03-07,68,215,HOUSEHOLD
P05,HOUSEHOLD_1_083,2015-03-08,57,215,HOUSEHOLD
P05,HOUSEHOLD_1_083,2015-03-09,58,215,HOUSEHOLD
P05,HOUSEHOLD_1_083,2015-03-10,44,215,HOUSEHOLD
P05,HOUSEHOLD_1_083,2015-03-11,30,215,HOUSEHOLD
P05,HOUSEHOLD_1_083,2015-03-12,47,215,HOUSEHOLD
P05,HOUSEHOLD_1_083,2015-03-13,66,215,HOUSEHOLD
P05,HOUSEHOLD_1_083,2015-03-14,70,216,HOUSEHOLD
P05,HOUSEHOLD_1_083,2015-03-15,53,216,HOUSEHOLD
P05,HOUSEHOLD_1_083,2015-03-16,35,216,HOUSEHOLD
P05,HOUSEHOLD_1_083,2015-03-17,38,216,HOUSEHOLD
P05,HOUSEHOLD_1_083,2015-03-18,29,216,HOUSEHOLD
P05,HOUSEHOLD_1_083,2015-03-19,25,216,HOUSEHOLD
P05,HOUSEHOLD_1_083,2015-03-20,73,216,HOUSEHOLD
P05,HOUSEHOLD_1_083,2015-03-21,52,217,HOUSEHOLD
P05,HOUSEHOLD_1_083,2015-03-22,47,217,HOUSEHOLD
P05,HOUSEHOLD_1_083,2015-03-23,30,217,HOUSEHOLD
P05,HOUSEHOLD_1_083,2015-03-24,33,217,HOUSEHOLD
P05,HOUSEHOLD_1_083,2015-03-25,44,217,HOUSEHOLD
P05,HOUSEHOLD_1_083,2015-03-26,47,217,HOUSEHOLD
P05,HOUSEHOLD_1_083,2015-03-27,46,217,HOUSEHOLD
P05,HOUSEHOLD_1_083,2015-03-28,38,218,HOUSEHOLD
P05,HOUSEHOLD_1_083,2015-03-29,59,218,HOUSEHOLD
P05,HOUSEHOLD_1_083,2015-03-30,39,218,HOUSEHOLD
P05,HOUSEHOLD_1_083,2015-03-31,46,218,HOUSEHOLD
P05,HOUSEHOLD_1_083,2015-04-01,40,218,HOUSEHOLD
P05,HOUSEHOLD_1_083,2015-04-02,53,218,HOUSEHOLD
P05,HOUSEHOLD_1_083,2015-04-03,47,218,HOUSEHOLD
P05,HOUSEHOLD_1_083,2015-04-04,75,219,HOUSEHOLD
P05,HOUSEHOLD_1_083,2015-04-05,41,219,HOUSEHOLD
P05,HOUSEHOLD_1_083,2015-04-06,41,219,HOUSEHOLD
P05,HOUSEHOLD_1_083,2015-04-07,51,219,HOUSEHOLD
P05,HOUSEHOLD_1_083,2015-04-08,64,219,HOUSEHOLD
P05,HOUSEHOLD_1_083,2015-04-09,51,219,HOUSEHOLD
P05,HOUSEHOLD_1_083,2015-04-10,52,219,HOUSEHOLD
P05,HOUSEHOLD_1_083,2015-04-11,78,220,HOUSEHOLD
P05,HOUSEHOLD_1_083,2015-04-12,56,220,HOUSEHOLD
P05,HOUSEHOLD_1_083,2015-04-13,34,220,HOUSEHOLD
P05,HOUSEHOLD_1_083,2015-04-14,36,220,HOUSEHOLD
P05,HOUSEHOLD_1_083,2015-04-15,29,220,HOUSEHOLD
P05,HOUSEHOLD_1_083,2015-04-16,30,220,HOUSEHOLD
P05,HOUSEHOLD_1_083,2015-04-17,56,220,HOUSEHOLD
P05,HOUSEHOLD_1_083,2015-04-18,56,221,HOUSEHOLD
P05,HOUSEHOLD_1_083,2015-04-19,47,221,HOUSEHOLD
P05,HOUSEHOLD_1_083,2015-04-20,40,221,HOUSEHOLD
P05,HOUSEHOLD_1_083,2015-04-21,58,221,HOUSEHOLD
P05,HOUSEHOLD_1_083,2015-04-22,50,221,HOUSEHOLD
P05,HOUSEHOLD_1_083,2015-04-23,52,221,HOUSEHOLD
P05,HOUSEHOLD_1_083,2015-04-24,39,221,HOUSEHOLD
P05,HOUSEHOLD_1_083,2015-04-25,54,222,HOUSEHOLD
P05,HOUSEHOLD_1_083,2015-04-26,54,222,HOUSEHOLD
P05,HOUSEHOLD_1_083,2015-04-27,51,222,HOUSEHOLD
P05,HOUSEHOLD_1_083,2015-04-28,35,222,HOUSEHOLD
P05,HOUSEHOLD_1_083,2015-04-29,47,222,HOUSEHOLD
P05,HOUSEHOLD_1_083,2015-04-30,48,222,HOUSEHOLD
P05,HOUSEHOLD_1_083,2015-05-01,53,222,HOUSEHOLD
P05,HOUSEHOLD_1_083,2015-05-02,58,223,HOUSEHOLD
P05,HOUSEHOLD_1_083,2015-05-03,46,223,HOUSEHOLD
P05,HOUSEHOLD_1_083,2015-05-04,49,223,HOUSEHOLD
P05,HOUSEHOLD_1_083,2015-05-05,48,223,HOUSEHOLD
P05,HOUSEHOLD_1_083,2015-05-06,71,223,HOUSEHOLD
P05,HOUSEHOLD_1_083,2015-05-07,35,223,HOUSEHOLD
P05,HOUSEHOLD_1_083,2015-05-08,56,223,HOUSEHOLD
P05,HOUSEHOLD_1_083,2015-05-09,50,224,HOUSEHOLD
P05,HOUSEHOLD_1_083,2015-05-10,54,224,HOUSEHOLD
P05,HOUSEHOLD_1_083,2015-05-11,56,224,HOUSEHOLD
P05,HOUSEHOLD_1_083,2015-05-12,41,224,HOUSEHOLD
P05,HOUSEHOLD_1_083,2015-05-13,48,224,HOUSEHOLD
P05,HOUSEHOLD_1_083,2015-05-14,43,224,HOUSEHOLD
P05,HOUSEHOLD_1_083,2015-05-15,47,224,HOUSEHOLD
P05,HOUSEHOLD_1_083,2015-05-16,57,225,HOUSEHOLD
P05,HOUSEHOLD_1_083,2015-05-17,53,225,HOUSEHOLD
P05,HOUSEHOLD_1_083,2015-05-18,39,225,HOUSEHOLD
P05,HOUSEHOLD_1_083,2015-05-19,34,225,HOUSEHOLD
P05,HOUSEHOLD_1_083,2015-05-20,53,225,HOUSEHOLD
P05,HOUSEHOLD_1_083,2015-05-21,23,225,HOUSEHOLD
P05,HOUSEHOLD_1_083,2015-05-22,46,225,HOUSEHOLD
P05,HOUSEHOLD_1_083,2015-05-23,68,226,HOUSEHOLD
P05,HOUSEHOLD_1_083,2015-05-24,60,226,HOUSEHOLD
P05,HOUSEHOLD_1_083,2015-05-25,41,226,HOUSEHOLD
P05,HOUSEHOLD_1_083,2015-05-26,50,226,HOUSEHOLD
P05,HOUSEHOLD_1_083,2015-05-27,57,226,HOUSEHOLD
P05,HOUSEHOLD_1_083,2015-05-28,53,226,HOUSEHOLD
P05,HOUSEHOLD_1_083,2015-05-29,58,226,HOUSEHOLD
P05,HOUSEHOLD_1_083,2015-05-30,92,227,HOUSEHOLD
P05,HOUSEHOLD_1_083,2015-05-31,74,227,HOUSEHOLD
P05,HOUSEHOLD_1_083,2015-06-01,80,227,HOUSEHOLD
P05,HOUSEHOLD_1_083,2015-06-02,51,227,HOUSEHOLD
P05,HOUSEHOLD_1_083,2015-06-03,65,227,HOUSEHOLD
P05,HOUSEHOLD_1_083,2015-06-04,61,227,HOUSEHOLD
P05,HOUSEHOLD_1_083,2015-06-05,72,227,HOUSEHOLD
P05,HOUSEHOLD_1_083,2015-06-06,86,228,HOUSEHOLD
P05,HOUSEHOLD_1_083,2015-06-07,80,228,HOUSEHOLD
P05,HOUSEHOLD_1_083,2015-06-08,49,228,HOUSEHOLD
P05,HOUSEHOLD_1_083,2015-06-09,62,228,HOUSEHOLD
P05,HOUSEHOLD_1_083,2015-06-10,64,228,HOUSEHOLD
P05,HOUSEHOLD_1_083,2015-06-11,36,228,HOUSEHOLD
P05,HOUSEHOLD_1_083,2015-06-12,61,228,HOUSEHOLD
P05,HOUSEHOLD_1_083,2015-06-13,55,229,HOUSEHOLD
P05,HOUSEHOLD_1_083,2015-06-14,79,229,HOUSEHOLD
P05,HOUSEHOLD_1_083,2015-06-15,41,229,HOUSEHOLD
P05,HOUSEHOLD_1_083,2015-06-16,54,229,HOUSEHOLD
P05,HOUSEHOLD_1_083,2015-06-17,64,229,HOUSEHOLD
P05,HOUSEHOLD_1_083,2015-06-18,61,229,HOUSEHOLD
P05,HOUSEHOLD_1_083,2015-06-19,50,229,HOUSEHOLD
P05,HOUSEHOLD_1_083,2015-06-20,69,230,HOUSEHOLD
P05,HOUSEHOLD_1_083,2015-06-21,35,230,HOUSEHOLD
P05,HOUSEHOLD_1_083,2015-06-22,57,230,HOUSEHOLD
P05,HOUSEHOLD_1_083,2015-06-23,66,230,HOUSEHOLD
P05,HOUSEHOLD_1_083,2015-06-24,58,230,HOUSEHOLD
P05,HOUSEHOLD_1_083,2015-06-25,53,230,HOUSEHOLD
P05,HOUSEHOLD_1_083,2015-06-26,66,230,HOUSEHOLD
P05,HOUSEHOLD_1_083,2015-06-27,85,231,HOUSEHOLD
P05,HOUSEHOLD_1_083,2015-06-28,56,231,HOUSEHOLD
P05,HOUSEHOLD_1_083,2015-06-29,38,231,HOUSEHOLD
P05,HOUSEHOLD_1_083,2015-06-30,44,231,HOUSEHOLD
P05,HOUSEHOLD_1_083,2015-07-01,56,231,HOUSEHOLD
P05,HOUSEHOLD_1_083,2015-07-02,74,231,HOUSEHOLD
P05,HOUSEHOLD_1_083,2015-07-03,57,231,HOUSEHOLD
P05,HOUSEHOLD_1_083,2015-07-04,44,232,HOUSEHOLD
P05,HOUSEHOLD_1_083,2015-07-05,45,232,HOUSEHOLD
P05,HOUSEHOLD_1_083,2015-07-06,50,232,HOUSEHOLD
P05,HOUSEHOLD_1_083,2015-07-07,33,232,HOUSEHOLD
P05,HOUSEHOLD_1_083,2015-07-08,25,232,HOUSEHOLD
P05,HOUSEHOLD_1_083,2015-07-09,49,232,HOUSEHOLD
P05,HOUSEHOLD_1_083,2015-07-10,59,232,HOUSEHOLD
P05,HOUSEHOLD_1_083,2015-07-11,45,233,HOUSEHOLD
P05,HOUSEHOLD_1_083,2015-07-12,54,233,HOUSEHOLD
P05,HOUSEHOLD_1_083,2015-07-13,38,233,HOUSEHOLD
P05,HOUSEHOLD_1_083,2015-07-14,35,233,HOUSEHOLD
P05,HOUSEHOLD_1_083,2015-07-15,46,233,HOUSEHOLD
P05,HOUSEHOLD_1_083,2015-07-16,41,233,HOUSEHOLD
P05,HOUSEHOLD_1_083,2015-07-17,56,233,HOUSEHOLD
P05,HOUSEHOLD_1_083,2015-07-18,62,234,HOUSEHOLD
P05,HOUSEHOLD_1_083,2015-07-19,61,234,HOUSEHOLD
P05,HOUSEHOLD_1_083,2015-07-20,33,234,HOUSEHOLD
P05,HOUSEHOLD_1_083,2015-07-21,35,234,HOUSEHOLD
P05,HOUSEHOLD_1_083,2015-07-22,54,234,HOUSEHOLD
P05,HOUSEHOLD_1_083,2015-07-23,44,234,HOUSEHOLD
P05,HOUSEHOLD_1_083,2015-07-24,59,234,HOUSEHOLD
P05,HOUSEHOLD_1_083,2015-07-25,60,235,HOUSEHOLD
P05,HOUSEHOLD_1_083,2015-07-26,44,235,HOUSEHOLD
P05,HOUSEHOLD_1_083,2015-07-27,64,235,HOUSEHOLD
P05,HOUSEHOLD_1_083,2015-07-28,31,235,HOUSEHOLD
P05,HOUSEHOLD_1_083,2015-07-29,37,235,HOUSEHOLD
P05,HOUSEHOLD_1_083,2015-07-30,36,235,HOUSEHOLD
P05,HOUSEHOLD_1_083,2015-07-31,39,235,HOUSEHOLD
P05,HOUSEHOLD_1_083,2015-08-01,75,236,HOUSEHOLD
P05,HOUSEHOLD_1_083,2015-08-02,51,236,HOUSEHOLD
P05,HOUSEHOLD_1_083,2015-08-03,53,236,HOUSEHOLD
P05,HOUSEHOLD_1_083,2015-08-04,51,236,HOUSEHOLD
P05,HOUSEHOLD_1_083,2015-08-05,44,236,HOUSEHOLD
P05,HOUSEHOLD_1_083,2015-08-06,51,236,HOUSEHOLD
P05,HOUSEHOLD_1_083,2015-08-07,47,236,HOUSEHOLD
P05,HOUSEHOLD_1_083,2015-08-08,48,237,HOUSEHOLD
P05,HOUSEHOLD_1_083,2015-08-09,55,237,HOUSEHOLD
P05,HOUSEHOLD_1_083,2015-08-10,46,237,HOUSEHOLD
P05,HOUSEHOLD_1_083,2015-08-11,25,237,HOUSEHOLD
P05,HOUSEHOLD_1_083,2015-08-12,33,237,HOUSEHOLD
P05,HOUSEHOLD_1_083,2015-08-13,38,237,HOUSEHOLD
P05,HOUSEHOLD_1_083,2015-08-14,54,237,HOUSEHOLD
P05,HOUSEHOLD_1_083,2015-08-15,77,238,HOUSEHOLD
P05,HOUSEHOLD_1_083,2015-08-16,56,238,HOUSEHOLD
P05,HOUSEHOLD_1_083,2015-08-17,27,238,HOUSEHOLD
P05,HOUSEHOLD_1_083,2015-08-18,52,238,HOUSEHOLD
P05,HOUSEHOLD_1_083,2015-08-19,34,238,HOUSEHOLD
P05,HOUSEHOLD_1_083,2015-08-20,72,238,HOUSEHOLD
P05,HOUSEHOLD_1_083,2015-08-21,62,238,HOUSEHOLD
P05,HOUSEHOLD_1_083,2015-08-22,102,239,HOUSEHOLD
P05,HOUSEHOLD_1_083,2015-08-23,64,239,HOUSEHOLD
P05,HOUSEHOLD_1_083,2015-08-24,49,239,HOUSEHOLD
P05,HOUSEHOLD_1_083,2015-08-25,42,239,HOUSEHOLD
P05,HOUSEHOLD_1_083,2015-08-26,46,239,HOUSEHOLD
P05,HOUSEHOLD_1_083,2015-08-27,64,239,HOUSEHOLD
P05,HOUSEHOLD_1_083,2015-08-28,64,239,HOUSEHOLD
P05,HOUSEHOLD_1_083,2015-08-29,86,240,HOUSEHOLD
P05,HOUSEHOLD_1_083,2015-08-30,75,240,HOUSEHOLD
P05,HOUSEHOLD_1_083,2015-08-31,66,240,HOUSEHOLD
P05,HOUSEHOLD_1_083,2015-09-01,68,240,HOUSEHOLD
P05,HOUSEHOLD_1_083,2015-09-02,33,240,HOUSEHOLD
P05,HOUSEHOLD_1_083,2015-09-03,60,240,HOUSEHOLD
P05,HOUSEHOLD_1_083,2015-09-04,66,240,HOUSEHOLD
P05,HOUSEHOLD_1_083,2015-09-05,68,241,HOUSEHOLD
P05,HOUSEHOLD_1_083,2015-09-06,42,241,HOUSEHOLD
P05,HOUSEHOLD_1_083,2015-09-07,71,241,HOUSEHOLD
P05,HOUSEHOLD_1_083,2015-09-08,47,241,HOUSEHOLD
P05,HOUSEHOLD_1_083,2015-09-09,48,241,HOUSEHOLD
P05,HOUSEHOLD_1_083,2015-09-10,64,241,HOUSEHOLD
P05,HOUSEHOLD_1_083,2015-09-11,66,241,HOUSEHOLD
P05,HOUSEHOLD_1_083,2015-09-12,83,242,HOUSEHOLD
P05,HOUSEHOLD_1_083,2015-09-13,94,242,HOUSEHOLD
P05,HOUSEHOLD_1_083,2015-09-14,55,242,HOUSEHOLD
P05,HOUSEHOLD_1_083,2015-09-15,74,242,HOUSEHOLD
P05,HOUSEHOLD_1_083,2015-09-16,32,242,HOUSEHOLD
P05,HOUSEHOLD_1_083,2015-09-17,66,242,HOUSEHOLD
P05,HOUSEHOLD_1_083,2015-09-18,71,242,HOUSEHOLD
P05,HOUSEHOLD_1_083,2015-09-19,62,243,HOUSEHOLD
P05,HOUSEHOLD_1_083,2015-09-20,86,243,HOUSEHOLD
P05,HOUSEHOLD_1_083,2015-09-21,53,243,HOUSEHOLD
P05,HOUSEHOLD_1_083,2015-09-22,65,243,HOUSEHOLD
P05,HOUSEHOLD_1_083,2015-09-23,52,243,HOUSEHOLD
P05,HOUSEHOLD_1_083,2015-09-24,65,243,HOUSEHOLD
P05,HOUSEHOLD_1_083,2015-09-25,87,243,HOUSEHOLD
P05,HOUSEHOLD_1_083,2015-09-26,105,244,HOUSEHOLD
P05,HOUSEHOLD_1_083,2015-09-27,83,244,HOUSEHOLD
P05,HOUSEHOLD_1_083,2015-09-28,72,244,HOUSEHOLD
P05,HOUSEHOLD_1_083,2015-09-29,49,244,HOUSEHOLD
P05,HOUSEHOLD_1_083,2015-09-30,55,244,HOUSEHOLD
P05,HOUSEHOLD_1_083,2015-10-01,100,244,HOUSEHOLD
P05,HOUSEHOLD_1_083,2015-10-02,100,244,HOUSEHOLD
P05,HOUSEHOLD_1_083,2015-10-03,110,245,HOUSEHOLD
P05,HOUSEHOLD_1_083,2015-10-04,84,245,HOUSEHOLD
P05,HOUSEHOLD_1_083,2015-10-05,75,245,HOUSEHOLD
P05,HOUSEHOLD_1_083,2015-10-06,74,245,HOUSEHOLD
P05,HOUSEHOLD_1_083,2015-10-07,65,245,HOUSEHOLD
P05,HOUSEHOLD_1_083,2015-10-08,61,245,HOUSEHOLD
P05,HOUSEHOLD_1_083,2015-10-09,71,245,HOUSEHOLD
P05,HOUSEHOLD_1_083,2015-10-10,88,246,HOUSEHOLD
P05,HOUSEHOLD_1_083,2015-10-11,80,246,HOUSEHOLD
P05,HOUSEHOLD_1_083,2015-10-12,61,246,HOUSEHOLD
P05,HOUSEHOLD_1_083,2015-10-13,50,246,HOUSEHOLD
P05,HOUSEHOLD_1_083,2015-10-14,70,246,HOUSEHOLD
P05,HOUSEHOLD_1_083,2015-10-15,59,246,HOUSEHOLD
P05,HOUSEHOLD_1_083,2015-10-16,71,246,HOUSEHOLD
P05,HOUSEHOLD_1_083,2015-10-17,59,247,HOUSEHOLD
P05,HOUSEHOLD_1_083,2015-10-18,82,247,HOUSEHOLD
P05,HOUSEHOLD_1_083,2015-10-19,64,247,HOUSEHOLD
P05,HOUSEHOLD_1_083,2015-10-20,36,247,HOUSEHOLD
P05,HOUSEHOLD_1_083,2015-10-21,63,247,HOUSEHOLD
P05,HOUSEHOLD_1_083,2015-10-22,54,247,HOUSEHOLD
P05,HOUSEHOLD_1_083,2015-10-23,56,247,HOUSEHOLD
P05,HOUSEHOLD_1_083,2015-10-24,76,248,HOUSEHOLD
P05,HOUSEHOLD_1_083,2015-10-25,67,248,HOUSEHOLD
P05,HOUSEHOLD_1_083,2015-10-26,47,248,HOUSEHOLD
P05,HOUSEHOLD_1_083,2015-10-27,48,248,HOUSEHOLD
P05,HOUSEHOLD_1_083,2015-10-28,38,248,HOUSEHOLD
P05,HOUSEHOLD_1_083,2015-10-29,28,248,HOUSEHOLD
P05,HOUSEHOLD_1_083,2015-10-30,47,248,HOUSEHOLD
P05,HOUSEHOLD_1_083,2015-10-31,63,249,HOUSEHOLD
P05,HOUSEHOLD_1_083,2015-11-01,59,249,HOUSEHOLD
P05,HOUSEHOLD_1_083,2015-11-02,76,249,HOUSEHOLD
P05,HOUSEHOLD_1_083,2015-11-03,49,249,HOUSEHOLD
P05,HOUSEHOLD_1_083,2015-11-04,49,249,HOUSEHOLD
P05,HOUSEHOLD_1_083,2015-11-05,28,249,HOUSEHOLD
P05,HOUSEHOLD_1_083,2015-11-06,74,249,HOUSEHOLD
P05,HOUSEHOLD_1_083,2015-11-07,86,250,HOUSEHOLD
P05,HOUSEHOLD_1_083,2015-11-08,52,250,HOUSEHOLD
P05,HOUSEHOLD_1_083,2015-11-09,30,250,HOUSEHOLD
P05,HOUSEHOLD_1_083,2015-11-10,40,250,HOUSEHOLD
P05,HOUSEHOLD_1_083,2015-11-11,35,250,HOUSEHOLD
P05,HOUSEHOLD_1_083,2015-11-12,60,250,HOUSEHOLD
P05,HOUSEHOLD_1_083,2015-11-13,61,250,HOUSEHOLD
P05,HOUSEHOLD_1_083,2015-11-14,42,251,HOUSEHOLD
P05,HOUSEHOLD_1_083,2015-11-15,44,251,HOUSEHOLD
P05,HOUSEHOLD_1_083,2015-11-16,23,251,HOUSEHOLD
P05,HOUSEHOLD_1_083,2015-11-17,42,251,HOUSEHOLD
P05,HOUSEHOLD_1_083,2015-11-18,39,251,HOUSEHOLD
P05,HOUSEHOLD_1_083,2015-11-19,53,251,HOUSEHOLD
P05,HOUSEHOLD_1_083,2015-11-20,79,251,HOUSEHOLD
P05,HOUSEHOLD_1_083,2015-11-21,78,252,HOUSEHOLD
P05,HOUSEHOLD_1_083,2015-11-22,63,252,HOUSEHOLD
P05,HOUSEHOLD_1_083,2015-11-23,70,252,HOUSEHOLD
P05,HOUSEHOLD_1_083,2015-11-24,61,252,HOUSEHOLD
P05,HOUSEHOLD_1_083,2015-11-25,76,252,HOUSEHOLD
P05,HOUSEHOLD_1_083,2015-11-26,38,252,HOUSEHOLD
P05,HOUSEHOLD_1_083,2015-11-27,54,252,HOUSEHOLD
P05,HOUSEHOLD_1_083,2015-11-28,25,253,HOUSEHOLD
P05,HOUSEHOLD_1_083,2015-11-29,29,253,HOUSEHOLD
P05,HOUSEHOLD_1_083,2015-11-30,22,253,HOUSEHOLD
P05,HOUSEHOLD_1_083,2015-12-01,59,253,HOUSEHOLD
P05,HOUSEHOLD_1_083,2015-12-02,46,253,HOUSEHOLD
P05,HOUSEHOLD_1_083,2015-12-03,88,253,HOUSEHOLD
P05,HOUSEHOLD_1_083,2015-12-04,66,253,HOUSEHOLD
P05,HOUSEHOLD_1_083,2015-12-05,60,254,HOUSEHOLD
P05,HOUSEHOLD_1_083,2015-12-06,32,254,HOUSEHOLD
P05,HOUSEHOLD_1_083,2015-12-07,43,254,HOUSEHOLD
P05,HOUSEHOLD_1_083,2015-12-08,60,254,HOUSEHOLD
P05,HOUSEHOLD_1_083,2015-12-09,36,254,HOUSEHOLD
P05,HOUSEHOLD_1_083,2015-12-10,48,254,HOUSEHOLD
P05,HOUSEHOLD_1_083,2015-12-11,74,254,HOUSEHOLD
P05,HOUSEHOLD_1_083,2015-12-12,64,255,HOUSEHOLD
P05,HOUSEHOLD_1_083,2015-12-13,85,255,HOUSEHOLD
P05,HOUSEHOLD_1_083,2015-12-14,47,255,HOUSEHOLD
P05,HOUSEHOLD_1_083,2015-12-15,50,255,HOUSEHOLD
P05,HOUSEHOLD_1_083,2015-12-16,45,255,HOUSEHOLD
P05,HOUSEHOLD_1_083,2015-12-17,59,255,HOUSEHOLD
P05,HOUSEHOLD_1_083,2015-12-18,56,255,HOUSEHOLD
P05,HOUSEHOLD_1_083,2015-12-19,63,256,HOUSEHOLD
P05,HOUSEHOLD_1_083,2015-12-20,54,256,HOUSEHOLD
P05,HOUSEHOLD_1_083,2015-12-21,53,256,HOUSEHOLD
P05,HOUSEHOLD_1_083,2015-12-22,42,256,HOUSEHOLD
P05,HOUSEHOLD_1_083,2015-12-23,35,256,HOUSEHOLD
P05,HOUSEHOLD_1_083,2015-12-24,17,256,HOUSEHOLD
P05,HOUSEHOLD_1_083,2015-12-25,0,256,HOUSEHOLD
P05,HOUSEHOLD_1_083,2015-12-26,42,257,HOUSEHOLD
P05,HOUSEHOLD_1_083,2015-12-27,32,257,HOUSEHOLD
P05,HOUSEHOLD_1_083,2015-12-28,26,257,HOUSEHOLD
P05,HOUSEHOLD_1_083,2015-12-29,39,257,HOUSEHOLD
P05,HOUSEHOLD_1_083,2015-12-30,44,257,HOUSEHOLD
P05,HOUSEHOLD_1_083,2015-12-31,39,257,HOUSEHOLD
P05,HOUSEHOLD_1_083,2016-01-01,27,257,HOUSEHOLD
P05,HOUSEHOLD_1_083,2016-01-02,26,258,HOUSEHOLD
P05,HOUSEHOLD_1_083,2016-01-03,43,258,HOUSEHOLD
P05,HOUSEHOLD_1_083,2016-01-04,45,258,HOUSEHOLD
P05,HOUSEHOLD_1_083,2016-01-05,26,258,HOUSEHOLD
P05,HOUSEHOLD_1_083,2016-01-06,29,258,HOUSEHOLD
P05,HOUSEHOLD_1_083,2016-01-07,22,258,HOUSEHOLD
P05,HOUSEHOLD_1_083,2016-01-08,28,258,HOUSEHOLD
P05,HOUSEHOLD_1_083,2016-01-09,48,259,HOUSEHOLD
P05,HOUSEHOLD_1_083,2016-01-10,28,259,HOUSEHOLD
P05,HOUSEHOLD_1_083,2016-01-11,19,259,HOUSEHOLD
P05,HOUSEHOLD_1_083,2016-01-12,24,259,HOUSEHOLD
P05,HOUSEHOLD_1_083,2016-01-13,38,259,HOUSEHOLD
P05,HOUSEHOLD_1_083,2016-01-14,35,259,HOUSEHOLD
P05,HOUSEHOLD_1_083,2016-01-15,33,259,HOUSEHOLD
P05,HOUSEHOLD_1_083,2016-01-16,85,260,HOUSEHOLD
P05,HOUSEHOLD_1_083,2016-01-17,48,260,HOUSEHOLD
P05,HOUSEHOLD_1_083,2016-01-18,39,260,HOUSEHOLD
P05,HOUSEHOLD_1_083,2016-01-19,42,260,HOUSEHOLD
P05,HOUSEHOLD_1_083,2016-01-20,41,260,HOUSEHOLD
P05,HOUSEHOLD_1_083,2016-01-21,25,260,HOUSEHOLD
P05,HOUSEHOLD_1_083,2016-01-22,28,260,HOUSEHOLD
P05,HOUSEHOLD_1_083,2016-01-23,48,261,HOUSEHOLD
P05,HOUSEHOLD_1_083,2016-01-24,62,261,HOUSEHOLD
P05,HOUSEHOLD_1_083,2016-01-25,50,261,HOUSEHOLD
P05,HOUSEHOLD_1_083,2016-01-26,18,261,HOUSEHOLD
P05,HOUSEHOLD_1_083,2016-01-27,27,261,HOUSEHOLD
P05,HOUSEHOLD_1_083,2016-01-28,41,261,HOUSEHOLD
P05,HOUSEHOLD_1_083,2016-01-29,82,261,HOUSEHOLD
P05,HOUSEHOLD_1_083,2016-01-30,57,262,HOUSEHOLD
P05,HOUSEHOLD_1_083,2016-01-31,44,262,HOUSEHOLD
P05,HOUSEHOLD_1_083,2016-02-01,46,262,HOUSEHOLD
P05,HOUSEHOLD_1_083,2016-02-02,28,262,HOUSEHOLD
P05,HOUSEHOLD_1_083,2016-02-03,66,262,HOUSEHOLD
P05,HOUSEHOLD_1_083,2016-02-04,46,262,HOUSEHOLD
P05,HOUSEHOLD_1_083,2016-02-05,55,262,HOUSEHOLD
P05,HOUSEHOLD_1_083,2016-02-06,51,263,HOUSEHOLD
P05,HOUSEHOLD_1_083,2016-02-07,61,263,HOUSEHOLD
P05,HOUSEHOLD_1_083,2016-02-08,35,263,HOUSEHOLD
P05,HOUSEHOLD_1_083,2016-02-09,28,263,HOUSEHOLD
P05,HOUSEHOLD_1_083,2016-02-10,56,263,HOUSEHOLD
P05,HOUSEHOLD_1_083,2016-02-11,41,263,HOUSEHOLD
P05,HOUSEHOLD_1_083,2016-02-12,53,263,HOUSEHOLD
P05,HOUSEHOLD_1_083,2016-02-13,52,264,HOUSEHOLD
P05,HOUSEHOLD_1_083,2016-02-14,39,264,HOUSEHOLD
P05,HOUSEHOLD_1_083,2016-02-15,49,264,HOUSEHOLD
P05,HOUSEHOLD_1_083,2016-02-16,39,264,HOUSEHOLD
P05,HOUSEHOLD_1_083,2016-02-17,38,264,HOUSEHOLD
P05,HOUSEHOLD_1_083,2016-02-18,44,264,HOUSEHOLD
P05,HOUSEHOLD_1_083,2016-02-19,48,264,HOUSEHOLD
P05,HOUSEHOLD_1_083,2016-02-20,106,265,HOUSEHOLD
P05,HOUSEHOLD_1_083,2016-02-21,53,265,HOUSEHOLD
P05,HOUSEHOLD_1_083,2016-02-22,43,265,HOUSEHOLD
P05,HOUSEHOLD_1_083,2016-02-23,45,265,HOUSEHOLD
P05,HOUSEHOLD_1_083,2016-02-24,48,265,HOUSEHOLD
P05,HOUSEHOLD_1_083,2016-02-25,60,265,HOUSEHOLD
P05,HOUSEHOLD_1_083,2016-02-26,40,265,HOUSEHOLD
P05,HOUSEHOLD_1_083,2016-02-27,62,266,HOUSEHOLD
P05,HOUSEHOLD_1_083,2016-02-28,91,266,HOUSEHOLD
P05,HOUSEHOLD_1_083,2016-02-29,62,266,HOUSEHOLD
P05,HOUSEHOLD_1_083,2016-03-01,61,266,HOUSEHOLD
P05,HOUSEHOLD_1_083,2016-03-02,64,266,HOUSEHOLD
P05,HOUSEHOLD_1_083,2016-03-03,31,266,HOUSEHOLD
P05,HOUSEHOLD_1_083,2016-03-04,54,266,HOUSEHOLD
P05,HOUSEHOLD_1_083,2016-03-05,53,267,HOUSEHOLD
P05,HOUSEHOLD_1_083,2016-03-06,68,267,HOUSEHOLD
P05,HOUSEHOLD_1_083,2016-03-07,48,267,HOUSEHOLD
P05,HOUSEHOLD_1_083,2016-03-08,37,267,HOUSEHOLD
P05,HOUSEHOLD_1_083,2016-03-09,38,267,HOUSEHOLD
P05,HOUSEHOLD_1_083,2016-03-10,47,267,HOUSEHOLD
P05,HOUSEHOLD_1_083,2016-03-11,85,267,HOUSEHOLD
P05,HOUSEHOLD_1_083,2016-03-12,87,268,HOUSEHOLD
P05,HOUSEHOLD_1_083,2016-03-13,57,268,HOUSEHOLD
P05,HOUSEHOLD_1_083,2016-03-14,40,268,HOUSEHOLD
P05,HOUSEHOLD_1_083,2016-03-15,45,268,HOUSEHOLD
P05,HOUSEHOLD_1_083,2016-03-16,39,268,HOUSEHOLD
P05,HOUSEHOLD_1_083,2016-03-17,47,268,HOUSEHOLD
P05,HOUSEHOLD_1_083,2016-03-18,84,268,HOUSEHOLD
P05,HOUSEHOLD_1_083,2016-03-19,55,269,HOUSEHOLD
P05,HOUSEHOLD_1_083,2016-03-20,53,269,HOUSEHOLD
P05,HOUSEHOLD_1_083,2016-03-21,31,269,HOUSEHOLD
P05,HOUSEHOLD_1_083,2016-03-22,44,269,HOUSEHOLD
P05,HOUSEHOLD_1_083,2016-03-23,28,269,HOUSEHOLD
P05,HOUSEHOLD_1_083,2016-03-24,53,269,HOUSEHOLD
P05,HOUSEHOLD_1_083,2016-03-25,45,269,HOUSEHOLD
P05,HOUSEHOLD_1_083,2016-03-26,48,270,HOUSEHOLD
P05,HOUSEHOLD_1_083,2016-03-27,31,270,HOUSEHOLD
P05,HOUSEHOLD_1_083,2016-03-28,38,270,HOUSEHOLD
P05,HOUSEHOLD_1_083,2016-03-29,15,270,HOUSEHOLD
P05,HOUSEHOLD_1_083,2016-03-30,46,270,HOUSEHOLD
P05,HOUSEHOLD_1_083,2016-03-31,45,270,HOUSEHOLD
P05,HOUSEHOLD_1_083,2016-04-01,66,270,HOUSEHOLD
P05,HOUSEHOLD_1_083,2016-04-02,63,271,HOUSEHOLD
P05,HOUSEHOLD_1_083,2016-04-03,72,271,HOUSEHOLD
P05,HOUSEHOLD_1_083,2016-04-04,20,271,HOUSEHOLD
P05,HOUSEHOLD_1_083,2016-04-05,51,271,HOUSEHOLD
P05,HOUSEHOLD_1_083,2016-04-06,41,271,HOUSEHOLD
P05,HOUSEHOLD_1_083,2016-04-07,67,271,HOUSEHOLD
P05,HOUSEHOLD_1_083,2016-04-08,51,271,HOUSEHOLD
P05,HOUSEHOLD_1_083,2016-04-09,68,272,HOUSEHOLD
P05,HOUSEHOLD_1_083,2016-04-10,84,272,HOUSEHOLD
P05,HOUSEHOLD_1_083,2016-04-11,37,272,HOUSEHOLD
P05,HOUSEHOLD_1_083,2016-04-12,42,272,HOUSEHOLD
P05,HOUSEHOLD_1_083,2016-04-13,45,272,HOUSEHOLD
P05,HOUSEHOLD_1_083,2016-04-14,41,272,HOUSEHOLD
P05,HOUSEHOLD_1_083,2016-04-15,68,272,HOUSEHOLD
P05,HOUSEHOLD_1_083,2016-04-16,47,273,HOUSEHOLD
P05,HOUSEHOLD_1_083,2016-04-17,60,273,HOUSEHOLD
P05,HOUSEHOLD_1_083,2016-04-18,34,273,HOUSEHOLD
P05,HOUSEHOLD_1_083,2016-04-19,42,273,HOUSEHOLD
P05,HOUSEHOLD_1_083,2016-04-20,40,273,HOUSEHOLD
P05,HOUSEHOLD_1_083,2016-04-21,30,273,HOUSEHOLD
P05,HOUSEHOLD_1_083,2016-04-22,61,273,HOUSEHOLD
P06,HOUSEHOLD_1_176,2011-01-29,10,1,HOUSEHOLD
P06,HOUSEHOLD_1_176,2011-01-30,6,1,HOUSEHOLD
P06,HOUSEHOLD_1_176,2011-01-31,6,1,HOUSEHOLD
P06,HOUSEHOLD_1_176,2011-02-01,7,1,HOUSEHOLD
P06,HOUSEHOLD_1_176,2011-02-02,8,1,HOUSEHOLD
P06,HOUSEHOLD_1_176,2011-02-03,12,1,HOUSEHOLD
P06,HOUSEHOLD_1_176,2011-02-04,8,1,HOUSEHOLD
P06,HOUSEHOLD_1_176,2011-02-05,16,2,HOUSEHOLD
P06,HOUSEHOLD_1_176,2011-02-06,11,2,HOUSEHOLD
P06,HOUSEHOLD_1_176,2011-02-07,13,2,HOUSEHOLD
P06,HOUSEHOLD_1_176,2011-02-08,16,2,HOUSEHOLD
P06,HOUSEHOLD_1_176,2011-02-09,3,2,HOUSEHOLD
P06,HOUSEHOLD_1_176,2011-02-10,10,2,HOUSEHOLD
P06,HOUSEHOLD_1_176,2011-02-11,18,2,HOUSEHOLD
P06,HOUSEHOLD_1_176,2011-02-12,9,3,HOUSEHOLD
P06,HOUSEHOLD_1_176,2011-02-13,20,3,HOUSEHOLD
P06,HOUSEHOLD_1_176,2011-02-14,8,3,HOUSEHOLD
P06,HOUSEHOLD_1_176,2011-02-15,12,3,HOUSEHOLD
P06,HOUSEHOLD_1_176,2011-02-16,16,3,HOUSEHOLD
P06,HOUSEHOLD_1_176,2011-02-17,9,3,HOUSEHOLD
P06,HOUSEHOLD_1_176,2011-02-18,13,3,HOUSEHOLD
P06,HOUSEHOLD_1_176,2011-02-19,9,4,HOUSEHOLD
P06,HOUSEHOLD_1_176,2011-02-20,10,4,HOUSEHOLD
P06,HOUSEHOLD_1_176,2011-02-21,13,4,HOUSEHOLD
P06,HOUSEHOLD_1_176,2011-02-22,6,4,HOUSEHOLD
P06,HOUSEHOLD_1_176,2011-02-23,7,4,HOUSEHOLD
P06,HOUSEHOLD_1_176,2011-02-24,10,4,HOUSEHOLD
P06,HOUSEHOLD_1_176,2011-02-25,11,4,HOUSEHOLD
P06,HOUSEHOLD_1_176,2011-02-26,20,5,HOUSEHOLD
P06,HOUSEHOLD_1_176,2011-02-27,2,5,HOUSEHOLD
P06,HOUSEHOLD_1_176,2011-02-28,3,5,HOUSEHOLD
P06,HOUSEHOLD_1_176,2011-03-01,6,5,HOUSEHOLD
P06,HOUSEHOLD_1_176,2011-03-02,10,5,HOUSEHOLD
P06,HOUSEHOLD_1_176,2011-03-03,7,5,HOUSEHOLD
P06,HOUSEHOLD_1_176,2011-03-04,6,5,HOUSEHOLD
P06,HOUSEHOLD_1_176,2011-03-05,9,6,HOUSEHOLD
P06,HOUSEHOLD_1_176,2011-03-06,11,6,HOUSEHOLD
P06,HOUSEHOLD_1_176,2011-03-07,9,6,HOUSEHOLD
P06,HOUSEHOLD_1_176,2011-03-08,4,6,HOUSEHOLD
P06,HOUSEHOLD_1_176,2011-03-09,6,6,HOUSEHOLD
P06,HOUSEHOLD_1_176,2011-03-10,8,6,HOUSEHOLD
P06,HOUSEHOLD_1_176,2011-03-11,10,6,HOUSEHOLD
P06,HOUSEHOLD_1_176,2011-03-12,14,7,HOUSEHOLD
P06,HOUSEHOLD_1_176,2011-03-13,14,7,HOUSEHOLD
P06,HOUSEHOLD_1_176,2011-03-14,8,7,HOUSEHOLD
P06,HOUSEHOLD_1_176,2011-03-15,5,7,HOUSEHOLD
P06,HOUSEHOLD_1_176,2011-03-16,7,7,HOUSEHOLD
P06,HOUSEHOLD_1_176,2011-03-17,7,7,HOUSEHOLD
P06,HOUSEHOLD_1_176,2011-03-18,7,7,HOUSEHOLD
P06,HOUSEHOLD_1_176,2011-03-19,10,8,HOUSEHOLD
P06,HOUSEHOLD_1_176,2011-03-20,7,8,HOUSEHOLD
P06,HOUSEHOLD_1_176,2011-03-21,11,8,HOUSEHOLD
P06,HOUSEHOLD_1_176,2011-03-22,7,8,HOUSEHOLD
P06,HOUSEHOLD_1_176,2011-03-23,10,8,HOUSEHOLD
P06,HOUSEHOLD_1_176,2011-03-24,8,8,HOUSEHOLD
P06,HOUSEHOLD_1_176,2011-03-25,8,8,HOUSEHOLD
P06,HOUSEHOLD_1_176,2011-03-26,16,9,HOUSEHOLD
P06,HOUSEHOLD_1_176,2011-03-27,4,9,HOUSEHOLD
P06,HOUSEHOLD_1_176,2011-03-28,11,9,HOUSEHOLD
P06,HOUSEHOLD_1_176,2011-03-29,6,9,HOUSEHOLD
P06,HOUSEHOLD_1_176,2011-03-30,6,9,HOUSEHOLD
P06,HOUSEHOLD_1_176,2011-03-31,4,9,HOUSEHOLD
P06,HOUSEHOLD_1_176,2011-04-01,5,9,HOUSEHOLD
P06,HOUSEHOLD_1_176,2011-04-02,11,10,HOUSEHOLD
P06,HOUSEHOLD_1_176,2011-04-03,9,10,HOUSEHOLD
P06,HOUSEHOLD_1_176,2011-04-04,9,10,HOUSEHOLD
P06,HOUSEHOLD_1_176,2011-04-05,7,10,HOUSEHOLD
P06,HOUSEHOLD_1_176,2011-04-06,7,10,HOUSEHOLD
P06,HOUSEHOLD_1_176,2011-04-07,1,10,HOUSEHOLD
P06,HOUSEHOLD_1_176,2011-04-08,9,10,HOUSEHOLD
P06,HOUSEHOLD_1_176,2011-04-09,13,11,HOUSEHOLD
P06,HOUSEHOLD_1_176,2011-04-10,9,11,HOUSEHOLD
P06,HOUSEHOLD_1_176,2011-04-11,13,11,HOUSEHOLD
P06,HOUSEHOLD_1_176,2011-04-12,7,11,HOUSEHOLD
P06,HOUSEHOLD_1_176,2011-04-13,4,11,HOUSEHOLD
P06,HOUSEHOLD_1_176,2011-04-14,4,11,HOUSEHOLD
P06,HOUSEHOLD_1_176,2011-04-15,9,11,HOUSEHOLD
P06,HOUSEHOLD_1_176,2011-04-16,13,12,HOUSEHOLD
P06,HOUSEHOLD_1_176,2011-04-17,8,12,HOUSEHOLD
P06,HOUSEHOLD_1_176,2011-04-18,10,12,HOUSEHOLD
P06,HOUSEHOLD_1_176,2011-04-19,4,12,HOUSEHOLD
P06,HOUSEHOLD_1_176,2011-04-20,7,12,HOUSEHOLD
P06,HOUSEHOLD_1_176,2011-04-21,8,12,HOUSEHOLD
P06,HOUSEHOLD_1_176,2011-04-22,18,12,HOUSEHOLD
P06,HOUSEHOLD_1_176,2011-04-23,9,13,HOUSEHOLD
P06,HOUSEHOLD_1_176,2011-04-24,16,13,HOUSEHOLD
P06,HOUSEHOLD_1_176,2011-04-25,9,13,HOUSEHOLD
P06,HOUSEHOLD_1_176,2011-04-26,6,13,HOUSEHOLD
P06,HOUSEHOLD_1_176,2011-04-27,7,13,HOUSEHOLD
P06,HOUSEHOLD_1_176,2011-04-28,10,13,HOUSEHOLD
P06,HOUSEHOLD_1_176,2011-04-29,10,13,HOUSEHOLD
P06,HOUSEHOLD_1_176,2011-04-30,19,14,HOUSEHOLD
P06,HOUSEHOLD_1_176,2011-05-01,7,14,HOUSEHOLD
P06,HOUSEHOLD_1_176,2011-05-02,12,14,HOUSEHOLD
P06,HOUSEHOLD_1_176,2011-05-03,11,14,HOUSEHOLD
P06,HOUSEHOLD_1_176,2011-05-04,5,14,HOUSEHOLD
P06,HOUSEHOLD_1_176,2011-05-05,5,14,HOUSEHOLD
P06,HOUSEHOLD_1_176,2011-05-06,1,14,HOUSEHOLD
P06,HOUSEHOLD_1_176,2011-05-07,8,15,HOUSEHOLD
P06,HOUSEHOLD_1_176,2011-05-08,9,15,HOUSEHOLD
P06,HOUSEHOLD_1_176,2011-05-09,10,15,HOUSEHOLD
P06,HOUSEHOLD_1_176,2011-05-10,11,15,HOUSEHOLD
P06,HOUSEHOLD_1_176,2011-05-11,7,15,HOUSEHOLD
P06,HOUSEHOLD_1_176,2011-05-12,13,15,HOUSEHOLD
P06,HOUSEHOLD_1_176,2011-05-13,10,15,HOUSEHOLD
P06,HOUSEHOLD_1_176,2011-05-14,10,16,HOUSEHOLD
P06,HOUSEHOLD_1_176,2011-05-15,10,16,HOUSEHOLD
P06,HOUSEHOLD_1_176,2011-05-16,5,16,HOUSEHOLD
P06,HOUSEHOLD_1_176,2011-05-17,7,16,HOUSEHOLD
P06,HOUSEHOLD_1_176,2011-05-18,8,16,HOUSEHOLD
P06,HOUSEHOLD_1_176,2011-05-19,9,16,HOUSEHOLD
P06,HOUSEHOLD_1_176,2011-05-20,4,16,HOUSEHOLD
P06,HOUSEHOLD_1_176,2011-05-21,5,17,HOUSEHOLD
P06,HOUSEHOLD_1_176,2011-05-22,11,17,HOUSEHOLD
P06,HOUSEHOLD_1_176,2011-05-23,6,17,HOUSEHOLD
P06,HOUSEHOLD_1_176,2011-05-24,7,17,HOUSEHOLD
P06,HOUSEHOLD_1_176,2011-05-25,10,17,HOUSEHOLD
P06,HOUSEHOLD_1_176,2011-05-26,9,17,HOUSEHOLD
P06,HOUSEHOLD_1_176,2011-05-27,7,17,HOUSEHOLD
P06,HOUSEHOLD_1_176,2011-05-28,8,18,HOUSEHOLD
P06,HOUSEHOLD_1_176,2011-05-29,8,18,HOUSEHOLD
P06,HOUSEHOLD_1_176,2011-05-30,7,18,HOUSEHOLD
P06,HOUSEHOLD_1_176,2011-05-31,7,18,HOUSEHOLD
P06,HOUSEHOLD_1_176,2011-06-01,12,18,HOUSEHOLD
P06,HOUSEHOLD_1_176,2011-06-02,8,18,HOUSEHOLD
P06,HOUSEHOLD_1_176,2011-06-03,3,18,HOUSEHOLD
P06,HOUSEHOLD_1_176,2011-06-04,5,19,HOUSEHOLD
P06,HOUSEHOLD_1_176,2011-06-05,17,19,HOUSEHOLD
P06,HOUSEHOLD_1_176,2011-06-06,9,19,HOUSEHOLD
P06,HOUSEHOLD_1_176,2011-06-07,9,19,HOUSEHOLD
P06,HOUSEHOLD_1_176,2011-06-08,11,19,HOUSEHOLD
P06,HOUSEHOLD_1_176,2011-06-09,15,19,HOUSEHOLD
P06,HOUSEHOLD_1_176,2011-06-10,11,19,HOUSEHOLD
P06,HOUSEHOLD_1_176,2011-06-11,16,20,HOUSEHOLD
P06,HOUSEHOLD_1_176,2011-06-12,18,20,HOUSEHOLD
P06,HOUSEHOLD_1_176,2011-06-13,10,20,HOUSEHOLD
P06,HOUSEHOLD_1_176,2011-06-14,14,20,HOUSEHOLD
P06,HOUSEHOLD_1_176,2011-06-15,11,20,HOUSEHOLD
P06,HOUSEHOLD_1_176,2011-06-16,15,20,HOUSEHOLD
P06,HOUSEHOLD_1_176,2011-06-17,15,20,HOUSEHOLD
P06,HOUSEHOLD_1_176,2011-06-18,12,21,HOUSEHOLD
P06,HOUSEHOLD_1_176,2011-06-19,17,21,HOUSEHOLD
P06,HOUSEHOLD_1_176,2011-06-20,16,21,HOUSEHOLD
P06,HOUSEHOLD_1_176,2011-06-21,8,21,HOUSEHOLD
P06,HOUSEHOLD_1_176,2011-06-22,11,21,HOUSEHOLD
P06,HOUSEHOLD_1_176,2011-06-23,9,21,HOUSEHOLD
P06,HOUSEHOLD_1_176,2011-06-24,15,21,HOUSEHOLD
P06,HOUSEHOLD_1_176,2011-06-25,15,22,HOUSEHOLD
P06,HOUSEHOLD_1_176,2011-06-26,14,22,HOUSEHOLD
P06,HOUSEHOLD_1_176,2011-06-27,15,22,HOUSEHOLD
P06,HOUSEHOLD_1_176,2011-06-28,13,22,HOUSEHOLD
P06,HOUSEHOLD_1_176,2011-06-29,9,22,HOUSEHOLD
P06,HOUSEHOLD_1_176,2011-06-30,13,22,HOUSEHOLD
P06,HOUSEHOLD_1_176,2011-07-01,15,22,HOUSEHOLD
P06,HOUSEHOLD_1_176,2011-07-02,19,23,HOUSEHOLD
P06,HOUSEHOLD_1_176,2011-07-03,14,23,HOUSEHOLD
P06,HOUSEHOLD_1_176,2011-07-04,10,23,HOUSEHOLD
P06,HOUSEHOLD_1_176,2011-07-05,16,23,HOUSEHOLD
P06,HOUSEHOLD_1_176,2011-07-06,13,23,HOUSEHOLD
P06,HOUSEHOLD_1_176,2011-07-07,12,23,HOUSEHOLD
P06,HOUSEHOLD_1_176,2011-07-08,14,23,HOUSEHOLD
P06,HOUSEHOLD_1_176,2011-07-09,22,24,HOUSEHOLD
P06,HOUSEHOLD_1_176,2011-07-10,9,24,HOUSEHOLD
P06,HOUSEHOLD_1_176,2011-07-11,7,24,HOUSEHOLD
P06,HOUSEHOLD_1_176,2011-07-12,12,24,HOUSEHOLD
P06,HOUSEHOLD_1_176,2011-07-13,11,24,HOUSEHOLD
P06,HOUSEHOLD_1_176,2011-07-14,17,24,HOUSEHOLD
P06,HOUSEHOLD_1_176,2011-07-15,6,24,HOUSEHOLD
P06,HOUSEHOLD_1_176,2011-07-16,17,25,HOUSEHOLD
P06,HOUSEHOLD_1_176,2011-07-17,13,25,HOUSEHOLD
P06,HOUSEHOLD_1_176,2011-07-18,12,25,HOUSEHOLD
P06,HOUSEHOLD_1_176,2011-07-19,18,25,HOUSEHOLD
P06,HOUSEHOLD_1_176,2011-07-20,10,25,HOUSEHOLD
P06,HOUSEHOLD_1_176,2011-07-21,8,25,HOUSEHOLD
P06,HOUSEHOLD_1_176,2011-07-22,14,25,HOUSEHOLD
P06,HOUSEHOLD_1_176,2011-07-23,17,26,HOUSEHOLD
P06,HOUSEHOLD_1_176,2011-07-24,19,26,HOUSEHOLD
P06,HOUSEHOLD_1_176,2011-07-25,10,26,HOUSEHOLD
P06,HOUSEHOLD_1_176,2011-07-26,13,26,HOUSEHOLD
P06,HOUSEHOLD_1_176,2011-07-27,6,26,HOUSEHOLD
P06,HOUSEHOLD_1_176,2011-07-28,8,26,HOUSEHOLD
P06,HOUSEHOLD_1_176,2011-07-29,9,26,HOUSEHOLD
P06,HOUSEHOLD_1_176,2011-07-30,21,27,HOUSEHOLD
P06,HOUSEHOLD_1_176,2011-07-31,14,27,HOUSEHOLD
P06,HOUSEHOLD_1_176,2011-08-01,18,27,HOUSEHOLD
P06,HOUSEHOLD_1_176,2011-08-02,9,27,HOUSEHOLD
P06,HOUSEHOLD_1_176,2011-08-03,10,27,HOUSEHOLD
P06,HOUSEHOLD_1_176,2011-08-04,15,27,HOUSEHOLD
P06,HOUSEHOLD_1_176,2011-08-05,11,27,HOUSEHOLD
P06,HOUSEHOLD_1_176,2011-08-06,19,28,HOUSEHOLD
P06,HOUSEHOLD_1_176,2011-08-07,17,28,HOUSEHOLD
P06,HOUSEHOLD_1_176,2011-08-08,14,28,HOUSEHOLD
P06,HOUSEHOLD_1_176,2011-08-09,8,28,HOUSEHOLD
P06,HOUSEHOLD_1_176,2011-08-10,10,28,HOUSEHOLD
P06,HOUSEHOLD_1_176,2011-08-11,9,28,HOUSEHOLD
P06,HOUSEHOLD_1_176,2011-08-12,11,28,HOUSEHOLD
P06,HOUSEHOLD_1_176,2011-08-13,14,29,HOUSEHOLD
P06,HOUSEHOLD_1_176,2011-08-14,16,29,HOUSEHOLD
P06,HOUSEHOLD_1_176,2011-08-15,11,29,HOUSEHOLD
P06,HOUSEHOLD_1_176,2011-08-16,19,29,HOUSEHOLD
P06,HOUSEHOLD_1_176,2011-08-17,13,29,HOUSEHOLD
P06,HOUSEHOLD_1_176,2011-08-18,14,29,HOUSEHOLD
P06,HOUSEHOLD_1_176,2011-08-19,14,29,HOUSEHOLD
P06,HOUSEHOLD_1_176,2011-08-20,16,30,HOUSEHOLD
P06,HOUSEHOLD_1_176,2011-08-21,18,30,HOUSEHOLD
P06,HOUSEHOLD_1_176,2011-08-22,10,30,HOUSEHOLD
P06,HOUSEHOLD_1_176,2011-08-23,11,30,HOUSEHOLD
P06,HOUSEHOLD_1_176,2011-08-24,6,30,HOUSEHOLD
P06,HOUSEHOLD_1_176,2011-08-25,16,30,HOUSEHOLD
P06,HOUSEHOLD_1_176,2011-08-26,17,30,HOUSEHOLD
P06,HOUSEHOLD_1_176,2011-08-27,18,31,HOUSEHOLD
P06,HOUSEHOLD_1_176,2011-08-28,22,31,HOUSEHOLD
P06,HOUSEHOLD_1_176,2011-08-29,10,31,HOUSEHOLD
P06,HOUSEHOLD_1_176,2011-08-30,15,31,HOUSEHOLD
P06,HOUSEHOLD_1_176,2011-08-31,10,31,HOUSEHOLD
P06,HOUSEHOLD_1_176,2011-09-01,5,31,HOUSEHOLD
P06,HOUSEHOLD_1_176,2011-09-02,19,31,HOUSEHOLD
P06,HOUSEHOLD_1_176,2011-09-03,22,32,HOUSEHOLD
P06,HOUSEHOLD_1_176,2011-09-04,14,32,HOUSEHOLD
P06,HOUSEHOLD_1_176,2011-09-05,12,32,HOUSEHOLD
P06,HOUSEHOLD_1_176,2011-09-06,16,32,HOUSEHOLD
P06,HOUSEHOLD_1_176,2011-09-07,9,32,HOUSEHOLD
P06,HOUSEHOLD_1_176,2011-09-08,9,32,HOUSEHOLD
P06,HOUSEHOLD_1_176,2011-09-09,8,32,HOUSEHOLD
P06,HOUSEHOLD_1_176,2011-09-10,10,33,HOUSEHOLD
P06,HOUSEHOLD_1_176,2011-09-11,18,33,HOUSEHOLD
P06,HOUSEHOLD_1_176,2011-09-12,18,33,HOUSEHOLD
P06,HOUSEHOLD_1_176,2011-09-13,10,33,HOUSEHOLD
P06,HOUSEHOLD_1_176,2011-09-14,7,33,HOUSEHOLD
P06,HOUSEHOLD_1_176,2011-09-15,14,33,HOUSEHOLD
P06,HOUSEHOLD_1_176,2011-09-16,17,33,HOUSEHOLD
P06,HOUSEHOLD_1_176,2011-09-17,17,34,HOUSEHOLD
P06,HOUSEHOLD_1_176,2011-09-18,16,34,HOUSEHOLD
P06,HOUSEHOLD_1_176,2011-09-19,8,34,HOUSEHOLD
P06,HOUSEHOLD_1_176,2011-09-20,9,34,HOUSEHOLD
P06,HOUSEHOLD_1_176,2011-09-21,8,34,HOUSEHOLD
P06,HOUSEHOLD_1_176,2011-09-22,16,34,HOUSEHOLD
P06,HOUSEHOLD_1_176,2011-09-23,11,34,HOUSEHOLD
P06,HOUSEHOLD_1_176,2011-09-24,22,35,HOUSEHOLD
P06,HOUSEHOLD_1_176,2011-09-25,22,35,HOUSEHOLD
P06,HOUSEHOLD_1_176,2011-09-26,11,35,HOUSEHOLD
P06,HOUSEHOLD_1_176,2011-09-27,10,35,HOUSEHOLD
P06,HOUSEHOLD_1_176,2011-09-28,6,35,HOUSEHOLD
P06,HOUSEHOLD_1_176,2011-09-29,7,35,HOUSEHOLD
P06,HOUSEHOLD_1_176,2011-09-30,11,35,HOUSEHOLD
P06,HOUSEHOLD_1_176,2011-10-01,18,36,HOUSEHOLD
P06,HOUSEHOLD_1_176,2011-10-02,20,36,HOUSEHOLD
P06,HOUSEHOLD_1_176,2011-10-03,13,36,HOUSEHOLD
P06,HOUSEHOLD_1_176,2011-10-04,13,36,HOUSEHOLD
P06,HOUSEHOLD_1_176,2011-10-05,12,36,HOUSEHOLD
P06,HOUSEHOLD_1_176,2011-10-06,7,36,HOUSEHOLD
P06,HOUSEHOLD_1_176,2011-10-07,11,36,HOUSEHOLD
P06,HOUSEHOLD_1_176,2011-10-08,13,37,HOUSEHOLD
P06,HOUSEHOLD_1_176,2011-10-09,14,37,HOUSEHOLD
P06,HOUSEHOLD_1_176,2011-10-10,11,37,HOUSEHOLD
P06,HOUSEHOLD_1_176,2011-10-11,9,37,HOUSEHOLD
P06,HOUSEHOLD_1_176,2011-10-12,10,37,HOUSEHOLD
P06,HOUSEHOLD_1_176,2011-10-13,11,37,HOUSEHOLD
P06,HOUSEHOLD_1_176,2011-10-14,6,37,HOUSEHOLD
P06,HOUSEHOLD_1_176,2011-10-15,20,38,HOUSEHOLD
P06,HOUSEHOLD_1_176,2011-10-16,14,38,HOUSEHOLD
P06,HOUSEHOLD_1_176,2011-10-17,6,38,HOUSEHOLD
P06,HOUSEHOLD_1_176,2011-10-18,8,38,HOUSEHOLD
P06,HOUSEHOLD_1_176,2011-10-19,9,38,HOUSEHOLD
P06,HOUSEHOLD_1_176,2011-10-20,15,38,HOUSEHOLD
P06,HOUSEHOLD_1_176,2011-10-21,16,38,HOUSEHOLD
P06,HOUSEHOLD_1_176,2011-10-22,26,39,HOUSEHOLD
P06,HOUSEHOLD_1_176,2011-10-23,11,39,HOUSEHOLD
P06,HOUSEHOLD_1_176,2011-10-24,8,39,HOUSEHOLD
P06,HOUSEHOLD_1_176,2011-10-25,13,39,HOUSEHOLD
P06,HOUSEHOLD_1_176,2011-10-26,16,39,HOUSEHOLD
P06,HOUSEHOLD_1_176,2011-10-27,11,39,HOUSEHOLD
P06,HOUSEHOLD_1_176,2011-10-28,7,39,HOUSEHOLD
P06,HOUSEHOLD_1_176,2011-10-29,20,40,HOUSEHOLD
P06,HOUSEHOLD_1_176,2011-10-30,10,40,HOUSEHOLD
P06,HOUSEHOLD_1_176,2011-10-31,13,40,HOUSEHOLD
P06,HOUSEHOLD_1_176,2011-11-01,10,40,HOUSEHOLD
P06,HOUSEHOLD_1_176,2011-11-02,13,40,HOUSEHOLD
P06,HOUSEHOLD_1_176,2011-11-03,14,40,HOUSEHOLD
P06,HOUSEHOLD_1_176,2011-11-04,14,40,HOUSEHOLD
P06,HOUSEHOLD_1_176,2011-11-05,17,41,HOUSEHOLD
P06,HOUSEHOLD_1_176,2011-11-06,15,41,HOUSEHOLD
P06,HOUSEHOLD_1_176,2011-11-07,15,41,HOUSEHOLD
P06,HOUSEHOLD_1_176,2011-11-08,8,41,HOUSEHOLD
P06,HOUSEHOLD_1_176,2011-11-09,7,41,HOUSEHOLD
P06,HOUSEHOLD_1_176,2011-11-10,9,41,HOUSEHOLD
P06,HOUSEHOLD_1_176,2011-11-11,14,41,HOUSEHOLD
P06,HOUSEHOLD_1_176,2011-11-12,11,42,HOUSEHOLD
P06,HOUSEHOLD_1_176,2011-11-13,8,42,HOUSEHOLD
P06,HOUSEHOLD_1_176,2011-11-14,9,42,HOUSEHOLD
P06,HOUSEHOLD_1_176,2011-11-15,7,42,HOUSEHOLD
P06,HOUSEHOLD_1_176,2011-11-16,8,42,HOUSEHOLD
P06,HOUSEHOLD_1_176,2011-11-17,11,42,HOUSEHOLD
P06,HOUSEHOLD_1_176,2011-11-18,15,42,HOUSEHOLD
P06,HOUSEHOLD_1_176,2011-11-19,16,43,HOUSEHOLD
P06,HOUSEHOLD_1_176,2011-11-20,17,43,HOUSEHOLD
P06,HOUSEHOLD_1_176,2011-11-21,10,43,HOUSEHOLD
P06,HOUSEHOLD_1_176,2011-11-22,13,43,HOUSEHOLD
P06,HOUSEHOLD_1_176,2011-11-23,8,43,HOUSEHOLD
P06,HOUSEHOLD_1_176,2011-11-24,6,43,HOUSEHOLD
P06,HOUSEHOLD_1_176,2011-11-25,8,43,HOUSEHOLD
P06,HOUSEHOLD_1_176,2011-11-26,12,44,HOUSEHOLD
P06,HOUSEHOLD_1_176,2011-11-27,15,44,HOUSEHOLD
P06,HOUSEHOLD_1_176,2011-11-28,7,44,HOUSEHOLD
P06,HOUSEHOLD_1_176,2011-11-29,8,44,HOUSEHOLD
P06,HOUSEHOLD_1_176,2011-11-30,5,44,HOUSEHOLD
P06,HOUSEHOLD_1_176,2011-12-01,4,44,HOUSEHOLD
P06,HOUSEHOLD_1_176,2011-12-02,10,44,HOUSEHOLD
P06,HOUSEHOLD_1_176,2011-12-03,12,45,HOUSEHOLD
P06,HOUSEHOLD_1_176,2011-12-04,10,45,HOUSEHOLD
P06,HOUSEHOLD_1_176,2011-12-05,12,45,HOUSEHOLD
P06,HOUSEHOLD_1_176,2011-12-06,13,45,HOUSEHOLD
P06,HOUSEHOLD_1_176,2011-12-07,5,45,HOUSEHOLD
P06,HOUSEHOLD_1_176,2011-12-08,14,45,HOUSEHOLD
P06,HOUSEHOLD_1_176,2011-12-09,7,45,HOUSEHOLD
P06,HOUSEHOLD_1_176,2011-12-10,19,46,HOUSEHOLD
P06,HOUSEHOLD_1_176,2011-12-11,10,46,HOUSEHOLD
P06,HOUSEHOLD_1_176,2011-12-12,16,46,HOUSEHOLD
P06,HOUSEHOLD_1_176,2011-12-13,12,46,HOUSEHOLD
P06,HOUSEHOLD_1_176,2011-12-14,5,46,HOUSEHOLD
P06,HOUSEHOLD_1_176,2011-12-15,9,46,HOUSEHOLD
P06,HOUSEHOLD_1_176,2011-12-16,13,46,HOUSEHOLD
P06,HOUSEHOLD_1_176,2011-12-17,10,47,HOUSEHOLD
P06,HOUSEHOLD_1_176,2011-12-18,15,47,HOUSEHOLD
P06,HOUSEHOLD_1_176,2011-12-19,7,47,HOUSEHOLD
P06,HOUSEHOLD_1_176,2011-12-20,15,47,HOUSEHOLD
P06,HOUSEHOLD_1_176,2011-12-21,6,47,HOUSEHOLD
P06,HOUSEHOLD_1_176,2011-12-22,7,47,HOUSEHOLD
P06,HOUSEHOLD_1_176,2011-12-23,13,47,HOUSEHOLD
P06,HOUSEHOLD_1_176,2011-12-24,9,48,HOUSEHOLD
P06,HOUSEHOLD_1_176,2011-12-25,0,48,HOUSEHOLD
P06,HOUSEHOLD_1_176,2011-12-26,6,48,HOUSEHOLD
P06,HOUSEHOLD_1_176,2011-12-27,13,48,HOUSEHOLD
P06,HOUSEHOLD_1_176,2011-12-28,11,48,HOUSEHOLD
P06,HOUSEHOLD_1_176,2011-12-29,17,48,HOUSEHOLD
P06,HOUSEHOLD_1_176,2011-12-30,9,48,HOUSEHOLD
P06,HOUSEHOLD_1_176,2011-12-31,14,49,HOUSEHOLD
P06,HOUSEHOLD_1_176,2012-01-01,6,49,HOUSEHOLD
P06,HOUSEHOLD_1_176,2012-01-02,7,49,HOUSEHOLD
P06,HOUSEHOLD_1_176,2012-01-03,11,49,HOUSEHOLD
P06,HOUSEHOLD_1_176,2012-01-04,8,49,HOUSEHOLD
P06,HOUSEHOLD_1_176,2012-01-05,7,49,HOUSEHOLD
P06,HOUSEHOLD_1_176,2012-01-06,8,49,HOUSEHOLD
P06,HOUSEHOLD_1_176,2012-01-07,13,50,HOUSEHOLD
P06,HOUSEHOLD_1_176,2012-01-08,17,50,HOUSEHOLD
P06,HOUSEHOLD_1_176,2012-01-09,7,50,HOUSEHOLD
P06,HOUSEHOLD_1_176,2012-01-10,9,50,HOUSEHOLD
P06,HOUSEHOLD_1_176,2012-01-11,10,50,HOUSEHOLD
P06,HOUSEHOLD_1_176,2012-01-12,8,50,HOUSEHOLD
P06,HOUSEHOLD_1_176,2012-01-13,14,50,HOUSEHOLD
P06,HOUSEHOLD_1_176,2012-01-14,17,51,HOUSEHOLD
P06,HOUSEHOLD_1_176,2012-01-15,17,51,HOUSEHOLD
P06,HOUSEHOLD_1_176,2012-01-16,16,51,HOUSEHOLD
P06,HOUSEHOLD_1_176,2012-01-17,13,51,HOUSEHOLD
P06,HOUSEHOLD_1_176,2012-01-18,10,51,HOUSEHOLD
P06,HOUSEHOLD_1_176,2012-01-19,8,51,HOUSEHOLD
P06,HOUSEHOLD_1_176,2012-01-20,12,51,HOUSEHOLD
P06,HOUSEHOLD_1_176,2012-01-21,13,52,HOUSEHOLD
P06,HOUSEHOLD_1_176,2012-01-22,18,52,HOUSEHOLD
P06,HOUSEHOLD_1_176,2012-01-23,10,52,HOUSEHOLD
P06,HOUSEHOLD_1_176,2012-01-24,7,52,HOUSEHOLD
P06,HOUSEHOLD_1_176,2012-01-25,7,52,HOUSEHOLD
P06,HOUSEHOLD_1_176,2012-01-26,10,52,HOUSEHOLD
P06,HOUSEHOLD_1_176,2012-01-27,6,52,HOUSEHOLD
P06,HOUSEHOLD_1_176,2012-01-28,12,53,HOUSEHOLD
P06,HOUSEHOLD_1_176,2012-01-29,10,53,HOUSEHOLD
P06,HOUSEHOLD_1_176,2012-01-30,12,53,HOUSEHOLD
P06,HOUSEHOLD_1_176,2012-01-31,11,53,HOUSEHOLD
P06,HOUSEHOLD_1_176,2012-02-01,5,53,HOUSEHOLD
P06,HOUSEHOLD_1_176,2012-02-02,5,53,HOUSEHOLD
P06,HOUSEHOLD_1_176,2012-02-03,5,53,HOUSEHOLD
P06,HOUSEHOLD_1_176,2012-02-04,4,54,HOUSEHOLD
P06,HOUSEHOLD_1_176,2012-02-05,7,54,HOUSEHOLD
P06,HOUSEHOLD_1_176,2012-02-06,3,54,HOUSEHOLD
P06,HOUSEHOLD_1_176,2012-02-07,3,54,HOUSEHOLD
P06,HOUSEHOLD_1_176,2012-02-08,3,54,HOUSEHOLD
P06,HOUSEHOLD_1_176,2012-02-09,3,54,HOUSEHOLD
P06,HOUSEHOLD_1_176,2012-02-10,4,54,HOUSEHOLD
P06,HOUSEHOLD_1_176,2012-02-11,18,55,HOUSEHOLD
P06,HOUSEHOLD_1_176,2012-02-12,9,55,HOUSEHOLD
P06,HOUSEHOLD_1_176,2012-02-13,7,55,HOUSEHOLD
P06,HOUSEHOLD_1_176,2012-02-14,5,55,HOUSEHOLD
P06,HOUSEHOLD_1_176,2012-02-15,3,55,HOUSEHOLD
P06,HOUSEHOLD_1_176,2012-02-16,7,55,HOUSEHOLD
P06,HOUSEHOLD_1_176,2012-02-17,7,55,HOUSEHOLD
P06,HOUSEHOLD_1_176,2012-02-18,18,56,HOUSEHOLD
P06,HOUSEHOLD_1_176,2012-02-19,19,56,HOUSEHOLD
P06,HOUSEHOLD_1_176,2012-02-20,6,56,HOUSEHOLD
P06,HOUSEHOLD_1_176,2012-02-21,8,56,HOUSEHOLD
P06,HOUSEHOLD_1_176,2012-02-22,1,56,HOUSEHOLD
P06,HOUSEHOLD_1_176,2012-02-23,5,56,HOUSEHOLD
P06,HOUSEHOLD_1_176,2012-02-24,9,56,HOUSEHOLD
P06,HOUSEHOLD_1_176,2012-02-25,9,57,HOUSEHOLD
P06,HOUSEHOLD_1_176,2012-02-26,12,57,HOUSEHOLD
P06,HOUSEHOLD_1_176,2012-02-27,11,57,HOUSEHOLD
P06,HOUSEHOLD_1_176,2012-02-28,8,57,HOUSEHOLD
P06,HOUSEHOLD_1_176,2012-02-29,3,57,HOUSEHOLD
P06,HOUSEHOLD_1_176,2012-03-01,9,57,HOUSEHOLD
P06,HOUSEHOLD_1_176,2012-03-02,9,57,HOUSEHOLD
P06,HOUSEHOLD_1_176,2012-03-03,13,58,HOUSEHOLD
P06,HOUSEHOLD_1_176,2012-03-04,17,58,HOUSEHOLD
P06,HOUSEHOLD_1_176,2012-03-05,11,58,HOUSEHOLD
P06,HOUSEHOLD_1_176,2012-03-06,8,58,HOUSEHOLD
P06,HOUSEHOLD_1_176,2012-03-07,4,58,HOUSEHOLD
P06,HOUSEHOLD_1_176,2012-03-08,7,58,HOUSEHOLD
P06,HOUSEHOLD_1_176,2012-03-09,18,58,HOUSEHOLD
P06,HOUSEHOLD_1_176,2012-03-10,13,59,HOUSEHOLD
P06,HOUSEHOLD_1_176,2012-03-11,12,59,HOUSEHOLD
P06,HOUSEHOLD_1_176,2012-03-12,3,59,HOUSEHOLD
P06,HOUSEHOLD_1_176,2012-03-13,6,59,HOUSEHOLD
P06,HOUSEHOLD_1_176,2012-03-14,8,59,HOUSEHOLD
P06,HOUSEHOLD_1_176,2012-03-15,3,59,HOUSEHOLD
P06,HOUSEHOLD_1_176,2012-03-16,8,59,HOUSEHOLD
P06,HOUSEHOLD_1_176,2012-03-17,6,60,HOUSEHOLD
P06,HOUSEHOLD_1_176,2012-03-18,7,60,HOUSEHOLD
P06,HOUSEHOLD_1_176,2012-03-19,5,60,HOUSEHOLD
P06,HOUSEHOLD_1_176,2012-03-20,0,60,HOUSEHOLD
P06,HOUSEHOLD_1_176,2012-03-21,7,60,HOUSEHOLD
P06,HOUSEHOLD_1_176,2012-03-22,8,60,HOUSEHOLD
P06,HOUSEHOLD_1_176,2012-03-23,7,60,HOUSEHOLD
P06,HOUSEHOLD_1_176,2012-03-24,12,61,HOUSEHOLD
P06,HOUSEHOLD_1_176,2012-03-25,14,61,HOUSEHOLD
P06,HOUSEHOLD_1_176,2012-03-26,6,61,HOUSEHOLD
P06,HOUSEHOLD_1_176,2012-03-27,7,61,HOUSEHOLD
P06,HOUSEHOLD_1_176,2012-03-28,7,61,HOUSEHOLD
P06,HOUSEHOLD_1_176,2012-03-29,5,61,HOUSEHOLD
P06,HOUSEHOLD_1_176,2012-03-30,4,61,HOUSEHOLD
P06,HOUSEHOLD_1_176,2012-03-31,11,62,HOUSEHOLD
P06,HOUSEHOLD_1_176,2012-04-01,7,62,HOUSEHOLD
P06,HOUSEHOLD_1_176,2012-04-02,8,62,HOUSEHOLD
P06,HOUSEHOLD_1_176,2012-04-03,7,62,HOUSEHOLD
P06,HOUSEHOLD_1_176,2012-04-04,8,62,HOUSEHOLD
P06,HOUSEHOLD_1_176,2012-04-05,7,62,HOUSEHOLD
P06,HOUSEHOLD_1_176,2012-04-06,6,62,HOUSEHOLD
P06,HOUSEHOLD_1_176,2012-04-07,8,63,HOUSEHOLD
P06,HOUSEHOLD_1_176,2012-04-08,6,63,HOUSEHOLD
P06,HOUSEHOLD_1_176,2012-04-09,2,63,HOUSEHOLD
P06,HOUSEHOLD_1_176,2012-04-10,9,63,HOUSEHOLD
P06,HOUSEHOLD_1_176,2012-04-11,9,63,HOUSEHOLD
P06,HOUSEHOLD_1_176,2012-04-12,9,63,HOUSEHOLD
P06,HOUSEHOLD_1_176,2012-04-13,6,63,HOUSEHOLD
P06,HOUSEHOLD_1_176,2012-04-14,5,64,HOUSEHOLD
P06,HOUSEHOLD_1_176,2012-04-15,13,64,HOUSEHOLD
P06,HOUSEHOLD_1_176,2012-04-16,7,64,HOUSEHOLD
P06,HOUSEHOLD_1_176,2012-04-17,8,64,HOUSEHOLD
P06,HOUSEHOLD_1_176,2012-04-18,3,64,HOUSEHOLD
P06,HOUSEHOLD_1_176,2012-04-19,3,64,HOUSEHOLD
P06,HOUSEHOLD_1_176,2012-04-20,8,64,HOUSEHOLD
P06,HOUSEHOLD_1_176,2012-04-21,11,65,HOUSEHOLD
P06,HOUSEHOLD_1_176,2012-04-22,13,65,HOUSEHOLD
P06,HOUSEHOLD_1_176,2012-04-23,4,65,HOUSEHOLD
P06,HOUSEHOLD_1_176,2012-04-24,6,65,HOUSEHOLD
P06,HOUSEHOLD_1_176,2012-04-25,9,65,HOUSEHOLD
P06,HOUSEHOLD_1_176,2012-04-26,2,65,HOUSEHOLD
P06,HOUSEHOLD_1_176,2012-04-27,7,65,HOUSEHOLD
P06,HOUSEHOLD_1_176,2012-04-28,15,66,HOUSEHOLD
P06,HOUSEHOLD_1_176,2012-04-29,7,66,HOUSEHOLD
P06,HOUSEHOLD_1_176,2012-04-30,4,66,HOUSEHOLD
P06,HOUSEHOLD_1_176,2012-05-01,5,66,HOUSEHOLD
P06,HOUSEHOLD_1_176,2012-05-02,3,66,HOUSEHOLD
P06,HOUSEHOLD_1_176,2012-05-03,7,66,HOUSEHOLD
P06,HOUSEHOLD_1_176,2012-05-04,13,66,HOUSEHOLD
P06,HOUSEHOLD_1_176,2012-05-05,10,67,HOUSEHOLD
P06,HOUSEHOLD_1_176,2012-05-06,9,67,HOUSEHOLD
P06,HOUSEHOLD_1_176,2012-05-07,5,67,HOUSEHOLD
P06,HOUSEHOLD_1_176,2012-05-08,3,67,HOUSEHOLD
P06,HOUSEHOLD_1_176,2012-05-09,9,67,HOUSEHOLD
P06,HOUSEHOLD_1_176,2012-05-10,5,67,HOUSEHOLD
P06,HOUSEHOLD_1_176,2012-05-11,5,67,HOUSEHOLD
P06,HOUSEHOLD_1_176,2012-05-12,9,68,HOUSEHOLD
P06,HOUSEHOLD_1_176,2012-05-13,19,68,HOUSEHOLD
P06,HOUSEHOLD_1_176,2012-05-14,5,68,HOUSEHOLD
P06,HOUSEHOLD_1_176,2012-05-15,1,68,HOUSEHOLD
P06,HOUSEHOLD_1_176,2012-05-16,3,68,HOUSEHOLD
P06,HOUSEHOLD_1_176,2012-05-17,3,68,HOUSEHOLD
P06,HOUSEHOLD_1_176,2012-05-18,9,68,HOUSEHOLD
P06,HOUSEHOLD_1_176,2012-05-19,14,69,HOUSEHOLD
P06,HOUSEHOLD_1_176,2012-05-20,7,69,HOUSEHOLD
P06,HOUSEHOLD_1_176,2012-05-21,14,69,HOUSEHOLD
P06,HOUSEHOLD_1_176,2012-05-22,4,69,HOUSEHOLD
P06,HOUSEHOLD_1_176,2012-05-23,9,69,HOUSEHOLD
P06,HOUSEHOLD_1_176,2012-05-24,2,69,HOUSEHOLD
P06,HOUSEHOLD_1_176,2012-05-25,8,69,HOUSEHOLD
P06,HOUSEHOLD_1_176,2012-05-26,12,70,HOUSEHOLD
P06,HOUSEHOLD_1_176,2012-05-27,12,70,HOUSEHOLD
P06,HOUSEHOLD_1_176,2012-05-28,5,70,HOUSEHOLD
P06,HOUSEHOLD_1_176,2012-05-29,7,70,HOUSEHOLD
P06,HOUSEHOLD_1_176,2012-05-30,6,70,HOUSEHOLD
P06,HOUSEHOLD_1_176,2012-05-31,5,70,HOUSEHOLD
P06,HOUSEHOLD_1_176,2012-06-01,5,70,HOUSEHOLD
P06,HOUSEHOLD_1_176,2012-06-02,17,71,HOUSEHOLD
P06,HOUSEHOLD_1_176,2012-06-03,12,71,HOUSEHOLD
P06,HOUSEHOLD_1_176,2012-06-04,7,71,HOUSEHOLD
P06,HOUSEHOLD_1_176,2012-06-05,5,71,HOUSEHOLD
P06,HOUSEHOLD_1_176,2012-06-06,8,71,HOUSEHOLD
P06,HOUSEHOLD_1_176,2012-06-07,5,71,HOUSEHOLD
P06,HOUSEHOLD_1_176,2012-06-08,10,71,HOUSEHOLD
P06,HOUSEHOLD_1_176,2012-06-09,7,72,HOUSEHOLD
P06,HOUSEHOLD_1_176,2012-06-10,11,72,HOUSEHOLD
P06,HOUSEHOLD_1_176,2012-06-11,6,72,HOUSEHOLD
P06,HOUSEHOLD_1_176,2012-06-12,8,72,HOUSEHOLD
P06,HOUSEHOLD_1_176,2012-06-13,9,72,HOUSEHOLD
P06,HOUSEHOLD_1_176,2012-06-14,6,72,HOUSEHOLD
P06,HOUSEHOLD_1_176,2012-06-15,9,72,HOUSEHOLD
P06,HOUSEHOLD_1_176,2012-06-16,11,73,HOUSEHOLD
P06,HOUSEHOLD_1_176,2012-06-17,14,73,HOUSEHOLD
P06,HOUSEHOLD_1_176,2012-06-18,13,73,HOUSEHOLD
P06,HOUSEHOLD_1_176,2012-06-19,4,73,HOUSEHOLD
P06,HOUSEHOLD_1_176,2012-06-20,9,73,HOUSEHOLD
P06,HOUSEHOLD_1_176,2012-06-21,13,73,HOUSEHOLD
P06,HOUSEHOLD_1_176,2012-06-22,9,73,HOUSEHOLD
P06,HOUSEHOLD_1_176,2012-06-23,5,74,HOUSEHOLD
P06,HOUSEHOLD_1_176,2012-06-24,7,74,HOUSEHOLD
P06,HOUSEHOLD_1_176,2012-06-25,9,74,HOUSEHOLD
P06,HOUSEHOLD_1_176,2012-06-26,2,74,HOUSEHOLD
P06,HOUSEHOLD_1_176,2012-06-27,6,74,HOUSEHOLD
P06,HOUSEHOLD_1_176,2012-06-28,5,74,HOUSEHOLD
P06,HOUSEHOLD_1_176,2012-06-29,11,74,HOUSEHOLD
P06,HOUSEHOLD_1_176,2012-06-30,11,75,HOUSEHOLD
P06,HOUSEHOLD_1_176,2012-07-01,7,75,HOUSEHOLD
P06,HOUSEHOLD_1_176,2012-07-02,5,75,HOUSEHOLD
P06,HOUSEHOLD_1_176,2012-07-03,9,75,HOUSEHOLD
P06,HOUSEHOLD_1_176,2012-07-04,4,75,HOUSEHOLD
P06,HOUSEHOLD_1_176,2012-07-05,11,75,HOUSEHOLD
P06,HOUSEHOLD_1_176,2012-07-06,11,75,HOUSEHOLD
P06,HOUSEHOLD_1_176,2012-07-07,7,76,HOUSEHOLD
P06,HOUSEHOLD_1_176,2012-07-08,5,76,HOUSEHOLD
P06,HOUSEHOLD_1_176,2012-07-09,8,76,HOUSEHOLD
P06,HOUSEHOLD_1_176,2012-07-10,6,76,HOUSEHOLD
P06,HOUSEHOLD_1_176,2012-07-11,8,76,HOUSEHOLD
P06,HOUSEHOLD_1_176,2012-07-12,9,76,HOUSEHOLD
P06,HOUSEHOLD_1_176,2012-07-13,12,76,HOUSEHOLD
P06,HOUSEHOLD_1_176,2012-07-14,8,77,HOUSEHOLD
P06,HOUSEHOLD_1_176,2012-07-15,10,77,HOUSEHOLD
P06,HOUSEHOLD_1_176,2012-07-16,5,77,HOUSEHOLD
P06,HOUSEHOLD_1_176,2012-07-17,10,77,HOUSEHOLD
P06,HOUSEHOLD_1_176,2012-07-18,7,77,HOUSEHOLD
P06,HOUSEHOLD_1_176,2012-07-19,4,77,HOUSEHOLD
P06,HOUSEHOLD_1_176,2012-07-20,7,77,HOUSEHOLD
P06,HOUSEHOLD_1_176,2012-07-21,17,78,HOUSEHOLD
P06,HOUSEHOLD_1_176,2012-07-22,6,78,HOUSEHOLD
P06,HOUSEHOLD_1_176,2012-07-23,7,78,HOUSEHOLD
P06,HOUSEHOLD_1_176,2012-07-24,8,78,HOUSEHOLD
P06,HOUSEHOLD_1_176,2012-07-25,8,78,HOUSEHOLD
P06,HOUSEHOLD_1_176,2012-07-26,12,78,HOUSEHOLD
P06,HOUSEHOLD_1_176,2012-07-27,7,78,HOUSEHOLD
P06,HOUSEHOLD_1_176,2012-07-28,10,79,HOUSEHOLD
P06,HOUSEHOLD_1_176,2012-07-29,15,79,HOUSEHOLD
P06,HOUSEHOLD_1_176,2012-07-30,6,79,HOUSEHOLD
P06,HOUSEHOLD_1_176,2012-07-31,7,79,HOUSEHOLD
P06,HOUSEHOLD_1_176,2012-08-01,3,79,HOUSEHOLD
P06,HOUSEHOLD_1_176,2012-08-02,7,79,HOUSEHOLD
P06,HOUSEHOLD_1_176,2012-08-03,8,79,HOUSEHOLD
P06,HOUSEHOLD_1_176,2012-08-04,12,80,HOUSEHOLD
P06,HOUSEHOLD_1_176,2012-08-05,10,80,HOUSEHOLD
P06,HOUSEHOLD_1_176,2012-08-06,14,80,HOUSEHOLD
P06,HOUSEHOLD_1_176,2012-08-07,4,80,HOUSEHOLD
P06,HOUSEHOLD_1_176,2012-08-08,5,80,HOUSEHOLD
P06,HOUSEHOLD_1_176,2012-08-09,11,80,HOUSEHOLD
P06,HOUSEHOLD_1_176,2012-08-10,11,80,HOUSEHOLD
P06,HOUSEHOLD_1_176,2012-08-11,10,81,HOUSEHOLD
P06,HOUSEHOLD_1_176,2012-08-12,7,81,HOUSEHOLD
P06,HOUSEHOLD_1_176,2012-08-13,10,81,HOUSEHOLD
P06,HOUSEHOLD_1_176,2012-08-14,8,81,HOUSEHOLD
P06,HOUSEHOLD_1_176,2012-08-15,4,81,HOUSEHOLD
P06,HOUSEHOLD_1_176,2012-08-16,11,81,HOUSEHOLD
P06,HOUSEHOLD_1_176,2012-08-17,11,81,HOUSEHOLD
P06,HOUSEHOLD_1_176,2012-08-18,8,82,HOUSEHOLD
P06,HOUSEHOLD_1_176,2012-08-19,6,82,HOUSEHOLD
P06,HOUSEHOLD_1_176,2012-08-20,6,82,HOUSEHOLD
P06,HOUSEHOLD_1_176,2012-08-21,8,82,HOUSEHOLD
P06,HOUSEHOLD_1_176,2012-08-22,11,82,HOUSEHOLD
P06,HOUSEHOLD_1_176,2012-08-23,5,82,HOUSEHOLD
P06,HOUSEHOLD_1_176,2012-08-24,8,82,HOUSEHOLD
P06,HOUSEHOLD_1_176,2012-08-25,6,83,HOUSEHOLD
P06,HOUSEHOLD_1_176,2012-08-26,14,83,HOUSEHOLD
P06,HOUSEHOLD_1_176,2012-08-27,13,83,HOUSEHOLD
P06,HOUSEHOLD_1_176,2012-08-28,7,83,HOUSEHOLD
P06,HOUSEHOLD_1_176,2012-08-29,13,83,HOUSEHOLD
P06,HOUSEHOLD_1_176,2012-08-30,5,83,HOUSEHOLD
P06,HOUSEHOLD_1_176,2012-08-31,8,83,HOUSEHOLD
P06,HOUSEHOLD_1_176,2012-09-01,14,84,HOUSEHOLD
P06,HOUSEHOLD_1_176,2012-09-02,9,84,HOUSEHOLD
P06,HOUSEHOLD_1_176,2012-09-03,12,84,HOUSEHOLD
P06,HOUSEHOLD_1_176,2012-09-04,9,84,HOUSEHOLD
P06,HOUSEHOLD_1_176,2012-09-05,7,84,HOUSEHOLD
P06,HOUSEHOLD_1_176,2012-09-06,12,84,HOUSEHOLD
P06,HOUSEHOLD_1_176,2012-09-07,12,84,HOUSEHOLD
P06,HOUSEHOLD_1_176,2012-09-08,12,85,HOUSEHOLD
P06,HOUSEHOLD_1_176,2012-09-09,12,85,HOUSEHOLD
P06,HOUSEHOLD_1_176,2012-09-10,10,85,HOUSEHOLD
P06,HOUSEHOLD_1_176,2012-09-11,7,85,HOUSEHOLD
P06,HOUSEHOLD_1_176,2012-09-12,7,85,HOUSEHOLD
P06,HOUSEHOLD_1_176,2012-09-13,5,85,HOUSEHOLD
P06,HOUSEHOLD_1_176,2012-09-14,8,85,HOUSEHOLD
P06,HOUSEHOLD_1_176,2012-09-15,11,86,HOUSEHOLD
P06,HOUSEHOLD_1_176,2012-09-16,13,86,HOUSEHOLD
P06,HOUSEHOLD_1_176,2012-09-17,7,86,HOUSEHOLD
P06,HOUSEHOLD_1_176,2012-09-18,8,86,HOUSEHOLD
P06,HOUSEHOLD_1_176,2012-09-19,9,86,HOUSEHOLD
P06,HOUSEHOLD_1_176,2012-09-20,7,86,HOUSEHOLD
P06,HOUSEHOLD_1_176,2012-09-21,10,86,HOUSEHOLD
P06,HOUSEHOLD_1_176,2012-09-22,12,87,HOUSEHOLD
P06,HOUSEHOLD_1_176,2012-09-23,13,87,HOUSEHOLD
P06,HOUSEHOLD_1_176,2012-09-24,13,87,HOUSEHOLD
P06,HOUSEHOLD_1_176,2012-09-25,16,87,HOUSEHOLD
P06,HOUSEHOLD_1_176,2012-09-26,5,87,HOUSEHOLD
P06,HOUSEHOLD_1_176,2012-09-27,10,87,HOUSEHOLD
P06,HOUSEHOLD_1_176,2012-09-28,8,87,HOUSEHOLD
P06,HOUSEHOLD_1_176,2012-09-29,14,88,HOUSEHOLD
P06,HOUSEHOLD_1_176,2012-09-30,11,88,HOUSEHOLD
P06,HOUSEHOLD_1_176,2012-10-01,6,88,HOUSEHOLD
P06,HOUSEHOLD_1_176,2012-10-02,9,88,HOUSEHOLD
P06,HOUSEHOLD_1_176,2012-10-03,9,88,HOUSEHOLD
P06,HOUSEHOLD_1_176,2012-10-04,11,88,HOUSEHOLD
P06,HOUSEHOLD_1_176,2012-10-05,15,88,HOUSEHOLD
P06,HOUSEHOLD_1_176,2012-10-06,20,89,HOUSEHOLD
P06,HOUSEHOLD_1_176,2012-10-07,12,89,HOUSEHOLD
P06,HOUSEHOLD_1_176,2012-10-08,8,89,HOUSEHOLD
P06,HOUSEHOLD_1_176,2012-10-09,5,89,HOUSEHOLD
P06,HOUSEHOLD_1_176,2012-10-10,11,89,HOUSEHOLD
P06,HOUSEHOLD_1_176,2012-10-11,13,89,HOUSEHOLD
P06,HOUSEHOLD_1_176,2012-10-12,8,89,HOUSEHOLD
P06,HOUSEHOLD_1_176,2012-10-13,11,90,HOUSEHOLD
P06,HOUSEHOLD_1_176,2012-10-14,14,90,HOUSEHOLD
P06,HOUSEHOLD_1_176,2012-10-15,8,90,HOUSEHOLD
P06,HOUSEHOLD_1_176,2012-10-16,4,90,HOUSEHOLD
P06,HOUSEHOLD_1_176,2012-10-17,9,90,HOUSEHOLD
P06,HOUSEHOLD_1_176,2012-10-18,8,90,HOUSEHOLD
P06,HOUSEHOLD_1_176,2012-10-19,7,90,HOUSEHOLD
P06,HOUSEHOLD_1_176,2012-10-20,13,91,HOUSEHOLD
P06,HOUSEHOLD_1_176,2012-10-21,11,91,HOUSEHOLD
P06,HOUSEHOLD_1_176,2012-10-22,10,91,HOUSEHOLD
P06,HOUSEHOLD_1_176,2012-10-23,7,91,HOUSEHOLD
P06,HOUSEHOLD_1_176,2012-10-24,11,91,HOUSEHOLD
P06,HOUSEHOLD_1_176,2012-10-25,6,91,HOUSEHOLD
P06,HOUSEHOLD_1_176,2012-10-26,10,91,HOUSEHOLD
P06,HOUSEHOLD_1_176,2012-10-27,15,92,HOUSEHOLD
P06,HOUSEHOLD_1_176,2012-10-28,15,92,HOUSEHOLD
P06,HOUSEHOLD_1_176,2012-10-29,4,92,HOUSEHOLD
P06,HOUSEHOLD_1_176,2012-10-30,7,92,HOUSEHOLD
P06,HOUSEHOLD_1_176,2012-10-31,5,92,HOUSEHOLD
P06,HOUSEHOLD_1_176,2012-11-01,10,92,HOUSEHOLD
P06,HOUSEHOLD_1_176,2012-11-02,7,92,HOUSEHOLD
P06,HOUSEHOLD_1_176,2012-11-03,14,93,HOUSEHOLD
P06,HOUSEHOLD_1_176,2012-11-04,16,93,HOUSEHOLD
P06,HOUSEHOLD_1_176,2012-11-05,9,93,HOUSEHOLD
P06,HOUSEHOLD_1_176,2012-11-06,12,93,HOUSEHOLD
P06,HOUSEHOLD_1_176,2012-11-07,6,93,HOUSEHOLD
P06,HOUSEHOLD_1_176,2012-11-08,11,93,HOUSEHOLD
P06,HOUSEHOLD_1_176,2012-11-09,1,93,HOUSEHOLD
P06,HOUSEHOLD_1_176,2012-11-10,17,94,HOUSEHOLD
P06,HOUSEHOLD_1_176,2012-11-11,19,94,HOUSEHOLD
P06,HOUSEHOLD_1_176,2012-11-12,6,94,HOUSEHOLD
P06,HOUSEHOLD_1_176,2012-11-13,4,94,HOUSEHOLD
P06,HOUSEHOLD_1_176,2012-11-14,9,94,HOUSEHOLD
P06,HOUSEHOLD_1_176,2012-11-15,7,94,HOUSEHOLD
P06,HOUSEHOLD_1_176,2012-11-16,17,94,HOUSEHOLD
P06,HOUSEHOLD_1_176,2012-11-17,7,95,HOUSEHOLD
P06,HOUSEHOLD_1_176,2012-11-18,5,95,HOUSEHOLD
P06,HOUSEHOLD_1_176,2012-11-19,6,95,HOUSEHOLD
P06,HOUSEHOLD_1_176,2012-11-20,7,95,HOUSEHOLD
P06,HOUSEHOLD_1_176,2012-11-21,9,95,HOUSEHOLD
P06,HOUSEHOLD_1_176,2012-11-22,5,95,HOUSEHOLD
P06,HOUSEHOLD_1_176,2012-11-23,3,95,HOUSEHOLD
P06,HOUSEHOLD_1_176,2012-11-24,14,96,HOUSEHOLD
P06,HOUSEHOLD_1_176,2012-11-25,9,96,HOUSEHOLD
P06,HOUSEHOLD_1_176,2012-11-26,13,96,HOUSEHOLD
P06,HOUSEHOLD_1_176,2012-11-27,5,96,HOUSEHOLD
P06,HOUSEHOLD_1_176,2012-11-28,14,96,HOUSEHOLD
P06,HOUSEHOLD_1_176,2012-11-29,10,96,HOUSEHOLD
P06,HOUSEHOLD_1_176,2012-11-30,8,96,HOUSEHOLD
P06,HOUSEHOLD_1_176,2012-12-01,15,97,HOUSEHOLD
P06,HOUSEHOLD_1_176,2012-12-02,12,97,HOUSEHOLD
P06,HOUSEHOLD_1_176,2012-12-03,13,97,HOUSEHOLD
P06,HOUSEHOLD_1_176,2012-12-04,13,97,HOUSEHOLD
P06,HOUSEHOLD_1_176,2012-12-05,13,97,HOUSEHOLD
P06,HOUSEHOLD_1_176,2012-12-06,9,97,HOUSEHOLD
P06,HOUSEHOLD_1_176,2012-12-07,9,97,HOUSEHOLD
P06,HOUSEHOLD_1_176,2012-12-08,8,98,HOUSEHOLD
P06,HOUSEHOLD_1_176,2012-12-09,7,98,HOUSEHOLD
P06,HOUSEHOLD_1_176,2012-12-10,13,98,HOUSEHOLD
P06,HOUSEHOLD_1_176,2012-12-11,13,98,HOUSEHOLD
P06,HOUSEHOLD_1_176,2012-12-12,10,98,HOUSEHOLD
P06,HOUSEHOLD_1_176,2012-12-13,8,98,HOUSEHOLD
P06,HOUSEHOLD_1_176,2012-12-14,7,98,HOUSEHOLD
P06,HOUSEHOLD_1_176,2012-12-15,14,99,HOUSEHOLD
P06,HOUSEHOLD_1_176,2012-12-16,13,99,HOUSEHOLD
P06,HOUSEHOLD_1_176,2012-12-17,8,99,HOUSEHOLD
P06,HOUSEHOLD_1_176,2012-12-18,3,99,HOUSEHOLD
P06,HOUSEHOLD_1_176,2012-12-19,14,99,HOUSEHOLD
P06,HOUSEHOLD_1_176,2012-12-20,5,99,HOUSEHOLD
P06,HOUSEHOLD_1_176,2012-12-21,9,99,HOUSEHOLD
P06,HOUSEHOLD_1_176,2012-12-22,13,100,HOUSEHOLD
P06,HOUSEHOLD_1_176,2012-12-23,12,100,HOUSEHOLD
P06,HOUSEHOLD_1_176,2012-12-24,7,100,HOUSEHOLD
P06,HOUSEHOLD_1_176,2012-12-25,0,100,HOUSEHOLD
P06,HOUSEHOLD_1_176,2012-12-26,12,100,HOUSEHOLD
P06,HOUSEHOLD_1_176,2012-12-27,6,100,HOUSEHOLD
P06,HOUSEHOLD_1_176,2012-12-28,13,100,HOUSEHOLD
P06,HOUSEHOLD_1_176,2012-12-29,8,101,HOUSEHOLD
P06,HOUSEHOLD_1_176,2012-12-30,14,101,HOUSEHOLD
P06,HOUSEHOLD_1_176,2012-12-31,10,101,HOUSEHOLD
P06,HOUSEHOLD_1_176,2013-01-01,17,101,HOUSEHOLD
P06,HOUSEHOLD_1_176,2013-01-02,13,101,HOUSEHOLD
P06,HOUSEHOLD_1_176,2013-01-03,10,101,HOUSEHOLD
P06,HOUSEHOLD_1_176,2013-01-04,11,101,HOUSEHOLD
P06,HOUSEHOLD_1_176,2013-01-05,9,102,HOUSEHOLD
P06,HOUSEHOLD_1_176,2013-01-06,6,102,HOUSEHOLD
P06,HOUSEHOLD_1_176,2013-01-07,15,102,HOUSEHOLD
P06,HOUSEHOLD_1_176,2013-01-08,20,102,HOUSEHOLD
P06,HOUSEHOLD_1_176,2013-01-09,7,102,HOUSEHOLD
P06,HOUSEHOLD_1_176,2013-01-10,1,102,HOUSEHOLD
P06,HOUSEHOLD_1_176,2013-01-11,14,102,HOUSEHOLD
P06,HOUSEHOLD_1_176,2013-01-12,13,103,HOUSEHOLD
P06,HOUSEHOLD_1_176,2013-01-13,17,103,HOUSEHOLD
P06,HOUSEHOLD_1_176,2013-01-14,5,103,HOUSEHOLD
P06,HOUSEHOLD_1_176,2013-01-15,9,103,HOUSEHOLD
P06,HOUSEHOLD_1_176,2013-01-16,14,103,HOUSEHOLD
P06,HOUSEHOLD_1_176,2013-01-17,8,103,HOUSEHOLD
P06,HOUSEHOLD_1_176,2013-01-18,7,103,HOUSEHOLD
P06,HOUSEHOLD_1_176,2013-01-19,15,104,HOUSEHOLD
P06,HOUSEHOLD_1_176,2013-01-20,9,104,HOUSEHOLD
P06,HOUSEHOLD_1_176,2013-01-21,13,104,HOUSEHOLD
P06,HOUSEHOLD_1_176,2013-01-22,7,104,HOUSEHOLD
P06,HOUSEHOLD_1_176,2013-01-23,7,104,HOUSEHOLD
P06,HOUSEHOLD_1_176,2013-01-24,8,104,HOUSEHOLD
P06,HOUSEHOLD_1_176,2013-01-25,6,104,HOUSEHOLD
P06,HOUSEHOLD_1_176,2013-01-26,9,105,HOUSEHOLD
P06,HOUSEHOLD_1_176,2013-01-27,8,105,HOUSEHOLD
P06,HOUSEHOLD_1_176,2013-01-28,8,105,HOUSEHOLD
P06,HOUSEHOLD_1_176,2013-01-29,8,105,HOUSEHOLD
P06,HOUSEHOLD_1_176,2013-01-30,13,105,HOUSEHOLD
P06,HOUSEHOLD_1_176,2013-01-31,7,105,HOUSEHOLD
P06,HOUSEHOLD_1_176,2013-02-01,15,105,HOUSEHOLD
P06,HOUSEHOLD_1_176,2013-02-02,12,106,HOUSEHOLD
P06,HOUSEHOLD_1_176,2013-02-03,9,106,HOUSEHOLD
P06,HOUSEHOLD_1_176,2013-02-04,4,106,HOUSEHOLD
P06,HOUSEHOLD_1_176,2013-02-05,3,106,HOUSEHOLD
P06,HOUSEHOLD_1_176,2013-02-06,10,106,HOUSEHOLD
P06,HOUSEHOLD_1_176,2013-02-07,1,106,HOUSEHOLD
P06,HOUSEHOLD_1_176,2013-02-08,5,106,HOUSEHOLD
P06,HOUSEHOLD_1_176,2013-02-09,10,107,HOUSEHOLD
P06,HOUSEHOLD_1_176,2013-02-10,3,107,HOUSEHOLD
P06,HOUSEHOLD_1_176,2013-02-11,8,107,HOUSEHOLD
P06,HOUSEHOLD_1_176,2013-02-12,4,107,HOUSEHOLD
P06,HOUSEHOLD_1_176,2013-02-13,7,107,HOUSEHOLD
P06,HOUSEHOLD_1_176,2013-02-14,2,107,HOUSEHOLD
P06,HOUSEHOLD_1_176,2013-02-15,10,107,HOUSEHOLD
P06,HOUSEHOLD_1_176,2013-02-16,11,108,HOUSEHOLD
P06,HOUSEHOLD_1_176,2013-02-17,11,108,HOUSEHOLD
P06,HOUSEHOLD_1_176,2013-02-18,7,108,HOUSEHOLD
P06,HOUSEHOLD_1_176,2013-02-19,10,108,HOUSEHOLD
P06,HOUSEHOLD_1_176,2013-02-20,5,108,HOUSEHOLD
P06,HOUSEHOLD_1_176,2013-02-21,5,108,HOUSEHOLD
P06,HOUSEHOLD_1_176,2013-02-22,12,108,HOUSEHOLD
P06,HOUSEHOLD_1_176,2013-02-23,15,109,HOUSEHOLD
P06,HOUSEHOLD_1_176,2013-02-24,14,109,HOUSEHOLD
P06,HOUSEHOLD_1_176,2013-02-25,6,109,HOUSEHOLD
P06,HOUSEHOLD_1_176,2013-02-26,3,109,HOUSEHOLD
P06,HOUSEHOLD_1_176,2013-02-27,5,109,HOUSEHOLD
P06,HOUSEHOLD_1_176,2013-02-28,11,109,HOUSEHOLD
P06,HOUSEHOLD_1_176,2013-03-01,5,109,HOUSEHOLD
P06,HOUSEHOLD_1_176,2013-03-02,17,110,HOUSEHOLD
P06,HOUSEHOLD_1_176,2013-03-03,17,110,HOUSEHOLD
P06,HOUSEHOLD_1_176,2013-03-04,6,110,HOUSEHOLD
P06,HOUSEHOLD_1_176,2013-03-05,8,110,HOUSEHOLD
P06,HOUSEHOLD_1_176,2013-03-06,8,110,HOUSEHOLD
P06,HOUSEHOLD_1_176,2013-03-07,11,110,HOUSEHOLD
P06,HOUSEHOLD_1_176,2013-03-08,5,110,HOUSEHOLD
P06,HOUSEHOLD_1_176,2013-03-09,15,111,HOUSEHOLD
P06,HOUSEHOLD_1_176,2013-03-10,8,111,HOUSEHOLD
P06,HOUSEHOLD_1_176,2013-03-11,5,111,HOUSEHOLD
P06,HOUSEHOLD_1_176,2013-03-12,3,111,HOUSEHOLD
P06,HOUSEHOLD_1_176,2013-03-13,9,111,HOUSEHOLD
P06,HOUSEHOLD_1_176,2013-03-14,5,111,HOUSEHOLD
P06,HOUSEHOLD_1_176,2013-03-15,3,111,HOUSEHOLD
P06,HOUSEHOLD_1_176,2013-03-16,15,112,HOUSEHOLD
P06,HOUSEHOLD_1_176,2013-03-17,5,112,HOUSEHOLD
P06,HOUSEHOLD_1_176,2013-03-18,12,112,HOUSEHOLD
P06,HOUSEHOLD_1_176,2013-03-19,11,112,HOUSEHOLD
P06,HOUSEHOLD_1_176,2013-03-20,9,112,HOUSEHOLD
P06,HOUSEHOLD_1_176,2013-03-21,6,112,HOUSEHOLD
P06,HOUSEHOLD_1_176,2013-03-22,10,112,HOUSEHOLD
P06,HOUSEHOLD_1_176,2013-03-23,12,113,HOUSEHOLD
P06,HOUSEHOLD_1_176,2013-03-24,15,113,HOUSEHOLD
P06,HOUSEHOLD_1_176,2013-03-25,6,113,HOUSEHOLD
P06,HOUSEHOLD_1_176,2013-03-26,4,113,HOUSEHOLD
P06,HOUSEHOLD_1_176,2013-03-27,9,113,HOUSEHOLD
P06,HOUSEHOLD_1_176,2013-03-28,13,113,HOUSEHOLD
P06,HOUSEHOLD_1_176,2013-03-29,14,113,HOUSEHOLD
P06,HOUSEHOLD_1_176,2013-03-30,15,114,HOUSEHOLD
P06,HOUSEHOLD_1_176,2013-03-31,16,114,HOUSEHOLD
P06,HOUSEHOLD_1_176,2013-04-01,5,114,HOUSEHOLD
P06,HOUSEHOLD_1_176,2013-04-02,4,114,HOUSEHOLD
P06,HOUSEHOLD_1_176,2013-04-03,2,114,HOUSEHOLD
P06,HOUSEHOLD_1_176,2013-04-04,6,114,HOUSEHOLD
P06,HOUSEHOLD_1_176,2013-04-05,8,114,HOUSEHOLD
P06,HOUSEHOLD_1_176,2013-04-06,11,115,HOUSEHOLD
P06,HOUSEHOLD_1_176,2013-04-07,10,115,HOUSEHOLD
P06,HOUSEHOLD_1_176,2013-04-08,10,115,HOUSEHOLD
P06,HOUSEHOLD_1_176,2013-04-09,6,115,HOUSEHOLD
P06,HOUSEHOLD_1_176,2013-04-10,8,115,HOUSEHOLD
P06,HOUSEHOLD_1_176,2013-04-11,4,115,HOUSEHOLD
P06,HOUSEHOLD_1_176,2013-04-12,10,115,HOUSEHOLD
P06,HOUSEHOLD_1_176,2013-04-13,12,116,HOUSEHOLD
P06,HOUSEHOLD_1_176,2013-04-14,7,116,HOUSEHOLD
P06,HOUSEHOLD_1_176,2013-04-15,11,116,HOUSEHOLD
P06,HOUSEHOLD_1_176,2013-04-16,13,116,HOUSEHOLD
P06,HOUSEHOLD_1_176,2013-04-17,8,116,HOUSEHOLD
P06,HOUSEHOLD_1_176,2013-04-18,4,116,HOUSEHOLD
P06,HOUSEHOLD_1_176,2013-04-19,7,116,HOUSEHOLD
P06,HOUSEHOLD_1_176,2013-04-20,10,117,HOUSEHOLD
P06,HOUSEHOLD_1_176,2013-04-21,12,117,HOUSEHOLD
P06,HOUSEHOLD_1_176,2013-04-22,9,117,HOUSEHOLD
P06,HOUSEHOLD_1_176,2013-04-23,8,117,HOUSEHOLD
P06,HOUSEHOLD_1_176,2013-04-24,3,117,HOUSEHOLD
P06,HOUSEHOLD_1_176,2013-04-25,2,117,HOUSEHOLD
P06,HOUSEHOLD_1_176,2013-04-26,6,117,HOUSEHOLD
P06,HOUSEHOLD_1_176,2013-04-27,6,118,HOUSEHOLD
P06,HOUSEHOLD_1_176,2013-04-28,11,118,HOUSEHOLD
P06,HOUSEHOLD_1_176,2013-04-29,6,118,HOUSEHOLD
P06,HOUSEHOLD_1_176,2013-04-30,5,118,HOUSEHOLD
P06,HOUSEHOLD_1_176,2013-05-01,8,118,HOUSEHOLD
P06,HOUSEHOLD_1_176,2013-05-02,6,118,HOUSEHOLD
P06,HOUSEHOLD_1_176,2013-05-03,14,118,HOUSEHOLD
P06,HOUSEHOLD_1_176,2013-05-04,13,119,HOUSEHOLD
P06,HOUSEHOLD_1_176,2013-05-05,17,119,HOUSEHOLD
P06,HOUSEHOLD_1_176,2013-05-06,9,119,HOUSEHOLD
P06,HOUSEHOLD_1_176,2013-05-07,3,119,HOUSEHOLD
P06,HOUSEHOLD_1_176,2013-05-08,5,119,HOUSEHOLD
P06,HOUSEHOLD_1_176,2013-05-09,3,119,HOUSEHOLD
P06,HOUSEHOLD_1_176,2013-05-10,10,119,HOUSEHOLD
P06,HOUSEHOLD_1_176,2013-05-11,15,120,HOUSEHOLD
P06,HOUSEHOLD_1_176,2013-05-12,10,120,HOUSEHOLD
P06,HOUSEHOLD_1_176,2013-05-13,11,120,HOUSEHOLD
P06,HOUSEHOLD_1_176,2013-05-14,9,120,HOUSEHOLD
P06,HOUSEHOLD_1_176,2013-05-15,1,120,HOUSEHOLD
P06,HOUSEHOLD_1_176,2013-05-16,6,120,HOUSEHOLD
P06,HOUSEHOLD_1_176,2013-05-17,7,120,HOUSEHOLD
P06,HOUSEHOLD_1_176,2013-05-18,8,121,HOUSEHOLD
P06,HOUSEHOLD_1_176,2013-05-19,5,121,HOUSEHOLD
P06,HOUSEHOLD_1_176,2013-05-20,8,121,HOUSEHOLD
P06,HOUSEHOLD_1_176,2013-05-21,5,121,HOUSEHOLD
P06,HOUSEHOLD_1_176,2013-05-22,5,121,HOUSEHOLD
P06,HOUSEHOLD_1_176,2013-05-23,6,121,HOUSEHOLD
P06,HOUSEHOLD_1_176,2013-05-24,9,121,HOUSEHOLD
P06,HOUSEHOLD_1_176,2013-05-25,12,122,HOUSEHOLD
P06,HOUSEHOLD_1_176,2013-05-26,7,122,HOUSEHOLD
P06,HOUSEHOLD_1_176,2013-05-27,12,122,HOUSEHOLD
P06,HOUSEHOLD_1_176,2013-05-28,5,122,HOUSEHOLD
P06,HOUSEHOLD_1_176,2013-05-29,5,122,HOUSEHOLD
P06,HOUSEHOLD_1_176,2013-05-30,3,122,HOUSEHOLD
P06,HOUSEHOLD_1_176,2013-05-31,8,122,HOUSEHOLD
P06,HOUSEHOLD_1_176,2013-06-01,8,123,HOUSEHOLD
P06,HOUSEHOLD_1_176,2013-06-02,13,123,HOUSEHOLD
P06,HOUSEHOLD_1_176,2013-06-03,8,123,HOUSEHOLD
P06,HOUSEHOLD_1_176,2013-06-04,5,123,HOUSEHOLD
P06,HOUSEHOLD_1_176,2013-06-05,4,123,HOUSEHOLD
P06,HOUSEHOLD_1_176,2013-06-06,8,123,HOUSEHOLD
P06,HOUSEHOLD_1_176,2013-06-07,6,123,HOUSEHOLD
P06,HOUSEHOLD_1_176,2013-06-08,10,124,HOUSEHOLD
P06,HOUSEHOLD_1_176,2013-06-09,10,124,HOUSEHOLD
P06,HOUSEHOLD_1_176,2013-06-10,7,124,HOUSEHOLD
P06,HOUSEHOLD_1_176,2013-06-11,4,124,HOUSEHOLD
P06,HOUSEHOLD_1_176,2013-06-12,4,124,HOUSEHOLD
P06,HOUSEHOLD_1_176,2013-06-13,5,124,HOUSEHOLD
P06,HOUSEHOLD_1_176,2013-06-14,10,124,HOUSEHOLD
P06,HOUSEHOLD_1_176,2013-06-15,8,125,HOUSEHOLD
P06,HOUSEHOLD_1_176,2013-06-16,10,125,HOUSEHOLD
P06,HOUSEHOLD_1_176,2013-06-17,9,125,HOUSEHOLD
P06,HOUSEHOLD_1_176,2013-06-18,10,125,HOUSEHOLD
P06,HOUSEHOLD_1_176,2013-06-19,3,125,HOUSEHOLD
P06,HOUSEHOLD_1_176,2013-06-20,10,125,HOUSEHOLD
P06,HOUSEHOLD_1_176,2013-06-21,11,125,HOUSEHOLD
P06,HOUSEHOLD_1_176,2013-06-22,10,126,HOUSEHOLD
P06,HOUSEHOLD_1_176,2013-06-23,13,126,HOUSEHOLD
P06,HOUSEHOLD_1_176,2013-06-24,9,126,HOUSEHOLD
P06,HOUSEHOLD_1_176,2013-06-25,9,126,HOUSEHOLD
P06,HOUSEHOLD_1_176,2013-06-26,5,126,HOUSEHOLD
P06,HOUSEHOLD_1_176,2013-06-27,5,126,HOUSEHOLD
P06,HOUSEHOLD_1_176,2013-06-28,8,126,HOUSEHOLD
P06,HOUSEHOLD_1_176,2013-06-29,11,127,HOUSEHOLD
P06,HOUSEHOLD_1_176,2013-06-30,9,127,HOUSEHOLD
P06,HOUSEHOLD_1_176,2013-07-01,7,127,HOUSEHOLD
P06,HOUSEHOLD_1_176,2013-07-02,2,127,HOUSEHOLD
P06,HOUSEHOLD_1_176,2013-07-03,4,127,HOUSEHOLD
P06,HOUSEHOLD_1_176,2013-07-04,6,127,HOUSEHOLD
P06,HOUSEHOLD_1_176,2013-07-05,14,127,HOUSEHOLD
P06,HOUSEHOLD_1_176,2013-07-06,10,128,HOUSEHOLD
P06,HOUSEHOLD_1_176,2013-07-07,9,128,HOUSEHOLD
P06,HOUSEHOLD_1_176,2013-07-08,10,128,HOUSEHOLD
P06,HOUSEHOLD_1_176,2013-07-09,9,128,HOUSEHOLD
P06,HOUSEHOLD_1_176,2013-07-10,7,128,HOUSEHOLD
P06,HOUSEHOLD_1_176,2013-07-11,6,128,HOUSEHOLD
P06,HOUSEHOLD_1_176,2013-07-12,6,128,HOUSEHOLD
P06,HOUSEHOLD_1_176,2013-07-13,24,129,HOUSEHOLD
P06,HOUSEHOLD_1_176,2013-07-14,11,129,HOUSEHOLD
P06,HOUSEHOLD_1_176,2013-07-15,6,129,HOUSEHOLD
P06,HOUSEHOLD_1_176,2013-07-16,5,129,HOUSEHOLD
P06,HOUSEHOLD_1_176,2013-07-17,7,129,HOUSEHOLD
P06,HOUSEHOLD_1_176,2013-07-18,6,129,HOUSEHOLD
P06,HOUSEHOLD_1_176,2013-07-19,9,129,HOUSEHOLD
P06,HOUSEHOLD_1_176,2013-07-20,4,130,HOUSEHOLD
P06,HOUSEHOLD_1_176,2013-07-21,16,130,HOUSEHOLD
P06,HOUSEHOLD_1_176,2013-07-22,13,130,HOUSEHOLD
P06,HOUSEHOLD_1_176,2013-07-23,9,130,HOUSEHOLD
P06,HOUSEHOLD_1_176,2013-07-24,12,130,HOUSEHOLD
P06,HOUSEHOLD_1_176,2013-07-25,9,130,HOUSEHOLD
P06,HOUSEHOLD_1_176,2013-07-26,11,130,HOUSEHOLD
P06,HOUSEHOLD_1_176,2013-07-27,9,131,HOUSEHOLD
P06,HOUSEHOLD_1_176,2013-07-28,10,131,HOUSEHOLD
P06,HOUSEHOLD_1_176,2013-07-29,8,131,HOUSEHOLD
P06,HOUSEHOLD_1_176,2013-07-30,9,131,HOUSEHOLD
P06,HOUSEHOLD_1_176,2013-07-31,8,131,HOUSEHOLD
P06,HOUSEHOLD_1_176,2013-08-01,5,131,HOUSEHOLD
P06,HOUSEHOLD_1_176,2013-08-02,8,131,HOUSEHOLD
P06,HOUSEHOLD_1_176,2013-08-03,7,132,HOUSEHOLD
P06,HOUSEHOLD_1_176,2013-08-04,8,132,HOUSEHOLD
P06,HOUSEHOLD_1_176,2013-08-05,12,132,HOUSEHOLD
P06,HOUSEHOLD_1_176,2013-08-06,7,132,HOUSEHOLD
P06,HOUSEHOLD_1_176,2013-08-07,9,132,HOUSEHOLD
P06,HOUSEHOLD_1_176,2013-08-08,7,132,HOUSEHOLD
P06,HOUSEHOLD_1_176,2013-08-09,11,132,HOUSEHOLD
P06,HOUSEHOLD_1_176,2013-08-10,13,133,HOUSEHOLD
P06,HOUSEHOLD_1_176,2013-08-11,9,133,HOUSEHOLD
P06,HOUSEHOLD_1_176,2013-08-12,5,133,HOUSEHOLD
P06,HOUSEHOLD_1_176,2013-08-13,12,133,HOUSEHOLD
P06,HOUSEHOLD_1_176,2013-08-14,10,133,HOUSEHOLD
P06,HOUSEHOLD_1_176,2013-08-15,6,133,HOUSEHOLD
P06,HOUSEHOLD_1_176,2013-08-16,9,133,HOUSEHOLD
P06,HOUSEHOLD_1_176,2013-08-17,12,134,HOUSEHOLD
P06,HOUSEHOLD_1_176,2013-08-18,13,134,HOUSEHOLD
P06,HOUSEHOLD_1_176,2013-08-19,11,134,HOUSEHOLD
P06,HOUSEHOLD_1_176,2013-08-20,4,134,HOUSEHOLD
P06,HOUSEHOLD_1_176,2013-08-21,9,134,HOUSEHOLD
P06,HOUSEHOLD_1_176,2013-08-22,5,134,HOUSEHOLD
P06,HOUSEHOLD_1_176,2013-08-23,9,134,HOUSEHOLD
P06,HOUSEHOLD_1_176,2013-08-24,14,135,HOUSEHOLD
P06,HOUSEHOLD_1_176,2013-08-25,13,135,HOUSEHOLD
P06,HOUSEHOLD_1_176,2013-08-26,5,135,HOUSEHOLD
P06,HOUSEHOLD_1_176,2013-08-27,8,135,HOUSEHOLD
P06,HOUSEHOLD_1_176,2013-08-28,6,135,HOUSEHOLD
P06,HOUSEHOLD_1_176,2013-08-29,5,135,HOUSEHOLD
P06,HOUSEHOLD_1_176,2013-08-30,8,135,HOUSEHOLD
P06,HOUSEHOLD_1_176,2013-08-31,16,136,HOUSEHOLD
P06,HOUSEHOLD_1_176,2013-09-01,12,136,HOUSEHOLD
P06,HOUSEHOLD_1_176,2013-09-02,16,136,HOUSEHOLD
P06,HOUSEHOLD_1_176,2013-09-03,6,136,HOUSEHOLD
P06,HOUSEHOLD_1_176,2013-09-04,10,136,HOUSEHOLD
P06,HOUSEHOLD_1_176,2013-09-05,7,136,HOUSEHOLD
P06,HOUSEHOLD_1_176,2013-09-06,12,136,HOUSEHOLD
P06,HOUSEHOLD_1_176,2013-09-07,18,137,HOUSEHOLD
P06,HOUSEHOLD_1_176,2013-09-08,11,137,HOUSEHOLD
P06,HOUSEHOLD_1_176,2013-09-09,10,137,HOUSEHOLD
P06,HOUSEHOLD_1_176,2013-09-10,8,137,HOUSEHOLD
P06,HOUSEHOLD_1_176,2013-09-11,4,137,HOUSEHOLD
P06,HOUSEHOLD_1_176,2013-09-12,8,137,HOUSEHOLD
P06,HOUSEHOLD_1_176,2013-09-13,5,137,HOUSEHOLD
P06,HOUSEHOLD_1_176,2013-09-14,17,138,HOUSEHOLD
P06,HOUSEHOLD_1_176,2013-09-15,14,138,HOUSEHOLD
P06,HOUSEHOLD_1_176,2013-09-16,6,138,HOUSEHOLD
P06,HOUSEHOLD_1_176,2013-09-17,6,138,HOUSEHOLD
P06,HOUSEHOLD_1_176,2013-09-18,8,138,HOUSEHOLD
P06,HOUSEHOLD_1_176,2013-09-19,9,138,HOUSEHOLD
P06,HOUSEHOLD_1_176,2013-09-20,8,138,HOUSEHOLD
P06,HOUSEHOLD_1_176,2013-09-21,16,139,HOUSEHOLD
P06,HOUSEHOLD_1_176,2013-09-22,10,139,HOUSEHOLD
P06,HOUSEHOLD_1_176,2013-09-23,9,139,HOUSEHOLD
P06,HOUSEHOLD_1_176,2013-09-24,4,139,HOUSEHOLD
P06,HOUSEHOLD_1_176,2013-09-25,11,139,HOUSEHOLD
P06,HOUSEHOLD_1_176,2013-09-26,6,139,HOUSEHOLD
P06,HOUSEHOLD_1_176,2013-09-27,5,139,HOUSEHOLD
P06,HOUSEHOLD_1_176,2013-09-28,11,140,HOUSEHOLD
P06,HOUSEHOLD_1_176,2013-09-29,9,140,HOUSEHOLD
P06,HOUSEHOLD_1_176,2013-09-30,4,140,HOUSEHOLD
P06,HOUSEHOLD_1_176,2013-10-01,7,140,HOUSEHOLD
P06,HOUSEHOLD_1_176,2013-10-02,9,140,HOUSEHOLD
P06,HOUSEHOLD_1_176,2013-10-03,9,140,HOUSEHOLD
P06,HOUSEHOLD_1_176,2013-10-04,7,140,HOUSEHOLD
P06,HOUSEHOLD_1_176,2013-10-05,16,141,HOUSEHOLD
P06,HOUSEHOLD_1_176,2013-10-06,8,141,HOUSEHOLD
P06,HOUSEHOLD_1_176,2013-10-07,5,141,HOUSEHOLD
P06,HOUSEHOLD_1_176,2013-10-08,7,141,HOUSEHOLD
P06,HOUSEHOLD_1_176,2013-10-09,8,141,HOUSEHOLD
P06,HOUSEHOLD_1_176,2013-10-10,5,141,HOUSEHOLD
P06,HOUSEHOLD_1_176,2013-10-11,15,141,HOUSEHOLD
P06,HOUSEHOLD_1_176,2013-10-12,4,142,HOUSEHOLD
P06,HOUSEHOLD_1_176,2013-10-13,10,142,HOUSEHOLD
P06,HOUSEHOLD_1_176,2013-10-14,13,142,HOUSEHOLD
P06,HOUSEHOLD_1_176,2013-10-15,3,142,HOUSEHOLD
P06,HOUSEHOLD_1_176,2013-10-16,12,142,HOUSEHOLD
P06,HOUSEHOLD_1_176,2013-10-17,11,142,HOUSEHOLD
P06,HOUSEHOLD_1_176,2013-10-18,3,142,HOUSEHOLD
P06,HOUSEHOLD_1_176,2013-10-19,10,143,HOUSEHOLD
P06,HOUSEHOLD_1_176,2013-10-20,2,143,HOUSEHOLD
P06,HOUSEHOLD_1_176,2013-10-21,13,143,HOUSEHOLD
P06,HOUSEHOLD_1_176,2013-10-22,6,143,HOUSEHOLD
P06,HOUSEHOLD_1_176,2013-10-23,6,143,HOUSEHOLD
P06,HOUSEHOLD_1_176,2013-10-24,3,143,HOUSEHOLD
P06,HOUSEHOLD_1_176,2013-10-25,12,143,HOUSEHOLD
P06,HOUSEHOLD_1_176,2013-10-26,14,144,HOUSEHOLD
P06,HOUSEHOLD_1_176,2013-10-27,13,144,HOUSEHOLD
P06,HOUSEHOLD_1_176,2013-10-28,7,144,HOUSEHOLD
P06,HOUSEHOLD_1_176,2013-10-29,4,144,HOUSEHOLD
P06,HOUSEHOLD_1_176,2013-10-30,7,144,HOUSEHOLD
P06,HOUSEHOLD_1_176,2013-10-31,5,144,HOUSEHOLD
P06,HOUSEHOLD_1_176,2013-11-01,9,144,HOUSEHOLD
P06,HOUSEHOLD_1_176,2013-11-02,19,145,HOUSEHOLD
P06,HOUSEHOLD_1_176,2013-11-03,15,145,HOUSEHOLD
P06,HOUSEHOLD_1_176,2013-11-04,6,145,HOUSEHOLD
P06,HOUSEHOLD_1_176,2013-11-05,4,145,HOUSEHOLD
P06,HOUSEHOLD_1_176,2013-11-06,7,145,HOUSEHOLD
P06,HOUSEHOLD_1_176,2013-11-07,8,145,HOUSEHOLD
P06,HOUSEHOLD_1_176,2013-11-08,7,145,HOUSEHOLD
P06,HOUSEHOLD_1_176,2013-11-09,6,146,HOUSEHOLD
P06,HOUSEHOLD_1_176,2013-11-10,10,146,HOUSEHOLD
P06,HOUSEHOLD_1_176,2013-11-11,8,146,HOUSEHOLD
P06,HOUSEHOLD_1_176,2013-11-12,2,146,HOUSEHOLD
P06,HOUSEHOLD_1_176,2013-11-13,7,146,HOUSEHOLD
P06,HOUSEHOLD_1_176,2013-11-14,11,146,HOUSEHOLD
P06,HOUSEHOLD_1_176,2013-11-15,9,146,HOUSEHOLD
P06,HOUSEHOLD_1_176,2013-11-16,5,147,HOUSEHOLD
P06,HOUSEHOLD_1_176,2013-11-17,12,147,HOUSEHOLD
P06,HOUSEHOLD_1_176,2013-11-18,6,147,HOUSEHOLD
P06,HOUSEHOLD_1_176,2013-11-19,5,147,HOUSEHOLD
P06,HOUSEHOLD_1_176,2013-11-20,10,147,HOUSEHOLD
P06,HOUSEHOLD_1_176,2013-11-21,5,147,HOUSEHOLD
P06,HOUSEHOLD_1_176,2013-11-22,10,147,HOUSEHOLD
P06,HOUSEHOLD_1_176,2013-11-23,13,148,HOUSEHOLD
P06,HOUSEHOLD_1_176,2013-11-24,11,148,HOUSEHOLD
P06,HOUSEHOLD_1_176,2013-11-25,9,148,HOUSEHOLD
P06,HOUSEHOLD_1_176,2013-11-26,7,148,HOUSEHOLD
P06,HOUSEHOLD_1_176,2013-11-27,9,148,HOUSEHOLD
P06,HOUSEHOLD_1_176,2013-11-28,9,148,HOUSEHOLD
P06,HOUSEHOLD_1_176,2013-11-29,3,148,HOUSEHOLD
P06,HOUSEHOLD_1_176,2013-11-30,6,149,HOUSEHOLD
P06,HOUSEHOLD_1_176,2013-12-01,10,149,HOUSEHOLD
P06,HOUSEHOLD_1_176,2013-12-02,6,149,HOUSEHOLD
P06,HOUSEHOLD_1_176,2013-12-03,7,149,HOUSEHOLD
P06,HOUSEHOLD_1_176,2013-12-04,3,149,HOUSEHOLD
P06,HOUSEHOLD_1_176,2013-12-05,5,149,HOUSEHOLD
P06,HOUSEHOLD_1_176,2013-12-06,6,149,HOUSEHOLD
P06,HOUSEHOLD_1_176,2013-12-07,8,150,HOUSEHOLD
P06,HOUSEHOLD_1_176,2013-12-08,6,150,HOUSEHOLD
P06,HOUSEHOLD_1_176,2013-12-09,8,150,HOUSEHOLD
P06,HOUSEHOLD_1_176,2013-12-10,4,150,HOUSEHOLD
P06,HOUSEHOLD_1_176,2013-12-11,13,150,HOUSEHOLD
P06,HOUSEHOLD_1_176,2013-12-12,6,150,HOUSEHOLD
P06,HOUSEHOLD_1_176,2013-12-13,3,150,HOUSEHOLD
P06,HOUSEHOLD_1_176,2013-12-14,5,151,HOUSEHOLD
P06,HOUSEHOLD_1_176,2013-12-15,12,151,HOUSEHOLD
P06,HOUSEHOLD_1_176,2013-12-16,3,151,HOUSEHOLD
P06,HOUSEHOLD_1_176,2013-12-17,9,151,HOUSEHOLD
P06,HOUSEHOLD_1_176,2013-12-18,7,151,HOUSEHOLD
P06,HOUSEHOLD_1_176,2013-12-19,1,151,HOUSEHOLD
P06,HOUSEHOLD_1_176,2013-12-20,6,151,HOUSEHOLD
P06,HOUSEHOLD_1_176,2013-12-21,7,152,HOUSEHOLD
P06,HOUSEHOLD_1_176,2013-12-22,9,152,HOUSEHOLD
P06,HOUSEHOLD_1_176,2013-12-23,7,152,HOUSEHOLD
P06,HOUSEHOLD_1_176,2013-12-24,3,152,HOUSEHOLD
P06,HOUSEHOLD_1_176,2013-12-25,0,152,HOUSEHOLD
P06,HOUSEHOLD_1_176,2013-12-26,7,152,HOUSEHOLD
P06,HOUSEHOLD_1_176,2013-12-27,11,152,HOUSEHOLD
P06,HOUSEHOLD_1_176,2013-12-28,13,153,HOUSEHOLD
P06,HOUSEHOLD_1_176,2013-12-29,6,153,HOUSEHOLD
P06,HOUSEHOLD_1_176,2013-12-30,5,153,HOUSEHOLD
P06,HOUSEHOLD_1_176,2013-12-31,13,153,HOUSEHOLD
P06,HOUSEHOLD_1_176,2014-01-01,7,153,HOUSEHOLD
P06,HOUSEHOLD_1_176,2014-01-02,10,153,HOUSEHOLD
P06,HOUSEHOLD_1_176,2014-01-03,9,153,HOUSEHOLD
P06,HOUSEHOLD_1_176,2014-01-04,8,154,HOUSEHOLD
P06,HOUSEHOLD_1_176,2014-01-05,3,154,HOUSEHOLD
P06,HOUSEHOLD_1_176,2014-01-06,6,154,HOUSEHOLD
P06,HOUSEHOLD_1_176,2014-01-07,6,154,HOUSEHOLD
P06,HOUSEHOLD_1_176,2014-01-08,5,154,HOUSEHOLD
P06,HOUSEHOLD_1_176,2014-01-09,6,154,HOUSEHOLD
P06,HOUSEHOLD_1_176,2014-01-10,7,154,HOUSEHOLD
P06,HOUSEHOLD_1_176,2014-01-11,9,155,HOUSEHOLD
P06,HOUSEHOLD_1_176,2014-01-12,12,155,HOUSEHOLD
P06,HOUSEHOLD_1_176,2014-01-13,10,155,HOUSEHOLD
P06,HOUSEHOLD_1_176,2014-01-14,10,155,HOUSEHOLD
P06,HOUSEHOLD_1_176,2014-01-15,12,155,HOUSEHOLD
P06,HOUSEHOLD_1_176,2014-01-16,3,155,HOUSEHOLD
P06,HOUSEHOLD_1_176,2014-01-17,13,155,HOUSEHOLD
P06,HOUSEHOLD_1_176,2014-01-18,11,156,HOUSEHOLD
P06,HOUSEHOLD_1_176,2014-01-19,10,156,HOUSEHOLD
P06,HOUSEHOLD_1_176,2014-01-20,8,156,HOUSEHOLD
P06,HOUSEHOLD_1_176,2014-01-21,7,156,HOUSEHOLD
P06,HOUSEHOLD_1_176,2014-01-22,4,156,HOUSEHOLD
P06,HOUSEHOLD_1_176,2014-01-23,10,156,HOUSEHOLD
P06,HOUSEHOLD_1_176,2014-01-24,7,156,HOUSEHOLD
P06,HOUSEHOLD_1_176,2014-01-25,10,157,HOUSEHOLD
P06,HOUSEHOLD_1_176,2014-01-26,6,157,HOUSEHOLD
P06,HOUSEHOLD_1_176,2014-01-27,8,157,HOUSEHOLD
P06,HOUSEHOLD_1_176,2014-01-28,6,157,HOUSEHOLD
P06,HOUSEHOLD_1_176,2014-01-29,8,157,HOUSEHOLD
P06,HOUSEHOLD_1_176,2014-01-30,5,157,HOUSEHOLD
P06,HOUSEHOLD_1_176,2014-01-31,9,157,HOUSEHOLD
P06,HOUSEHOLD_1_176,2014-02-01,9,158,HOUSEHOLD
P06,HOUSEHOLD_1_176,2014-02-02,10,158,HOUSEHOLD
P06,HOUSEHOLD_1_176,2014-02-03,11,158,HOUSEHOLD
P06,HOUSEHOLD_1_176,2014-02-04,7,158,HOUSEHOLD
P06,HOUSEHOLD_1_176,2014-02-05,9,158,HOUSEHOLD
P06,HOUSEHOLD_1_176,2014-02-06,7,158,HOUSEHOLD
P06,HOUSEHOLD_1_176,2014-02-07,5,158,HOUSEHOLD
P06,HOUSEHOLD_1_176,2014-02-08,8,159,HOUSEHOLD
P06,HOUSEHOLD_1_176,2014-02-09,13,159,HOUSEHOLD
P06,HOUSEHOLD_1_176,2014-02-10,7,159,HOUSEHOLD
P06,HOUSEHOLD_1_176,2014-02-11,11,159,HOUSEHOLD
P06,HOUSEHOLD_1_176,2014-02-12,9,159,HOUSEHOLD
P06,HOUSEHOLD_1_176,2014-02-13,3,159,HOUSEHOLD
P06,HOUSEHOLD_1_176,2014-02-14,5,159,HOUSEHOLD
P06,HOUSEHOLD_1_176,2014-02-15,11,160,HOUSEHOLD
P06,HOUSEHOLD_1_176,2014-02-16,13,160,HOUSEHOLD
P06,HOUSEHOLD_1_176,2014-02-17,5,160,HOUSEHOLD
P06,HOUSEHOLD_1_176,2014-02-18,7,160,HOUSEHOLD
P06,HOUSEHOLD_1_176,2014-02-19,10,160,HOUSEHOLD
P06,HOUSEHOLD_1_176,2014-02-20,6,160,HOUSEHOLD
P06,HOUSEHOLD_1_176,2014-02-21,14,160,HOUSEHOLD
P06,HOUSEHOLD_1_176,2014-02-22,13,161,HOUSEHOLD
P06,HOUSEHOLD_1_176,2014-02-23,6,161,HOUSEHOLD
P06,HOUSEHOLD_1_176,2014-02-24,7,161,HOUSEHOLD
P06,HOUSEHOLD_1_176,2014-02-25,11,161,HOUSEHOLD
P06,HOUSEHOLD_1_176,2014-02-26,2,161,HOUSEHOLD
P06,HOUSEHOLD_1_176,2014-02-27,5,161,HOUSEHOLD
P06,HOUSEHOLD_1_176,2014-02-28,13,161,HOUSEHOLD
P06,HOUSEHOLD_1_176,2014-03-01,11,162,HOUSEHOLD
P06,HOUSEHOLD_1_176,2014-03-02,7,162,HOUSEHOLD
P06,HOUSEHOLD_1_176,2014-03-03,9,162,HOUSEHOLD
P06,HOUSEHOLD_1_176,2014-03-04,10,162,HOUSEHOLD
P06,HOUSEHOLD_1_176,2014-03-05,10,162,HOUSEHOLD
P06,HOUSEHOLD_1_176,2014-03-06,7,162,HOUSEHOLD
P06,HOUSEHOLD_1_176,2014-03-07,12,162,HOUSEHOLD
P06,HOUSEHOLD_1_176,2014-03-08,8,163,HOUSEHOLD
P06,HOUSEHOLD_1_176,2014-03-09,12,163,HOUSEHOLD
P06,HOUSEHOLD_1_176,2014-03-10,6,163,HOUSEHOLD
P06,HOUSEHOLD_1_176,2014-03-11,10,163,HOUSEHOLD
P06,HOUSEHOLD_1_176,2014-03-12,5,163,HOUSEHOLD
P06,HOUSEHOLD_1_176,2014-03-13,1,163,HOUSEHOLD
P06,HOUSEHOLD_1_176,2014-03-14,11,163,HOUSEHOLD
P06,HOUSEHOLD_1_176,2014-03-15,15,164,HOUSEHOLD
P06,HOUSEHOLD_1_176,2014-03-16,15,164,HOUSEHOLD
P06,HOUSEHOLD_1_176,2014-03-17,8,164,HOUSEHOLD
P06,HOUSEHOLD_1_176,2014-03-18,2,164,HOUSEHOLD
P06,HOUSEHOLD_1_176,2014-03-19,12,164,HOUSEHOLD
P06,HOUSEHOLD_1_176,2014-03-20,5,164,HOUSEHOLD
P06,HOUSEHOLD_1_176,2014-03-21,10,164,HOUSEHOLD
P06,HOUSEHOLD_1_176,2014-03-22,9,165,HOUSEHOLD
P06,HOUSEHOLD_1_176,2014-03-23,6,165,HOUSEHOLD
P06,HOUSEHOLD_1_176,2014-03-24,3,165,HOUSEHOLD
P06,HOUSEHOLD_1_176,2014-03-25,4,165,HOUSEHOLD
P06,HOUSEHOLD_1_176,2014-03-26,5,165,HOUSEHOLD
P06,HOUSEHOLD_1_176,2014-03-27,4,165,HOUSEHOLD
P06,HOUSEHOLD_1_176,2014-03-28,6,165,HOUSEHOLD
P06,HOUSEHOLD_1_176,2014-03-29,6,166,HOUSEHOLD
P06,HOUSEHOLD_1_176,2014-03-30,12,166,HOUSEHOLD
P06,HOUSEHOLD_1_176,2014-03-31,6,166,HOUSEHOLD
P06,HOUSEHOLD_1_176,2014-04-01,9,166,HOUSEHOLD
P06,HOUSEHOLD_1_176,2014-04-02,7,166,HOUSEHOLD
P06,HOUSEHOLD_1_176,2014-04-03,10,166,HOUSEHOLD
P06,HOUSEHOLD_1_176,2014-04-04,13,166,HOUSEHOLD
P06,HOUSEHOLD_1_176,2014-04-05,15,167,HOUSEHOLD
P06,HOUSEHOLD_1_176,2014-04-06,10,167,HOUSEHOLD
P06,HOUSEHOLD_1_176,2014-04-07,11,167,HOUSEHOLD
P06,HOUSEHOLD_1_176,2014-04-08,6,167,HOUSEHOLD
P06,HOUSEHOLD_1_176,2014-04-09,8,167,HOUSEHOLD
P06,HOUSEHOLD_1_176,2014-04-10,6,167,HOUSEHOLD
P06,HOUSEHOLD_1_176,2014-04-11,12,167,HOUSEHOLD
P06,HOUSEHOLD_1_176,2014-04-12,10,168,HOUSEHOLD
P06,HOUSEHOLD_1_176,2014-04-13,13,168,HOUSEHOLD
P06,HOUSEHOLD_1_176,2014-04-14,6,168,HOUSEHOLD
P06,HOUSEHOLD_1_176,2014-04-15,9,168,HOUSEHOLD
P06,HOUSEHOLD_1_176,2014-04-16,8,168,HOUSEHOLD
P06,HOUSEHOLD_1_176,2014-04-17,7,168,HOUSEHOLD
P06,HOUSEHOLD_1_176,2014-04-18,8,168,HOUSEHOLD
P06,HOUSEHOLD_1_176,2014-04-19,10,169,HOUSEHOLD
P06,HOUSEHOLD_1_176,2014-04-20,8,169,HOUSEHOLD
P06,HOUSEHOLD_1_176,2014-04-21,11,169,HOUSEHOLD
P06,HOUSEHOLD_1_176,2014-04-22,6,169,HOUSEHOLD
P06,HOUSEHOLD_1_176,2014-04-23,5,169,HOUSEHOLD
P06,HOUSEHOLD_1_176,2014-04-24,5,169,HOUSEHOLD
P06,HOUSEHOLD_1_176,2014-04-25,5,169,HOUSEHOLD
P06,HOUSEHOLD_1_176,2014-04-26,7,170,HOUSEHOLD
P06,HOUSEHOLD_1_176,2014-04-27,7,170,HOUSEHOLD
P06,HOUSEHOLD_1_176,2014-04-28,5,170,HOUSEHOLD
P06,HOUSEHOLD_1_176,2014-04-29,9,170,HOUSEHOLD
P06,HOUSEHOLD_1_176,2014-04-30,6,170,HOUSEHOLD
P06,HOUSEHOLD_1_176,2014-05-01,2,170,HOUSEHOLD
P06,HOUSEHOLD_1_176,2014-05-02,6,170,HOUSEHOLD
P06,HOUSEHOLD_1_176,2014-05-03,11,171,HOUSEHOLD
P06,HOUSEHOLD_1_176,2014-05-04,9,171,HOUSEHOLD
P06,HOUSEHOLD_1_176,2014-05-05,11,171,HOUSEHOLD
P06,HOUSEHOLD_1_176,2014-05-06,3,171,HOUSEHOLD
P06,HOUSEHOLD_1_176,2014-05-07,4,171,HOUSEHOLD
P06,HOUSEHOLD_1_176,2014-05-08,6,171,HOUSEHOLD
P06,HOUSEHOLD_1_176,2014-05-09,7,171,HOUSEHOLD
P06,HOUSEHOLD_1_176,2014-05-10,6,172,HOUSEHOLD
P06,HOUSEHOLD_1_176,2014-05-11,9,172,HOUSEHOLD
P06,HOUSEHOLD_1_176,2014-05-12,3,172,HOUSEHOLD
P06,HOUSEHOLD_1_176,2014-05-13,5,172,HOUSEHOLD
P06,HOUSEHOLD_1_176,2014-05-14,7,172,HOUSEHOLD
P06,HOUSEHOLD_1_176,2014-05-15,5,172,HOUSEHOLD
P06,HOUSEHOLD_1_176,2014-05-16,5,172,HOUSEHOLD
P06,HOUSEHOLD_1_176,2014-05-17,7,173,HOUSEHOLD
P06,HOUSEHOLD_1_176,2014-05-18,7,173,HOUSEHOLD
P06,HOUSEHOLD_1_176,2014-05-19,1,173,HOUSEHOLD
P06,HOUSEHOLD_1_176,2014-05-20,4,173,HOUSEHOLD
P06,HOUSEHOLD_1_176,2014-05-21,3,173,HOUSEHOLD
P06,HOUSEHOLD_1_176,2014-05-22,5,173,HOUSEHOLD
P06,HOUSEHOLD_1_176,2014-05-23,7,173,HOUSEHOLD
P06,HOUSEHOLD_1_176,2014-05-24,8,174,HOUSEHOLD
P06,HOUSEHOLD_1_176,2014-05-25,5,174,HOUSEHOLD
P06,HOUSEHOLD_1_176,2014-05-26,0,174,HOUSEHOLD
P06,HOUSEHOLD_1_176,2014-05-27,3,174,HOUSEHOLD
P06,HOUSEHOLD_1_176,2014-05-28,12,174,HOUSEHOLD
P06,HOUSEHOLD_1_176,2014-05-29,5,174,HOUSEHOLD
P06,HOUSEHOLD_1_176,2014-05-30,2,174,HOUSEHOLD
P06,HOUSEHOLD_1_176,2014-05-31,6,175,HOUSEHOLD
P06,HOUSEHOLD_1_176,2014-06-01,6,175,HOUSEHOLD
P06,HOUSEHOLD_1_176,2014-06-02,8,175,HOUSEHOLD
P06,HOUSEHOLD_1_176,2014-06-03,9,175,HOUSEHOLD
P06,HOUSEHOLD_1_176,2014-06-04,10,175,HOUSEHOLD
P06,HOUSEHOLD_1_176,2014-06-05,4,175,HOUSEHOLD
P06,HOUSEHOLD_1_176,2014-06-06,8,175,HOUSEHOLD
P06,HOUSEHOLD_1_176,2014-06-07,7,176,HOUSEHOLD
P06,HOUSEHOLD_1_176,2014-06-08,5,176,HOUSEHOLD
P06,HOUSEHOLD_1_176,2014-06-09,6,176,HOUSEHOLD
P06,HOUSEHOLD_1_176,2014-06-10,5,176,HOUSEHOLD
P06,HOUSEHOLD_1_176,2014-06-11,3,176,HOUSEHOLD
P06,HOUSEHOLD_1_176,2014-06-12,4,176,HOUSEHOLD
P06,HOUSEHOLD_1_176,2014-06-13,7,176,HOUSEHOLD
P06,HOUSEHOLD_1_176,2014-06-14,7,177,HOUSEHOLD
P06,HOUSEHOLD_1_176,2014-06-15,8,177,HOUSEHOLD
P06,HOUSEHOLD_1_176,2014-06-16,9,177,HOUSEHOLD
P06,HOUSEHOLD_1_176,2014-06-17,7,177,HOUSEHOLD
P06,HOUSEHOLD_1_176,2014-06-18,8,177,HOUSEHOLD
P06,HOUSEHOLD_1_176,2014-06-19,3,177,HOUSEHOLD
P06,HOUSEHOLD_1_176,2014-06-20,7,177,HOUSEHOLD
P06,HOUSEHOLD_1_176,2014-06-21,3,178,HOUSEHOLD
P06,HOUSEHOLD_1_176,2014-06-22,14,178,HOUSEHOLD
P06,HOUSEHOLD_1_176,2014-06-23,3,178,HOUSEHOLD
P06,HOUSEHOLD_1_176,2014-06-24,6,178,HOUSEHOLD
P06,HOUSEHOLD_1_176,2014-06-25,5,178,HOUSEHOLD
P06,HOUSEHOLD_1_176,2014-06-26,5,178,HOUSEHOLD
P06,HOUSEHOLD_1_176,2014-06-27,1,178,HOUSEHOLD
P06,HOUSEHOLD_1_176,2014-06-28,10,179,HOUSEHOLD
P06,HOUSEHOLD_1_176,2014-06-29,13,179,HOUSEHOLD
P06,HOUSEHOLD_1_176,2014-06-30,6,179,HOUSEHOLD
P06,HOUSEHOLD_1_176,2014-07-01,8,179,HOUSEHOLD
P06,HOUSEHOLD_1_176,2014-07-02,2,179,HOUSEHOLD
P06,HOUSEHOLD_1_176,2014-07-03,4,179,HOUSEHOLD
P06,HOUSEHOLD_1_176,2014-07-04,6,179,HOUSEHOLD
P06,HOUSEHOLD_1_176,2014-07-05,6,180,HOUSEHOLD
P06,HOUSEHOLD_1_176,2014-07-06,14,180,HOUSEHOLD
P06,HOUSEHOLD_1_176,2014-07-07,6,180,HOUSEHOLD
P06,HOUSEHOLD_1_176,2014-07-08,7,180,HOUSEHOLD
P06,HOUSEHOLD_1_176,2014-07-09,11,180,HOUSEHOLD
P06,HOUSEHOLD_1_176,2014-07-10,6,180,HOUSEHOLD
P06,HOUSEHOLD_1_176,2014-07-11,7,180,HOUSEHOLD
P06,HOUSEHOLD_1_176,2014-07-12,4,181,HOUSEHOLD
P06,HOUSEHOLD_1_176,2014-07-13,8,181,HOUSEHOLD
P06,HOUSEHOLD_1_176,2014-07-14,4,181,HOUSEHOLD
P06,HOUSEHOLD_1_176,2014-07-15,8,181,HOUSEHOLD
P06,HOUSEHOLD_1_176,2014-07-16,3,181,HOUSEHOLD
P06,HOUSEHOLD_1_176,2014-07-17,4,181,HOUSEHOLD
P06,HOUSEHOLD_1_176,2014-07-18,8,181,HOUSEHOLD
P06,HOUSEHOLD_1_176,2014-07-19,6,182,HOUSEHOLD
P06,HOUSEHOLD_1_176,2014-07-20,8,182,HOUSEHOLD
P06,HOUSEHOLD_1_176,2014-07-21,5,182,HOUSEHOLD
P06,HOUSEHOLD_1_176,2014-07-22,4,182,HOUSEHOLD
P06,HOUSEHOLD_1_176,2014-07-23,3,182,HOUSEHOLD
P06,HOUSEHOLD_1_176,2014-07-24,3,182,HOUSEHOLD
P06,HOUSEHOLD_1_176,2014-07-25,6,182,HOUSEHOLD
P06,HOUSEHOLD_1_176,2014-07-26,8,183,HOUSEHOLD
P06,HOUSEHOLD_1_176,2014-07-27,11,183,HOUSEHOLD
P06,HOUSEHOLD_1_176,2014-07-28,3,183,HOUSEHOLD
P06,HOUSEHOLD_1_176,2014-07-29,9,183,HOUSEHOLD
P06,HOUSEHOLD_1_176,2014-07-30,5,183,HOUSEHOLD
P06,HOUSEHOLD_1_176,2014-07-31,4,183,HOUSEHOLD
P06,HOUSEHOLD_1_176,2014-08-01,4,183,HOUSEHOLD
P06,HOUSEHOLD_1_176,2014-08-02,5,184,HOUSEHOLD
P06,HOUSEHOLD_1_176,2014-08-03,6,184,HOUSEHOLD
P06,HOUSEHOLD_1_176,2014-08-04,10,184,HOUSEHOLD
P06,HOUSEHOLD_1_176,2014-08-05,5,184,HOUSEHOLD
P06,HOUSEHOLD_1_176,2014-08-06,4,184,HOUSEHOLD
P06,HOUSEHOLD_1_176,2014-08-07,5,184,HOUSEHOLD
P06,HOUSEHOLD_1_176,2014-08-08,4,184,HOUSEHOLD
P06,HOUSEHOLD_1_176,2014-08-09,9,185,HOUSEHOLD
P06,HOUSEHOLD_1_176,2014-08-10,3,185,HOUSEHOLD
P06,HOUSEHOLD_1_176,2014-08-11,5,185,HOUSEHOLD
P06,HOUSEHOLD_1_176,2014-08-12,6,185,HOUSEHOLD
P06,HOUSEHOLD_1_176,2014-08-13,5,185,HOUSEHOLD
P06,HOUSEHOLD_1_176,2014-08-14,2,185,HOUSEHOLD
P06,HOUSEHOLD_1_176,2014-08-15,6,185,HOUSEHOLD
P06,HOUSEHOLD_1_176,2014-08-16,9,186,HOUSEHOLD
P06,HOUSEHOLD_1_176,2014-08-17,12,186,HOUSEHOLD
P06,HOUSEHOLD_1_176,2014-08-18,6,186,HOUSEHOLD
P06,HOUSEHOLD_1_176,2014-08-19,7,186,HOUSEHOLD
P06,HOUSEHOLD_1_176,2014-08-20,5,186,HOUSEHOLD
P06,HOUSEHOLD_1_176,2014-08-21,4,186,HOUSEHOLD
P06,HOUSEHOLD_1_176,2014-08-22,4,186,HOUSEHOLD
P06,HOUSEHOLD_1_176,2014-08-23,14,187,HOUSEHOLD
P06,HOUSEHOLD_1_176,2014-08-24,8,187,HOUSEHOLD
P06,HOUSEHOLD_1_176,2014-08-25,10,187,HOUSEHOLD
P06,HOUSEHOLD_1_176,2014-08-26,8,187,HOUSEHOLD
P06,HOUSEHOLD_1_176,2014-08-27,7,187,HOUSEHOLD
P06,HOUSEHOLD_1_176,2014-08-28,4,187,HOUSEHOLD
P06,HOUSEHOLD_1_176,2014-08-29,5,187,HOUSEHOLD
P06,HOUSEHOLD_1_176,2014-08-30,13,188,HOUSEHOLD
P06,HOUSEHOLD_1_176,2014-08-31,7,188,HOUSEHOLD
P06,HOUSEHOLD_1_176,2014-09-01,8,188,HOUSEHOLD
P06,HOUSEHOLD_1_176,2014-09-02,2,188,HOUSEHOLD
P06,HOUSEHOLD_1_176,2014-09-03,2,188,HOUSEHOLD
P06,HOUSEHOLD_1_176,2014-09-04,3,188,HOUSEHOLD
P06,HOUSEHOLD_1_176,2014-09-05,2,188,HOUSEHOLD
P06,HOUSEHOLD_1_176,2014-09-06,9,189,HOUSEHOLD
P06,HOUSEHOLD_1_176,2014-09-07,10,189,HOUSEHOLD
P06,HOUSEHOLD_1_176,2014-09-08,2,189,HOUSEHOLD
P06,HOUSEHOLD_1_176,2014-09-09,5,189,HOUSEHOLD
P06,HOUSEHOLD_1_176,2014-09-10,2,189,HOUSEHOLD
P06,HOUSEHOLD_1_176,2014-09-11,7,189,HOUSEHOLD
P06,HOUSEHOLD_1_176,2014-09-12,5,189,HOUSEHOLD
P06,HOUSEHOLD_1_176,2014-09-13,7,190,HOUSEHOLD
P06,HOUSEHOLD_1_176,2014-09-14,9,190,HOUSEHOLD
P06,HOUSEHOLD_1_176,2014-09-15,3,190,HOUSEHOLD
P06,HOUSEHOLD_1_176,2014-09-16,4,190,HOUSEHOLD
P06,HOUSEHOLD_1_176,2014-09-17,5,190,HOUSEHOLD
P06,HOUSEHOLD_1_176,2014-09-18,3,190,HOUSEHOLD
P06,HOUSEHOLD_1_176,2014-09-19,4,190,HOUSEHOLD
P06,HOUSEHOLD_1_176,2014-09-20,8,191,HOUSEHOLD
P06,HOUSEHOLD_1_176,2014-09-21,6,191,HOUSEHOLD
P06,HOUSEHOLD_1_176,2014-09-22,5,191,HOUSEHOLD
P06,HOUSEHOLD_1_176,2014-09-23,6,191,HOUSEHOLD
P06,HOUSEHOLD_1_176,2014-09-24,6,191,HOUSEHOLD
P06,HOUSEHOLD_1_176,2014-09-25,6,191,HOUSEHOLD
P06,HOUSEHOLD_1_176,2014-09-26,5,191,HOUSEHOLD
P06,HOUSEHOLD_1_176,2014-09-27,4,192,HOUSEHOLD
P06,HOUSEHOLD_1_176,2014-09-28,13,192,HOUSEHOLD
P06,HOUSEHOLD_1_176,2014-09-29,6,192,HOUSEHOLD
P06,HOUSEHOLD_1_176,2014-09-30,3,192,HOUSEHOLD
P06,HOUSEHOLD_1_176,2014-10-01,3,192,HOUSEHOLD
P06,HOUSEHOLD_1_176,2014-10-02,7,192,HOUSEHOLD
P06,HOUSEHOLD_1_176,2014-10-03,5,192,HOUSEHOLD
P06,HOUSEHOLD_1_176,2014-10-04,4,193,HOUSEHOLD
P06,HOUSEHOLD_1_176,2014-10-05,7,193,HOUSEHOLD
P06,HOUSEHOLD_1_176,2014-10-06,7,193,HOUSEHOLD
P06,HOUSEHOLD_1_176,2014-10-07,7,193,HOUSEHOLD
P06,HOUSEHOLD_1_176,2014-10-08,5,193,HOUSEHOLD
P06,HOUSEHOLD_1_176,2014-10-09,10,193,HOUSEHOLD
P06,HOUSEHOLD_1_176,2014-10-10,8,193,HOUSEHOLD
P06,HOUSEHOLD_1_176,2014-10-11,12,194,HOUSEHOLD
P06,HOUSEHOLD_1_176,2014-10-12,6,194,HOUSEHOLD
P06,HOUSEHOLD_1_176,2014-10-13,5,194,HOUSEHOLD
P06,HOUSEHOLD_1_176,2014-10-14,8,194,HOUSEHOLD
P06,HOUSEHOLD_1_176,2014-10-15,7,194,HOUSEHOLD
P06,HOUSEHOLD_1_176,2014-10-16,5,194,HOUSEHOLD
P06,HOUSEHOLD_1_176,2014-10-17,4,194,HOUSEHOLD
P06,HOUSEHOLD_1_176,2014-10-18,8,195,HOUSEHOLD
P06,HOUSEHOLD_1_176,2014-10-19,7,195,HOUSEHOLD
P06,HOUSEHOLD_1_176,2014-10-20,5,195,HOUSEHOLD
P06,HOUSEHOLD_1_176,2014-10-21,6,195,HOUSEHOLD
P06,HOUSEHOLD_1_176,2014-10-22,3,195,HOUSEHOLD
P06,HOUSEHOLD_1_176,2014-10-23,7,195,HOUSEHOLD
P06,HOUSEHOLD_1_176,2014-10-24,3,195,HOUSEHOLD
P06,HOUSEHOLD_1_176,2014-10-25,12,196,HOUSEHOLD
P06,HOUSEHOLD_1_176,2014-10-26,10,196,HOUSEHOLD
P06,HOUSEHOLD_1_176,2014-10-27,1,196,HOUSEHOLD
P06,HOUSEHOLD_1_176,2014-10-28,3,196,HOUSEHOLD
P06,HOUSEHOLD_1_176,2014-10-29,4,196,HOUSEHOLD
P06,HOUSEHOLD_1_176,2014-10-30,8,196,HOUSEHOLD
P06,HOUSEHOLD_1_176,2014-10-31,7,196,HOUSEHOLD
P06,HOUSEHOLD_1_176,2014-11-01,4,197,HOUSEHOLD
P06,HOUSEHOLD_1_176,2014-11-02,11,197,HOUSEHOLD
P06,HOUSEHOLD_1_176,2014-11-03,3,197,HOUSEHOLD
P06,HOUSEHOLD_1_176,2014-11-04,5,197,HOUSEHOLD
P06,HOUSEHOLD_1_176,2014-11-05,7,197,HOUSEHOLD
P06,HOUSEHOLD_1_176,2014-11-06,10,197,HOUSEHOLD
P06,HOUSEHOLD_1_176,2014-11-07,5,197,HOUSEHOLD
P06,HOUSEHOLD_1_176,2014-11-08,7,198,HOUSEHOLD
P06,HOUSEHOLD_1_176,2014-11-09,7,198,HOUSEHOLD
P06,HOUSEHOLD_1_176,2014-11-10,9,198,HOUSEHOLD
P06,HOUSEHOLD_1_176,2014-11-11,7,198,HOUSEHOLD
P06,HOUSEHOLD_1_176,2014-11-12,3,198,HOUSEHOLD
P06,HOUSEHOLD_1_176,2014-11-13,2,198,HOUSEHOLD
P06,HOUSEHOLD_1_176,2014-11-14,8,198,HOUSEHOLD
P06,HOUSEHOLD_1_176,2014-11-15,3,199,HOUSEHOLD
P06,HOUSEHOLD_1_176,2014-11-16,14,199,HOUSEHOLD
P06,HOUSEHOLD_1_176,2014-11-17,9,199,HOUSEHOLD
P06,HOUSEHOLD_1_176,2014-11-18,5,199,HOUSEHOLD
P06,HOUSEHOLD_1_176,2014-11-19,6,199,HOUSEHOLD
P06,HOUSEHOLD_1_176,2014-11-20,5,199,HOUSEHOLD
P06,HOUSEHOLD_1_176,2014-11-21,3,199,HOUSEHOLD
P06,HOUSEHOLD_1_176,2014-11-22,12,200,HOUSEHOLD
P06,HOUSEHOLD_1_176,2014-11-23,13,200,HOUSEHOLD
P06,HOUSEHOLD_1_176,2014-11-24,7,200,HOUSEHOLD
P06,HOUSEHOLD_1_176,2014-11-25,3,200,HOUSEHOLD
P06,HOUSEHOLD_1_176,2014-11-26,9,200,HOUSEHOLD
P06,HOUSEHOLD_1_176,2014-11-27,4,200,HOUSEHOLD
P06,HOUSEHOLD_1_176,2014-11-28,6,200,HOUSEHOLD
P06,HOUSEHOLD_1_176,2014-11-29,7,201,HOUSEHOLD
P06,HOUSEHOLD_1_176,2014-11-30,6,201,HOUSEHOLD
P06,HOUSEHOLD_1_176,2014-12-01,11,201,HOUSEHOLD
P06,HOUSEHOLD_1_176,2014-12-02,7,201,HOUSEHOLD
P06,HOUSEHOLD_1_176,2014-12-03,4,201,HOUSEHOLD
P06,HOUSEHOLD_1_176,2014-12-04,3,201,HOUSEHOLD
P06,HOUSEHOLD_1_176,2014-12-05,6,201,HOUSEHOLD
P06,HOUSEHOLD_1_176,2014-12-06,8,202,HOUSEHOLD
P06,HOUSEHOLD_1_176,2014-12-07,10,202,HOUSEHOLD
P06,HOUSEHOLD_1_176,2014-12-08,4,202,HOUSEHOLD
P06,HOUSEHOLD_1_176,2014-12-09,3,202,HOUSEHOLD
P06,HOUSEHOLD_1_176,2014-12-10,10,202,HOUSEHOLD
P06,HOUSEHOLD_1_176,2014-12-11,3,202,HOUSEHOLD
P06,HOUSEHOLD_1_176,2014-12-12,1,202,HOUSEHOLD
P06,HOUSEHOLD_1_176,2014-12-13,3,203,HOUSEHOLD
P06,HOUSEHOLD_1_176,2014-12-14,13,203,HOUSEHOLD
P06,HOUSEHOLD_1_176,2014-12-15,8,203,HOUSEHOLD
P06,HOUSEHOLD_1_176,2014-12-16,5,203,HOUSEHOLD
P06,HOUSEHOLD_1_176,2014-12-17,3,203,HOUSEHOLD
P06,HOUSEHOLD_1_176,2014-12-18,9,203,HOUSEHOLD
P06,HOUSEHOLD_1_176,2014-12-19,3,203,HOUSEHOLD
P06,HOUSEHOLD_1_176,2014-12-20,16,204,HOUSEHOLD
P06,HOUSEHOLD_1_176,2014-12-21,1,204,HOUSEHOLD
P06,HOUSEHOLD_1_176,2014-12-22,8,204,HOUSEHOLD
P06,HOUSEHOLD_1_176,2014-12-23,4,204,HOUSEHOLD
P06,HOUSEHOLD_1_176,2014-12-24,6,204,HOUSEHOLD
P06,HOUSEHOLD_1_176,2014-12-25,0,204,HOUSEHOLD
P06,HOUSEHOLD_1_176,2014-12-26,3,204,HOUSEHOLD
P06,HOUSEHOLD_1_176,2014-12-27,6,205,HOUSEHOLD
P06,HOUSEHOLD_1_176,2014-12-28,4,205,HOUSEHOLD
P06,HOUSEHOLD_1_176,2014-12-29,5,205,HOUSEHOLD
P06,HOUSEHOLD_1_176,2014-12-30,6,205,HOUSEHOLD
P06,HOUSEHOLD_1_176,2014-12-31,2,205,HOUSEHOLD
P06,HOUSEHOLD_1_176,2015-01-01,5,205,HOUSEHOLD
P06,HOUSEHOLD_1_176,2015-01-02,8,205,HOUSEHOLD
P06,HOUSEHOLD_1_176,2015-01-03,7,206,HOUSEHOLD
P06,HOUSEHOLD_1_176,2015-01-04,3,206,HOUSEHOLD
P06,HOUSEHOLD_1_176,2015-01-05,6,206,HOUSEHOLD
P06,HOUSEHOLD_1_176,2015-01-06,8,206,HOUSEHOLD
P06,HOUSEHOLD_1_176,2015-01-07,2,206,HOUSEHOLD
P06,HOUSEHOLD_1_176,2015-01-08,2,206,HOUSEHOLD
P06,HOUSEHOLD_1_176,2015-01-09,3,206,HOUSEHOLD
P06,HOUSEHOLD_1_176,2015-01-10,6,207,HOUSEHOLD
P06,HOUSEHOLD_1_176,2015-01-11,4,207,HOUSEHOLD
P06,HOUSEHOLD_1_176,2015-01-12,2,207,HOUSEHOLD
P06,HOUSEHOLD_1_176,2015-01-13,4,207,HOUSEHOLD
P06,HOUSEHOLD_1_176,2015-01-14,6,207,HOUSEHOLD
P06,HOUSEHOLD_1_176,2015-01-15,2,207,HOUSEHOLD
P06,HOUSEHOLD_1_176,2015-01-16,6,207,HOUSEHOLD
P06,HOUSEHOLD_1_176,2015-01-17,9,208,HOUSEHOLD
P06,HOUSEHOLD_1_176,2015-01-18,6,208,HOUSEHOLD
P06,HOUSEHOLD_1_176,2015-01-19,5,208,HOUSEHOLD
P06,HOUSEHOLD_1_176,2015-01-20,5,208,HOUSEHOLD
P06,HOUSEHOLD_1_176,2015-01-21,5,208,HOUSEHOLD
P06,HOUSEHOLD_1_176,2015-01-22,7,208,HOUSEHOLD
P06,HOUSEHOLD_1_176,2015-01-23,2,208,HOUSEHOLD
P06,HOUSEHOLD_1_176,2015-01-24,9,209,HOUSEHOLD
P06,HOUSEHOLD_1_176,2015-01-25,2,209,HOUSEHOLD
P06,HOUSEHOLD_1_176,2015-01-26,4,209,HOUSEHOLD
P06,HOUSEHOLD_1_176,2015-01-27,7,209,HOUSEHOLD
P06,HOUSEHOLD_1_176,2015-01-28,5,209,HOUSEHOLD
P06,HOUSEHOLD_1_176,2015-01-29,5,209,HOUSEHOLD
P06,HOUSEHOLD_1_176,2015-01-30,4,209,HOUSEHOLD
P06,HOUSEHOLD_1_176,2015-01-31,7,210,HOUSEHOLD
P06,HOUSEHOLD_1_176,2015-02-01,8,210,HOUSEHOLD
P06,HOUSEHOLD_1_176,2015-02-02,3,210,HOUSEHOLD
P06,HOUSEHOLD_1_176,2015-02-03,6,210,HOUSEHOLD
P06,HOUSEHOLD_1_176,2015-02-04,4,210,HOUSEHOLD
P06,HOUSEHOLD_1_176,2015-02-05,6,210,HOUSEHOLD
P06,HOUSEHOLD_1_176,2015-02-06,2,210,HOUSEHOLD
P06,HOUSEHOLD_1_176,2015-02-07,4,211,HOUSEHOLD
P06,HOUSEHOLD_1_176,2015-02-08,12,211,HOUSEHOLD
P06,HOUSEHOLD_1_176,2015-02-09,5,211,HOUSEHOLD
P06,HOUSEHOLD_1_176,2015-02-10,6,211,HOUSEHOLD
P06,HOUSEHOLD_1_176,2015-02-11,1,211,HOUSEHOLD
P06,HOUSEHOLD_1_176,2015-02-12,2,211,HOUSEHOLD
P06,HOUSEHOLD_1_176,2015-02-13,4,211,HOUSEHOLD
P06,HOUSEHOLD_1_176,2015-02-14,8,212,HOUSEHOLD
P06,HOUSEHOLD_1_176,2015-02-15,2,212,HOUSEHOLD
P06,HOUSEHOLD_1_176,2015-02-16,7,212,HOUSEHOLD
P06,HOUSEHOLD_1_176,2015-02-17,6,212,HOUSEHOLD
P06,HOUSEHOLD_1_176,2015-02-18,9,212,HOUSEHOLD
P06,HOUSEHOLD_1_176,2015-02-19,5,212,HOUSEHOLD
P06,HOUSEHOLD_1_176,2015-02-20,5,212,HOUSEHOLD
P06,HOUSEHOLD_1_176,2015-02-21,5,213,HOUSEHOLD
P06,HOUSEHOLD_1_176,2015-02-22,4,213,HOUSEHOLD
P06,HOUSEHOLD_1_176,2015-02-23,6,213,HOUSEHOLD
P06,HOUSEHOLD_1_176,2015-02-24,4,213,HOUSEHOLD
P06,HOUSEHOLD_1_176,2015-02-25,5,213,HOUSEHOLD
P06,HOUSEHOLD_1_176,2015-02-26,2,213,HOUSEHOLD
P06,HOUSEHOLD_1_176,2015-02-27,6,213,HOUSEHOLD
P06,HOUSEHOLD_1_176,2015-02-28,7,214,HOUSEHOLD
P06,HOUSEHOLD_1_176,2015-03-01,5,214,HOUSEHOLD
P06,HOUSEHOLD_1_176,2015-03-02,8,214,HOUSEHOLD
P06,HOUSEHOLD_1_176,2015-03-03,2,214,HOUSEHOLD
P06,HOUSEHOLD_1_176,2015-03-04,3,214,HOUSEHOLD
P06,HOUSEHOLD_1_176,2015-03-05,10,214,HOUSEHOLD
P06,HOUSEHOLD_1_176,2015-03-06,6,214,HOUSEHOLD
P06,HOUSEHOLD_1_176,2015-03-07,7,215,HOUSEHOLD
P06,HOUSEHOLD_1_176,2015-03-08,4,215,HOUSEHOLD
P06,HOUSEHOLD_1_176,2015-03-09,3,215,HOUSEHOLD
P06,HOUSEHOLD_1_176,2015-03-10,7,215,HOUSEHOLD
P06,HOUSEHOLD_1_176,2015-03-11,4,215,HOUSEHOLD
P06,HOUSEHOLD_1_176,2015-03-12,3,215,HOUSEHOLD
P06,HOUSEHOLD_1_176,2015-03-13,4,215,HOUSEHOLD
P06,HOUSEHOLD_1_176,2015-03-14,7,216,HOUSEHOLD
P06,HOUSEHOLD_1_176,2015-03-15,10,216,HOUSEHOLD
P06,HOUSEHOLD_1_176,2015-03-16,4,216,HOUSEHOLD
P06,HOUSEHOLD_1_176,2015-03-17,5,216,HOUSEHOLD
P06,HOUSEHOLD_1_176,2015-03-18,5,216,HOUSEHOLD
P06,HOUSEHOLD_1_176,2015-03-19,7,216,HOUSEHOLD
P06,HOUSEHOLD_1_176,2015-03-20,6,216,HOUSEHOLD
P06,HOUSEHOLD_1_176,2015-03-21,5,217,HOUSEHOLD
P06,HOUSEHOLD_1_176,2015-03-22,13,217,HOUSEHOLD
P06,HOUSEHOLD_1_176,2015-03-23,3,217,HOUSEHOLD
P06,HOUSEHOLD_1_176,2015-03-24,2,217,HOUSEHOLD
P06,HOUSEHOLD_1_176,2015-03-25,9,217,HOUSEHOLD
P06,HOUSEHOLD_1_176,2015-03-26,8,217,HOUSEHOLD
P06,HOUSEHOLD_1_176,2015-03-27,6,217,HOUSEHOLD
P06,HOUSEHOLD_1_176,2015-03-28,7,218,HOUSEHOLD
P06,HOUSEHOLD_1_176,2015-03-29,7,218,HOUSEHOLD
P06,HOUSEHOLD_1_176,2015-03-30,6,218,HOUSEHOLD
P06,HOUSEHOLD_1_176,2015-03-31,1,218,HOUSEHOLD
P06,HOUSEHOLD_1_176,2015-04-01,5,218,HOUSEHOLD
P06,HOUSEHOLD_1_176,2015-04-02,3,218,HOUSEHOLD
P06,HOUSEHOLD_1_176,2015-04-03,6,218,HOUSEHOLD
P06,HOUSEHOLD_1_176,2015-04-04,6,219,HOUSEHOLD
P06,HOUSEHOLD_1_176,2015-04-05,7,219,HOUSEHOLD
P06,HOUSEHOLD_1_176,2015-04-06,7,219,HOUSEHOLD
P06,HOUSEHOLD_1_176,2015-04-07,4,219,HOUSEHOLD
P06,HOUSEHOLD_1_176,2015-04-08,5,219,HOUSEHOLD
P06,HOUSEHOLD_1_176,2015-04-09,7,219,HOUSEHOLD
P06,HOUSEHOLD_1_176,2015-04-10,10,219,HOUSEHOLD
P06,HOUSEHOLD_1_176,2015-04-11,4,220,HOUSEHOLD
P06,HOUSEHOLD_1_176,2015-04-12,8,220,HOUSEHOLD
P06,HOUSEHOLD_1_176,2015-04-13,7,220,HOUSEHOLD
P06,HOUSEHOLD_1_176,2015-04-14,11,220,HOUSEHOLD
P06,HOUSEHOLD_1_176,2015-04-15,6,220,HOUSEHOLD
P06,HOUSEHOLD_1_176,2015-04-16,4,220,HOUSEHOLD
P06,HOUSEHOLD_1_176,2015-04-17,2,220,HOUSEHOLD
P06,HOUSEHOLD_1_176,2015-04-18,6,221,HOUSEHOLD
P06,HOUSEHOLD_1_176,2015-04-19,13,221,HOUSEHOLD
P06,HOUSEHOLD_1_176,2015-04-20,2,221,HOUSEHOLD
P06,HOUSEHOLD_1_176,2015-04-21,8,221,HOUSEHOLD
P06,HOUSEHOLD_1_176,2015-04-22,5,221,HOUSEHOLD
P06,HOUSEHOLD_1_176,2015-04-23,7,221,HOUSEHOLD
P06,HOUSEHOLD_1_176,2015-04-24,4,221,HOUSEHOLD
P06,HOUSEHOLD_1_176,2015-04-25,7,222,HOUSEHOLD
P06,HOUSEHOLD_1_176,2015-04-26,8,222,HOUSEHOLD
P06,HOUSEHOLD_1_176,2015-04-27,8,222,HOUSEHOLD
P06,HOUSEHOLD_1_176,2015-04-28,3,222,HOUSEHOLD
P06,HOUSEHOLD_1_176,2015-04-29,1,222,HOUSEHOLD
P06,HOUSEHOLD_1_176,2015-04-30,9,222,HOUSEHOLD
P06,HOUSEHOLD_1_176,2015-05-01,8,222,HOUSEHOLD
P06,HOUSEHOLD_1_176,2015-05-02,13,223,HOUSEHOLD
P06,HOUSEHOLD_1_176,2015-05-03,6,223,HOUSEHOLD
P06,HOUSEHOLD_1_176,2015-05-04,2,223,HOUSEHOLD
P06,HOUSEHOLD_1_176,2015-05-05,4,223,HOUSEHOLD
P06,HOUSEHOLD_1_176,2015-05-06,3,223,HOUSEHOLD
P06,HOUSEHOLD_1_176,2015-05-07,6,223,HOUSEHOLD
P06,HOUSEHOLD_1_176,2015-05-08,3,223,HOUSEHOLD
P06,HOUSEHOLD_1_176,2015-05-09,4,224,HOUSEHOLD
P06,HOUSEHOLD_1_176,2015-05-10,5,224,HOUSEHOLD
P06,HOUSEHOLD_1_176,2015-05-11,2,224,HOUSEHOLD
P06,HOUSEHOLD_1_176,2015-05-12,3,224,HOUSEHOLD
P06,HOUSEHOLD_1_176,2015-05-13,5,224,HOUSEHOLD
P06,HOUSEHOLD_1_176,2015-05-14,5,224,HOUSEHOLD
P06,HOUSEHOLD_1_176,2015-05-15,6,224,HOUSEHOLD
P06,HOUSEHOLD_1_176,2015-05-16,5,225,HOUSEHOLD
P06,HOUSEHOLD_1_176,2015-05-17,9,225,HOUSEHOLD
P06,HOUSEHOLD_1_176,2015-05-18,5,225,HOUSEHOLD
P06,HOUSEHOLD_1_176,2015-05-19,2,225,HOUSEHOLD
P06,HOUSEHOLD_1_176,2015-05-20,9,225,HOUSEHOLD
P06,HOUSEHOLD_1_176,2015-05-21,2,225,HOUSEHOLD
P06,HOUSEHOLD_1_176,2015-05-22,8,225,HOUSEHOLD
P06,HOUSEHOLD_1_176,2015-05-23,3,226,HOUSEHOLD
P06,HOUSEHOLD_1_176,2015-05-24,7,226,HOUSEHOLD
P06,HOUSEHOLD_1_176,2015-05-25,4,226,HOUSEHOLD
P06,HOUSEHOLD_1_176,2015-05-26,6,226,HOUSEHOLD
P06,HOUSEHOLD_1_176,2015-05-27,1,226,HOUSEHOLD
P06,HOUSEHOLD_1_176,2015-05-28,5,226,HOUSEHOLD
P06,HOUSEHOLD_1_176,2015-05-29,6,226,HOUSEHOLD
P06,HOUSEHOLD_1_176,2015-05-30,7,227,HOUSEHOLD
P06,HOUSEHOLD_1_176,2015-05-31,9,227,HOUSEHOLD
P06,HOUSEHOLD_1_176,2015-06-01,7,227,HOUSEHOLD
P06,HOUSEHOLD_1_176,2015-06-02,8,227,HOUSEHOLD
P06,HOUSEHOLD_1_176,2015-06-03,5,227,HOUSEHOLD
P06,HOUSEHOLD_1_176,2015-06-04,11,227,HOUSEHOLD
P06,HOUSEHOLD_1_176,2015-06-05,3,227,HOUSEHOLD
P06,HOUSEHOLD_1_176,2015-06-06,12,228,HOUSEHOLD
P06,HOUSEHOLD_1_176,2015-06-07,8,228,HOUSEHOLD
P06,HOUSEHOLD_1_176,2015-06-08,6,228,HOUSEHOLD
P06,HOUSEHOLD_1_176,2015-06-09,7,228,HOUSEHOLD
P06,HOUSEHOLD_1_176,2015-06-10,7,228,HOUSEHOLD
P06,HOUSEHOLD_1_176,2015-06-11,7,228,HOUSEHOLD
P06,HOUSEHOLD_1_176,2015-06-12,5,228,HOUSEHOLD
P06,HOUSEHOLD_1_176,2015-06-13,15,229,HOUSEHOLD
P06,HOUSEHOLD_1_176,2015-06-14,11,229,HOUSEHOLD
P06,HOUSEHOLD_1_176,2015-06-15,7,229,HOUSEHOLD
P06,HOUSEHOLD_1_176,2015-06-16,3,229,HOUSEHOLD
P06,HOUSEHOLD_1_176,2015-06-17,8,229,HOUSEHOLD
P06,HOUSEHOLD_1_176,2015-06-18,3,229,HOUSEHOLD
P06,HOUSEHOLD_1_176,2015-06-19,5,229,HOUSEHOLD
P06,HOUSEHOLD_1_176,2015-06-20,4,230,HOUSEHOLD
P06,HOUSEHOLD_1_176,2015-06-21,16,230,HOUSEHOLD
P06,HOUSEHOLD_1_176,2015-06-22,7,230,HOUSEHOLD
P06,HOUSEHOLD_1_176,2015-06-23,6,230,HOUSEHOLD
P06,HOUSEHOLD_1_176,2015-06-24,0,230,HOUSEHOLD
P06,HOUSEHOLD_1_176,2015-06-25,7,230,HOUSEHOLD
P06,HOUSEHOLD_1_176,2015-06-26,8,230,HOUSEHOLD
P06,HOUSEHOLD_1_176,2015-06-27,4,231,HOUSEHOLD
P06,HOUSEHOLD_1_176,2015-06-28,9,231,HOUSEHOLD
P06,HOUSEHOLD_1_176,2015-06-29,6,231,HOUSEHOLD
P06,HOUSEHOLD_1_176,2015-06-30,7,231,HOUSEHOLD
P06,HOUSEHOLD_1_176,2015-07-01,7,231,HOUSEHOLD
P06,HOUSEHOLD_1_176,2015-07-02,1,231,HOUSEHOLD
P06,HOUSEHOLD_1_176,2015-07-03,9,231,HOUSEHOLD
P06,HOUSEHOLD_1_176,2015-07-04,12,232,HOUSEHOLD
P06,HOUSEHOLD_1_176,2015-07-05,8,232,HOUSEHOLD
P06,HOUSEHOLD_1_176,2015-07-06,6,232,HOUSEHOLD
P06,HOUSEHOLD_1_176,2015-07-07,5,232,HOUSEHOLD
P06,HOUSEHOLD_1_176,2015-07-08,9,232,HOUSEHOLD
P06,HOUSEHOLD_1_176,2015-07-09,6,232,HOUSEHOLD
P06,HOUSEHOLD_1_176,2015-07-10,2,232,HOUSEHOLD
P06,HOUSEHOLD_1_176,2015-07-11,10,233,HOUSEHOLD
P06,HOUSEHOLD_1_176,2015-07-12,9,233,HOUSEHOLD
P06,HOUSEHOLD_1_176,2015-07-13,7,233,HOUSEHOLD
P06,HOUSEHOLD_1_176,2015-07-14,9,233,HOUSEHOLD
P06,HOUSEHOLD_1_176,2015-07-15,3,233,HOUSEHOLD
P06,HOUSEHOLD_1_176,2015-07-16,6,233,HOUSEHOLD
P06,HOUSEHOLD_1_176,2015-07-17,6,233,HOUSEHOLD
P06,HOUSEHOLD_1_176,2015-07-18,9,234,HOUSEHOLD
P06,HOUSEHOLD_1_176,2015-07-19,10,234,HOUSEHOLD
P06,HOUSEHOLD_1_176,2015-07-20,10,234,HOUSEHOLD
P06,HOUSEHOLD_1_176,2015-07-21,5,234,HOUSEHOLD
P06,HOUSEHOLD_1_176,2015-07-22,8,234,HOUSEHOLD
P06,HOUSEHOLD_1_176,2015-07-23,4,234,HOUSEHOLD
P06,HOUSEHOLD_1_176,2015-07-24,7,234,HOUSEHOLD
P06,HOUSEHOLD_1_176,2015-07-25,2,235,HOUSEHOLD
P06,HOUSEHOLD_1_176,2015-07-26,13,235,HOUSEHOLD
P06,HOUSEHOLD_1_176,2015-07-27,6,235,HOUSEHOLD
P06,HOUSEHOLD_1_176,2015-07-28,6,235,HOUSEHOLD
P06,HOUSEHOLD_1_176,2015-07-29,4,235,HOUSEHOLD
P06,HOUSEHOLD_1_176,2015-07-30,5,235,HOUSEHOLD
P06,HOUSEHOLD_1_176,2015-07-31,11,235,HOUSEHOLD
P06,HOUSEHOLD_1_176,2015-08-01,9,236,HOUSEHOLD
P06,HOUSEHOLD_1_176,2015-08-02,10,236,HOUSEHOLD
P06,HOUSEHOLD_1_176,2015-08-03,2,236,HOUSEHOLD
P06,HOUSEHOLD_1_176,2015-08-04,5,236,HOUSEHOLD
P06,HOUSEHOLD_1_176,2015-08-05,5,236,HOUSEHOLD
P06,HOUSEHOLD_1_176,2015-08-06,7,236,HOUSEHOLD
P06,HOUSEHOLD_1_176,2015-08-07,4,236,HOUSEHOLD
P06,HOUSEHOLD_1_176,2015-08-08,7,237,HOUSEHOLD
P06,HOUSEHOLD_1_176,2015-08-09,9,237,HOUSEHOLD
P06,HOUSEHOLD_1_176,2015-08-10,6,237,HOUSEHOLD
P06,HOUSEHOLD_1_176,2015-08-11,6,237,HOUSEHOLD
P06,HOUSEHOLD_1_176,2015-08-12,3,237,HOUSEHOLD
P06,HOUSEHOLD_1_176,2015-08-13,1,237,HOUSEHOLD
P06,HOUSEHOLD_1_176,2015-08-14,9,237,HOUSEHOLD
P06,HOUSEHOLD_1_176,2015-08-15,8,238,HOUSEHOLD
P06,HOUSEHOLD_1_176,2015-08-16,16,238,HOUSEHOLD
P06,HOUSEHOLD_1_176,2015-08-17,2,238,HOUSEHOLD
P06,HOUSEHOLD_1_176,2015-08-18,3,238,HOUSEHOLD
P06,HOUSEHOLD_1_176,2015-08-19,3,238,HOUSEHOLD
P06,HOUSEHOLD_1_176,2015-08-20,6,238,HOUSEHOLD
P06,HOUSEHOLD_1_176,2015-08-21,8,238,HOUSEHOLD
P06,HOUSEHOLD_1_176,2015-08-22,7,239,HOUSEHOLD
P06,HOUSEHOLD_1_176,2015-08-23,4,239,HOUSEHOLD
P06,HOUSEHOLD_1_176,2015-08-24,3,239,HOUSEHOLD
P06,HOUSEHOLD_1_176,2015-08-25,4,239,HOUSEHOLD
P06,HOUSEHOLD_1_176,2015-08-26,7,239,HOUSEHOLD
P06,HOUSEHOLD_1_176,2015-08-27,2,239,HOUSEHOLD
P06,HOUSEHOLD_1_176,2015-08-28,1,239,HOUSEHOLD
P06,HOUSEHOLD_1_176,2015-08-29,7,240,HOUSEHOLD
P06,HOUSEHOLD_1_176,2015-08-30,12,240,HOUSEHOLD
P06,HOUSEHOLD_1_176,2015-08-31,3,240,HOUSEHOLD
P06,HOUSEHOLD_1_176,2015-09-01,7,240,HOUSEHOLD
P06,HOUSEHOLD_1_176,2015-09-02,5,240,HOUSEHOLD
P06,HOUSEHOLD_1_176,2015-09-03,8,240,HOUSEHOLD
P06,HOUSEHOLD_1_176,2015-09-04,9,240,HOUSEHOLD
P06,HOUSEHOLD_1_176,2015-09-05,13,241,HOUSEHOLD
P06,HOUSEHOLD_1_176,2015-09-06,5,241,HOUSEHOLD
P06,HOUSEHOLD_1_176,2015-09-07,8,241,HOUSEHOLD
P06,HOUSEHOLD_1_176,2015-09-08,10,241,HOUSEHOLD
P06,HOUSEHOLD_1_176,2015-09-09,7,241,HOUSEHOLD
P06,HOUSEHOLD_1_176,2015-09-10,5,241,HOUSEHOLD
P06,HOUSEHOLD_1_176,2015-09-11,4,241,HOUSEHOLD
P06,HOUSEHOLD_1_176,2015-09-12,8,242,HOUSEHOLD
P06,HOUSEHOLD_1_176,2015-09-13,11,242,HOUSEHOLD
P06,HOUSEHOLD_1_176,2015-09-14,9,242,HOUSEHOLD
P06,HOUSEHOLD_1_176,2015-09-15,3,242,HOUSEHOLD
P06,HOUSEHOLD_1_176,2015-09-16,2,242,HOUSEHOLD
P06,HOUSEHOLD_1_176,2015-09-17,7,242,HOUSEHOLD
P06,HOUSEHOLD_1_176,2015-09-18,6,242,HOUSEHOLD
P06,HOUSEHOLD_1_176,2015-09-19,6,243,HOUSEHOLD
P06,HOUSEHOLD_1_176,2015-09-20,6,243,HOUSEHOLD
P06,HOUSEHOLD_1_176,2015-09-21,7,243,HOUSEHOLD
P06,HOUSEHOLD_1_176,2015-09-22,8,243,HOUSEHOLD
P06,HOUSEHOLD_1_176,2015-09-23,3,243,HOUSEHOLD
P06,HOUSEHOLD_1_176,2015-09-24,5,243,HOUSEHOLD
P06,HOUSEHOLD_1_176,2015-09-25,6,243,HOUSEHOLD
P06,HOUSEHOLD_1_176,2015-09-26,7,244,HOUSEHOLD
P06,HOUSEHOLD_1_176,2015-09-27,5,244,HOUSEHOLD
P06,HOUSEHOLD_1_176,2015-09-28,2,244,HOUSEHOLD
P06,HOUSEHOLD_1_176,2015-09-29,2,244,HOUSEHOLD
P06,HOUSEHOLD_1_176,2015-09-30,4,244,HOUSEHOLD
P06,HOUSEHOLD_1_176,2015-10-01,1,244,HOUSEHOLD
P06,HOUSEHOLD_1_176,2015-10-02,9,244,HOUSEHOLD
P06,HOUSEHOLD_1_176,2015-10-03,6,245,HOUSEHOLD
P06,HOUSEHOLD_1_176,2015-10-04,7,245,HOUSEHOLD
P06,HOUSEHOLD_1_176,2015-10-05,5,245,HOUSEHOLD
P06,HOUSEHOLD_1_176,2015-10-06,4,245,HOUSEHOLD
P06,HOUSEHOLD_1_176,2015-10-07,5,245,HOUSEHOLD
P06,HOUSEHOLD_1_176,2015-10-08,1,245,HOUSEHOLD
P06,HOUSEHOLD_1_176,2015-10-09,6,245,HOUSEHOLD
P06,HOUSEHOLD_1_176,2015-10-10,4,246,HOUSEHOLD
P06,HOUSEHOLD_1_176,2015-10-11,5,246,HOUSEHOLD
P06,HOUSEHOLD_1_176,2015-10-12,7,246,HOUSEHOLD
P06,HOUSEHOLD_1_176,2015-10-13,6,246,HOUSEHOLD
P06,HOUSEHOLD_1_176,2015-10-14,4,246,HOUSEHOLD
P06,HOUSEHOLD_1_176,2015-10-15,5,246,HOUSEHOLD
P06,HOUSEHOLD_1_176,2015-10-16,4,246,HOUSEHOLD
P06,HOUSEHOLD_1_176,2015-10-17,3,247,HOUSEHOLD
P06,HOUSEHOLD_1_176,2015-10-18,6,247,HOUSEHOLD
P06,HOUSEHOLD_1_176,2015-10-19,3,247,HOUSEHOLD
P06,HOUSEHOLD_1_176,2015-10-20,1,247,HOUSEHOLD
P06,HOUSEHOLD_1_176,2015-10-21,3,247,HOUSEHOLD
P06,HOUSEHOLD_1_176,2015-10-22,0,247,HOUSEHOLD
P06,HOUSEHOLD_1_176,2015-10-23,3,247,HOUSEHOLD
P06,HOUSEHOLD_1_176,2015-10-24,4,248,HOUSEHOLD
P06,HOUSEHOLD_1_176,2015-10-25,5,248,HOUSEHOLD
P06,HOUSEHOLD_1_176,2015-10-26,5,248,HOUSEHOLD
P06,HOUSEHOLD_1_176,2015-10-27,5,248,HOUSEHOLD
P06,HOUSEHOLD_1_176,2015-10-28,5,248,HOUSEHOLD
P06,HOUSEHOLD_1_176,2015-10-29,6,248,HOUSEHOLD
P06,HOUSEHOLD_1_176,2015-10-30,7,248,HOUSEHOLD
P06,HOUSEHOLD_1_176,2015-10-31,9,249,HOUSEHOLD
P06,HOUSEHOLD_1_176,2015-11-01,7,249,HOUSEHOLD
P06,HOUSEHOLD_1_176,2015-11-02,3,249,HOUSEHOLD
P06,HOUSEHOLD_1_176,2015-11-03,8,249,HOUSEHOLD
P06,HOUSEHOLD_1_176,2015-11-04,2,249,HOUSEHOLD
P06,HOUSEHOLD_1_176,2015-11-05,1,249,HOUSEHOLD
P06,HOUSEHOLD_1_176,2015-11-06,1,249,HOUSEHOLD
P06,HOUSEHOLD_1_176,2015-11-07,8,250,HOUSEHOLD
P06,HOUSEHOLD_1_176,2015-11-08,8,250,HOUSEHOLD
P06,HOUSEHOLD_1_176,2015-11-09,4,250,HOUSEHOLD
P06,HOUSEHOLD_1_176,2015-11-10,2,250,HOUSEHOLD
P06,HOUSEHOLD_1_176,2015-11-11,6,250,HOUSEHOLD
P06,HOUSEHOLD_1_176,2015-11-12,4,250,HOUSEHOLD
P06,HOUSEHOLD_1_176,2015-11-13,4,250,HOUSEHOLD
P06,HOUSEHOLD_1_176,2015-11-14,10,251,HOUSEHOLD
P06,HOUSEHOLD_1_176,2015-11-15,7,251,HOUSEHOLD
P06,HOUSEHOLD_1_176,2015-11-16,4,251,HOUSEHOLD
P06,HOUSEHOLD_1_176,2015-11-17,8,251,HOUSEHOLD
P06,HOUSEHOLD_1_176,2015-11-18,5,251,HOUSEHOLD
P06,HOUSEHOLD_1_176,2015-11-19,9,251,HOUSEHOLD
P06,HOUSEHOLD_1_176,2015-11-20,7,251,HOUSEHOLD
P06,HOUSEHOLD_1_176,2015-11-21,8,252,HOUSEHOLD
P06,HOUSEHOLD_1_176,2015-11-22,7,252,HOUSEHOLD
P06,HOUSEHOLD_1_176,2015-11-23,7,252,HOUSEHOLD
P06,HOUSEHOLD_1_176,2015-11-24,6,252,HOUSEHOLD
P06,HOUSEHOLD_1_176,2015-11-25,3,252,HOUSEHOLD
P06,HOUSEHOLD_1_176,2015-11-26,1,252,HOUSEHOLD
P06,HOUSEHOLD_1_176,2015-11-27,4,252,HOUSEHOLD
P06,HOUSEHOLD_1_176,2015-11-28,4,253,HOUSEHOLD
P06,HOUSEHOLD_1_176,2015-11-29,6,253,HOUSEHOLD
P06,HOUSEHOLD_1_176,2015-11-30,10,253,HOUSEHOLD
P06,HOUSEHOLD_1_176,2015-12-01,2,253,HOUSEHOLD
P06,HOUSEHOLD_1_176,2015-12-02,7,253,HOUSEHOLD
P06,HOUSEHOLD_1_176,2015-12-03,6,253,HOUSEHOLD
P06,HOUSEHOLD_1_176,2015-12-04,5,253,HOUSEHOLD
P06,HOUSEHOLD_1_176,2015-12-05,3,254,HOUSEHOLD
P06,HOUSEHOLD_1_176,2015-12-06,6,254,HOUSEHOLD
P06,HOUSEHOLD_1_176,2015-12-07,8,254,HOUSEHOLD
P06,HOUSEHOLD_1_176,2015-12-08,5,254,HOUSEHOLD
P06,HOUSEHOLD_1_176,2015-12-09,8,254,HOUSEHOLD
P06,HOUSEHOLD_1_176,2015-12-10,6,254,HOUSEHOLD
P06,HOUSEHOLD_1_176,2015-12-11,4,254,HOUSEHOLD
P06,HOUSEHOLD_1_176,2015-12-12,9,255,HOUSEHOLD
P06,HOUSEHOLD_1_176,2015-12-13,7,255,HOUSEHOLD
P06,HOUSEHOLD_1_176,2015-12-14,1,255,HOUSEHOLD
P06,HOUSEHOLD_1_176,2015-12-15,13,255,HOUSEHOLD
P06,HOUSEHOLD_1_176,2015-12-16,1,255,HOUSEHOLD
P06,HOUSEHOLD_1_176,2015-12-17,5,255,HOUSEHOLD
P06,HOUSEHOLD_1_176,2015-12-18,6,255,HOUSEHOLD
P06,HOUSEHOLD_1_176,2015-12-19,8,256,HOUSEHOLD
P06,HOUSEHOLD_1_176,2015-12-20,8,256,HOUSEHOLD
P06,HOUSEHOLD_1_176,2015-12-21,7,256,HOUSEHOLD
P06,HOUSEHOLD_1_176,2015-12-22,7,256,HOUSEHOLD
P06,HOUSEHOLD_1_176,2015-12-23,5,256,HOUSEHOLD
P06,HOUSEHOLD_1_176,2015-12-24,4,256,HOUSEHOLD
P06,HOUSEHOLD_1_176,2015-12-25,0,256,HOUSEHOLD
P06,HOUSEHOLD_1_176,2015-12-26,5,257,HOUSEHOLD
P06,HOUSEHOLD_1_176,2015-12-27,5,257,HOUSEHOLD
P06,HOUSEHOLD_1_176,2015-12-28,7,257,HOUSEHOLD
P06,HOUSEHOLD_1_176,2015-12-29,3,257,HOUSEHOLD
P06,HOUSEHOLD_1_176,2015-12-30,7,257,HOUSEHOLD
P06,HOUSEHOLD_1_176,2015-12-31,10,257,HOUSEHOLD
P06,HOUSEHOLD_1_176,2016-01-01,6,257,HOUSEHOLD
P06,HOUSEHOLD_1_176,2016-01-02,6,258,HOUSEHOLD
P06,HOUSEHOLD_1_176,2016-01-03,11,258,HOUSEHOLD
P06,HOUSEHOLD_1_176,2016-01-04,9,258,HOUSEHOLD
P06,HOUSEHOLD_1_176,2016-01-05,1,258,HOUSEHOLD
P06,HOUSEHOLD_1_176,2016-01-06,6,258,HOUSEHOLD
P06,HOUSEHOLD_1_176,2016-01-07,3,258,HOUSEHOLD
P06,HOUSEHOLD_1_176,2016-01-08,5,258,HOUSEHOLD
P06,HOUSEHOLD_1_176,2016-01-09,5,259,HOUSEHOLD
P06,HOUSEHOLD_1_176,2016-01-10,6,259,HOUSEHOLD
P06,HOUSEHOLD_1_176,2016-01-11,4,259,HOUSEHOLD
P06,HOUSEHOLD_1_176,2016-01-12,7,259,HOUSEHOLD
P06,HOUSEHOLD_1_176,2016-01-13,2,259,HOUSEHOLD
P06,HOUSEHOLD_1_176,2016-01-14,6,259,HOUSEHOLD
P06,HOUSEHOLD_1_176,2016-01-15,6,259,HOUSEHOLD
P06,HOUSEHOLD_1_176,2016-01-16,10,260,HOUSEHOLD
P06,HOUSEHOLD_1_176,2016-01-17,3,260,HOUSEHOLD
P06,HOUSEHOLD_1_176,2016-01-18,7,260,HOUSEHOLD
P06,HOUSEHOLD_1_176,2016-01-19,2,260,HOUSEHOLD
P06,HOUSEHOLD_1_176,2016-01-20,6,260,HOUSEHOLD
P06,HOUSEHOLD_1_176,2016-01-21,5,260,HOUSEHOLD
P06,HOUSEHOLD_1_176,2016-01-22,3,260,HOUSEHOLD
P06,HOUSEHOLD_1_176,2016-01-23,10,261,HOUSEHOLD
P06,HOUSEHOLD_1_176,2016-01-24,8,261,HOUSEHOLD
P06,HOUSEHOLD_1_176,2016-01-25,6,261,HOUSEHOLD
P06,HOUSEHOLD_1_176,2016-01-26,8,261,HOUSEHOLD
P06,HOUSEHOLD_1_176,2016-01-27,7,261,HOUSEHOLD
P06,HOUSEHOLD_1_176,2016-01-28,5,261,HOUSEHOLD
P06,HOUSEHOLD_1_176,2016-01-29,4,261,HOUSEHOLD
P06,HOUSEHOLD_1_176,2016-01-30,9,262,HOUSEHOLD
P06,HOUSEHOLD_1_176,2016-01-31,8,262,HOUSEHOLD
P06,HOUSEHOLD_1_176,2016-02-01,4,262,HOUSEHOLD
P06,HOUSEHOLD_1_176,2016-02-02,3,262,HOUSEHOLD
P06,HOUSEHOLD_1_176,2016-02-03,4,262,HOUSEHOLD
P06,HOUSEHOLD_1_176,2016-02-04,7,262,HOUSEHOLD
P06,HOUSEHOLD_1_176,2016-02-05,6,262,HOUSEHOLD
P06,HOUSEHOLD_1_176,2016-02-06,4,263,HOUSEHOLD
P06,HOUSEHOLD_1_176,2016-02-07,5,263,HOUSEHOLD
P06,HOUSEHOLD_1_176,2016-02-08,6,263,HOUSEHOLD
P06,HOUSEHOLD_1_176,2016-02-09,3,263,HOUSEHOLD
P06,HOUSEHOLD_1_176,2016-02-10,1,263,HOUSEHOLD
P06,HOUSEHOLD_1_176,2016-02-11,3,263,HOUSEHOLD
P06,HOUSEHOLD_1_176,2016-02-12,7,263,HOUSEHOLD
P06,HOUSEHOLD_1_176,2016-02-13,9,264,HOUSEHOLD
P06,HOUSEHOLD_1_176,2016-02-14,5,264,HOUSEHOLD
P06,HOUSEHOLD_1_176,2016-02-15,4,264,HOUSEHOLD
P06,HOUSEHOLD_1_176,2016-02-16,4,264,HOUSEHOLD
P06,HOUSEHOLD_1_176,2016-02-17,5,264,HOUSEHOLD
P06,HOUSEHOLD_1_176,2016-02-18,6,264,HOUSEHOLD
P06,HOUSEHOLD_1_176,2016-02-19,5,264,HOUSEHOLD
P06,HOUSEHOLD_1_176,2016-02-20,15,265,HOUSEHOLD
P06,HOUSEHOLD_1_176,2016-02-21,10,265,HOUSEHOLD
P06,HOUSEHOLD_1_176,2016-02-22,8,265,HOUSEHOLD
P06,HOUSEHOLD_1_176,2016-02-23,7,265,HOUSEHOLD
P06,HOUSEHOLD_1_176,2016-02-24,8,265,HOUSEHOLD
P06,HOUSEHOLD_1_176,2016-02-25,4,265,HOUSEHOLD
P06,HOUSEHOLD_1_176,2016-02-26,12,265,HOUSEHOLD
P06,HOUSEHOLD_1_176,2016-02-27,16,266,HOUSEHOLD
P06,HOUSEHOLD_1_176,2016-02-28,7,266,HOUSEHOLD
P06,HOUSEHOLD_1_176,2016-02-29,4,266,HOUSEHOLD
P06,HOUSEHOLD_1_176,2016-03-01,8,266,HOUSEHOLD
P06,HOUSEHOLD_1_176,2016-03-02,5,266,HOUSEHOLD
P06,HOUSEHOLD_1_176,2016-03-03,4,266,HOUSEHOLD
P06,HOUSEHOLD_1_176,2016-03-04,7,266,HOUSEHOLD
P06,HOUSEHOLD_1_176,2016-03-05,7,267,HOUSEHOLD
P06,HOUSEHOLD_1_176,2016-03-06,10,267,HOUSEHOLD
P06,HOUSEHOLD_1_176,2016-03-07,11,267,HOUSEHOLD
P06,HOUSEHOLD_1_176,2016-03-08,3,267,HOUSEHOLD
P06,HOUSEHOLD_1_176,2016-03-09,1,267,HOUSEHOLD
P06,HOUSEHOLD_1_176,2016-03-10,5,267,HOUSEHOLD
P06,HOUSEHOLD_1_176,2016-03-11,4,267,HOUSEHOLD
P06,HOUSEHOLD_1_176,2016-03-12,4,268,HOUSEHOLD
P06,HOUSEHOLD_1_176,2016-03-13,11,268,HOUSEHOLD
P06,HOUSEHOLD_1_176,2016-03-14,9,268,HOUSEHOLD
P06,HOUSEHOLD_1_176,2016-03-15,10,268,HOUSEHOLD
P06,HOUSEHOLD_1_176,2016-03-16,2,268,HOUSEHOLD
P06,HOUSEHOLD_1_176,2016-03-17,8,268,HOUSEHOLD
P06,HOUSEHOLD_1_176,2016-03-18,5,268,HOUSEHOLD
P06,HOUSEHOLD_1_176,2016-03-19,13,269,HOUSEHOLD
P06,HOUSEHOLD_1_176,2016-03-20,7,269,HOUSEHOLD
P06,HOUSEHOLD_1_176,2016-03-21,6,269,HOUSEHOLD
P06,HOUSEHOLD_1_176,2016-03-22,2,269,HOUSEHOLD
P06,HOUSEHOLD_1_176,2016-03-23,7,269,HOUSEHOLD
P06,HOUSEHOLD_1_176,2016-03-24,3,269,HOUSEHOLD
P06,HOUSEHOLD_1_176,2016-03-25,7,269,HOUSEHOLD
P06,HOUSEHOLD_1_176,2016-03-26,7,270,HOUSEHOLD
P06,HOUSEHOLD_1_176,2016-03-27,4,270,HOUSEHOLD
P06,HOUSEHOLD_1_176,2016-03-28,7,270,HOUSEHOLD
P06,HOUSEHOLD_1_176,2016-03-29,10,270,HOUSEHOLD
P06,HOUSEHOLD_1_176,2016-03-30,4,270,HOUSEHOLD
P06,HOUSEHOLD_1_176,2016-03-31,5,270,HOUSEHOLD
P06,HOUSEHOLD_1_176,2016-04-01,7,270,HOUSEHOLD
P06,HOUSEHOLD_1_176,2016-04-02,8,271,HOUSEHOLD
P06,HOUSEHOLD_1_176,2016-04-03,15,271,HOUSEHOLD
P06,HOUSEHOLD_1_176,2016-04-04,10,271,HOUSEHOLD
P06,HOUSEHOLD_1_176,2016-04-05,5,271,HOUSEHOLD
P06,HOUSEHOLD_1_176,2016-04-06,4,271,HOUSEHOLD
P06,HOUSEHOLD_1_176,2016-04-07,4,271,HOUSEHOLD
P06,HOUSEHOLD_1_176,2016-04-08,6,271,HOUSEHOLD
P06,HOUSEHOLD_1_176,2016-04-09,11,272,HOUSEHOLD
P06,HOUSEHOLD_1_176,2016-04-10,13,272,HOUSEHOLD
P06,HOUSEHOLD_1_176,2016-04-11,7,272,HOUSEHOLD
P06,HOUSEHOLD_1_176,2016-04-12,7,272,HOUSEHOLD
P06,HOUSEHOLD_1_176,2016-04-13,4,272,HOUSEHOLD
P06,HOUSEHOLD_1_176,2016-04-14,9,272,HOUSEHOLD
P06,HOUSEHOLD_1_176,2016-04-15,1,272,HOUSEHOLD
P06,HOUSEHOLD_1_176,2016-04-16,3,273,HOUSEHOLD
P06,HOUSEHOLD_1_176,2016-04-17,12,273,HOUSEHOLD
P06,HOUSEHOLD_1_176,2016-04-18,2,273,HOUSEHOLD
P06,HOUSEHOLD_1_176,2016-04-19,7,273,HOUSEHOLD
P06,HOUSEHOLD_1_176,2016-04-20,4,273,HOUSEHOLD
P06,HOUSEHOLD_1_176,2016-04-21,5,273,HOUSEHOLD
P06,HOUSEHOLD_1_176,2016-04-22,9,273,HOUSEHOLD
P07,HOUSEHOLD_2_001,2011-01-29,1,1,HOUSEHOLD
P07,HOUSEHOLD_2_001,2011-01-30,10,1,HOUSEHOLD
P07,HOUSEHOLD_2_001,2011-01-31,2,1,HOUSEHOLD
P07,HOUSEHOLD_2_001,2011-02-01,4,1,HOUSEHOLD
P07,HOUSEHOLD_2_001,2011-02-02,3,1,HOUSEHOLD
P07,HOUSEHOLD_2_001,2011-02-03,6,1,HOUSEHOLD
P07,HOUSEHOLD_2_001,2011-02-04,5,1,HOUSEHOLD
P07,HOUSEHOLD_2_001,2011-02-05,5,2,HOUSEHOLD
P07,HOUSEHOLD_2_001,2011-02-06,10,2,HOUSEHOLD
P07,HOUSEHOLD_2_001,2011-02-07,4,2,HOUSEHOLD
P07,HOUSEHOLD_2_001,2011-02-08,1,2,HOUSEHOLD
P07,HOUSEHOLD_2_001,2011-02-09,7,2,HOUSEHOLD
P07,HOUSEHOLD_2_001,2011-02-10,2,2,HOUSEHOLD
P07,HOUSEHOLD_2_001,2011-02-11,3,2,HOUSEHOLD
P07,HOUSEHOLD_2_001,2011-02-12,6,3,HOUSEHOLD
P07,HOUSEHOLD_2_001,2011-02-13,8,3,HOUSEHOLD
P07,HOUSEHOLD_2_001,2011-02-14,1,3,HOUSEHOLD
P07,HOUSEHOLD_2_001,2011-02-15,4,3,HOUSEHOLD
P07,HOUSEHOLD_2_001,2011-02-16,2,3,HOUSEHOLD
P07,HOUSEHOLD_2_001,2011-02-17,4,3,HOUSEHOLD
P07,HOUSEHOLD_2_001,2011-02-18,7,3,HOUSEHOLD
P07,HOUSEHOLD_2_001,2011-02-19,4,4,HOUSEHOLD
P07,HOUSEHOLD_2_001,2011-02-20,5,4,HOUSEHOLD
P07,HOUSEHOLD_2_001,2011-02-21,4,4,HOUSEHOLD
P07,HOUSEHOLD_2_001,2011-02-22,4,4,HOUSEHOLD
P07,HOUSEHOLD_2_001,2011-02-23,3,4,HOUSEHOLD
P07,HOUSEHOLD_2_001,2011-02-24,4,4,HOUSEHOLD
P07,HOUSEHOLD_2_001,2011-02-25,3,4,HOUSEHOLD
P07,HOUSEHOLD_2_001,2011-02-26,6,5,HOUSEHOLD
P07,HOUSEHOLD_2_001,2011-02-27,5,5,HOUSEHOLD
P07,HOUSEHOLD_2_001,2011-02-28,6,5,HOUSEHOLD
P07,HOUSEHOLD_2_001,2011-03-01,3,5,HOUSEHOLD
P07,HOUSEHOLD_2_001,2011-03-02,0,5,HOUSEHOLD
P07,HOUSEHOLD_2_001,2011-03-03,2,5,HOUSEHOLD
P07,HOUSEHOLD_2_001,2011-03-04,3,5,HOUSEHOLD
P07,HOUSEHOLD_2_001,2011-03-05,4,6,HOUSEHOLD
P07,HOUSEHOLD_2_001,2011-03-06,11,6,HOUSEHOLD
P07,HOUSEHOLD_2_001,2011-03-07,8,6,HOUSEHOLD
P07,HOUSEHOLD_2_001,2011-03-08,4,6,HOUSEHOLD
P07,HOUSEHOLD_2_001,2011-03-09,2,6,HOUSEHOLD
P07,HOUSEHOLD_2_001,2011-03-10,7,6,HOUSEHOLD
P07,HOUSEHOLD_2_001,2011-03-11,3,6,HOUSEHOLD
P07,HOUSEHOLD_2_001,2011-03-12,3,7,HOUSEHOLD
P07,HOUSEHOLD_2_001,2011-03-13,3,7,HOUSEHOLD
P07,HOUSEHOLD_2_001,2011-03-14,1,7,HOUSEHOLD
P07,HOUSEHOLD_2_001,2011-03-15,3,7,HOUSEHOLD
P07,HOUSEHOLD_2_001,2011-03-16,1,7,HOUSEHOLD
P07,HOUSEHOLD_2_001,2011-03-17,1,7,HOUSEHOLD
P07,HOUSEHOLD_2_001,2011-03-18,3,7,HOUSEHOLD
P07,HOUSEHOLD_2_001,2011-03-19,5,8,HOUSEHOLD
P07,HOUSEHOLD_2_001,2011-03-20,7,8,HOUSEHOLD
P07,HOUSEHOLD_2_001,2011-03-21,3,8,HOUSEHOLD
P07,HOUSEHOLD_2_001,2011-03-22,6,8,HOUSEHOLD
P07,HOUSEHOLD_2_001,2011-03-23,6,8,HOUSEHOLD
P07,HOUSEHOLD_2_001,2011-03-24,1,8,HOUSEHOLD
P07,HOUSEHOLD_2_001,2011-03-25,2,8,HOUSEHOLD
P07,HOUSEHOLD_2_001,2011-03-26,5,9,HOUSEHOLD
P07,HOUSEHOLD_2_001,2011-03-27,6,9,HOUSEHOLD
P07,HOUSEHOLD_2_001,2011-03-28,2,9,HOUSEHOLD
P07,HOUSEHOLD_2_001,2011-03-29,9,9,HOUSEHOLD
P07,HOUSEHOLD_2_001,2011-03-30,3,9,HOUSEHOLD
P07,HOUSEHOLD_2_001,2011-03-31,1,9,HOUSEHOLD
P07,HOUSEHOLD_2_001,2011-04-01,6,9,HOUSEHOLD
P07,HOUSEHOLD_2_001,2011-04-02,4,10,HOUSEHOLD
P07,HOUSEHOLD_2_001,2011-04-03,4,10,HOUSEHOLD
P07,HOUSEHOLD_2_001,2011-04-04,3,10,HOUSEHOLD
P07,HOUSEHOLD_2_001,2011-04-05,3,10,HOUSEHOLD
P07,HOUSEHOLD_2_001,2011-04-06,3,10,HOUSEHOLD
P07,HOUSEHOLD_2_001,2011-04-07,3,10,HOUSEHOLD
P07,HOUSEHOLD_2_001,2011-04-08,1,10,HOUSEHOLD
P07,HOUSEHOLD_2_001,2011-04-09,12,11,HOUSEHOLD
P07,HOUSEHOLD_2_001,2011-04-10,6,11,HOUSEHOLD
P07,HOUSEHOLD_2_001,2011-04-11,1,11,HOUSEHOLD
P07,HOUSEHOLD_2_001,2011-04-12,2,11,HOUSEHOLD
P07,HOUSEHOLD_2_001,2011-04-13,1,11,HOUSEHOLD
P07,HOUSEHOLD_2_001,2011-04-14,2,11,HOUSEHOLD
P07,HOUSEHOLD_2_001,2011-04-15,4,11,HOUSEHOLD
P07,HOUSEHOLD_2_001,2011-04-16,9,12,HOUSEHOLD
P07,HOUSEHOLD_2_001,2011-04-17,9,12,HOUSEHOLD
P07,HOUSEHOLD_2_001,2011-04-18,5,12,HOUSEHOLD
P07,HOUSEHOLD_2_001,2011-04-19,3,12,HOUSEHOLD
P07,HOUSEHOLD_2_001,2011-04-20,6,12,HOUSEHOLD
P07,HOUSEHOLD_2_001,2011-04-21,3,12,HOUSEHOLD
P07,HOUSEHOLD_2_001,2011-04-22,3,12,HOUSEHOLD
P07,HOUSEHOLD_2_001,2011-04-23,3,13,HOUSEHOLD
P07,HOUSEHOLD_2_001,2011-04-24,6,13,HOUSEHOLD
P07,HOUSEHOLD_2_001,2011-04-25,2,13,HOUSEHOLD
P07,HOUSEHOLD_2_001,2011-04-26,1,13,HOUSEHOLD
P07,HOUSEHOLD_2_001,2011-04-27,3,13,HOUSEHOLD
P07,HOUSEHOLD_2_001,2011-04-28,2,13,HOUSEHOLD
P07,HOUSEHOLD_2_001,2011-04-29,2,13,HOUSEHOLD
P07,HOUSEHOLD_2_001,2011-04-30,8,14,HOUSEHOLD
P07,HOUSEHOLD_2_001,2011-05-01,8,14,HOUSEHOLD
P07,HOUSEHOLD_2_001,2011-05-02,3,14,HOUSEHOLD
P07,HOUSEHOLD_2_001,2011-05-03,3,14,HOUSEHOLD
P07,HOUSEHOLD_2_001,2011-05-04,1,14,HOUSEHOLD
P07,HOUSEHOLD_2_001,2011-05-05,4,14,HOUSEHOLD
P07,HOUSEHOLD_2_001,2011-05-06,5,14,HOUSEHOLD
P07,HOUSEHOLD_2_001,2011-05-07,7,15,HOUSEHOLD
P07,HOUSEHOLD_2_001,2011-05-08,4,15,HOUSEHOLD
P07,HOUSEHOLD_2_001,2011-05-09,2,15,HOUSEHOLD
P07,HOUSEHOLD_2_001,2011-05-10,4,15,HOUSEHOLD
P07,HOUSEHOLD_2_001,2011-05-11,3,15,HOUSEHOLD
P07,HOUSEHOLD_2_001,2011-05-12,5,15,HOUSEHOLD
P07,HOUSEHOLD_2_001,2011-05-13,6,15,HOUSEHOLD
P07,HOUSEHOLD_2_001,2011-05-14,0,16,HOUSEHOLD
P07,HOUSEHOLD_2_001,2011-05-15,5,16,HOUSEHOLD
P07,HOUSEHOLD_2_001,2011-05-16,1,16,HOUSEHOLD
P07,HOUSEHOLD_2_001,2011-05-17,4,16,HOUSEHOLD
P07,HOUSEHOLD_2_001,2011-05-18,4,16,HOUSEHOLD
P07,HOUSEHOLD_2_001,2011-05-19,0,16,HOUSEHOLD
P07,HOUSEHOLD_2_001,2011-05-20,4,16,HOUSEHOLD
P07,HOUSEHOLD_2_001,2011-05-21,5,17,HOUSEHOLD
P07,HOUSEHOLD_2_001,2011-05-22,4,17,HOUSEHOLD
P07,HOUSEHOLD_2_001,2011-05-23,1,17,HOUSEHOLD
P07,HOUSEHOLD_2_001,2011-05-24,5,17,HOUSEHOLD
P07,HOUSEHOLD_2_001,2011-05-25,5,17,HOUSEHOLD
P07,HOUSEHOLD_2_001,2011-05-26,3,17,HOUSEHOLD
P07,HOUSEHOLD_2_001,2011-05-27,6,17,HOUSEHOLD
P07,HOUSEHOLD_2_001,2011-05-28,1,18,HOUSEHOLD
P07,HOUSEHOLD_2_001,2011-05-29,4,18,HOUSEHOLD
P07,HOUSEHOLD_2_001,2011-05-30,2,18,HOUSEHOLD
P07,HOUSEHOLD_2_001,2011-05-31,1,18,HOUSEHOLD
P07,HOUSEHOLD_2_001,2011-06-01,1,18,HOUSEHOLD
P07,HOUSEHOLD_2_001,2011-06-02,5,18,HOUSEHOLD
P07,HOUSEHOLD_2_001,2011-06-03,4,18,HOUSEHOLD
P07,HOUSEHOLD_2_001,2011-06-04,8,19,HOUSEHOLD
P07,HOUSEHOLD_2_001,2011-06-05,6,19,HOUSEHOLD
P07,HOUSEHOLD_2_001,2011-06-06,3,19,HOUSEHOLD
P07,HOUSEHOLD_2_001,2011-06-07,8,19,HOUSEHOLD
P07,HOUSEHOLD_2_001,2011-06-08,4,19,HOUSEHOLD
P07,HOUSEHOLD_2_001,2011-06-09,2,19,HOUSEHOLD
P07,HOUSEHOLD_2_001,2011-06-10,2,19,HOUSEHOLD
P07,HOUSEHOLD_2_001,2011-06-11,6,20,HOUSEHOLD
P07,HOUSEHOLD_2_001,2011-06-12,12,20,HOUSEHOLD
P07,HOUSEHOLD_2_001,2011-06-13,7,20,HOUSEHOLD
P07,HOUSEHOLD_2_001,2011-06-14,6,20,HOUSEHOLD
P07,HOUSEHOLD_2_001,2011-06-15,7,20,HOUSEHOLD
P07,HOUSEHOLD_2_001,2011-06-16,4,20,HOUSEHOLD
P07,HOUSEHOLD_2_001,2011-06-17,1,20,HOUSEHOLD
P07,HOUSEHOLD_2_001,2011-06-18,1,21,HOUSEHOLD
P07,HOUSEHOLD_2_001,2011-06-19,0,21,HOUSEHOLD
P07,HOUSEHOLD_2_001,2011-06-20,5,21,HOUSEHOLD
P07,HOUSEHOLD_2_001,2011-06-21,2,21,HOUSEHOLD
P07,HOUSEHOLD_2_001,2011-06-22,3,21,HOUSEHOLD
P07,HOUSEHOLD_2_001,2011-06-23,4,21,HOUSEHOLD
P07,HOUSEHOLD_2_001,2011-06-24,6,21,HOUSEHOLD
P07,HOUSEHOLD_2_001,2011-06-25,3,22,HOUSEHOLD
P07,HOUSEHOLD_2_001,2011-06-26,6,22,HOUSEHOLD
P07,HOUSEHOLD_2_001,2011-06-27,4,22,HOUSEHOLD
P07,HOUSEHOLD_2_001,2011-06-28,2,22,HOUSEHOLD
P07,HOUSEHOLD_2_001,2011-06-29,6,22,HOUSEHOLD
P07,HOUSEHOLD_2_001,2011-06-30,2,22,HOUSEHOLD
P07,HOUSEHOLD_2_001,2011-07-01,6,22,HOUSEHOLD
P07,HOUSEHOLD_2_001,2011-07-02,3,23,HOUSEHOLD
P07,HOUSEHOLD_2_001,2011-07-03,5,23,HOUSEHOLD
P07,HOUSEHOLD_2_001,2011-07-04,3,23,HOUSEHOLD
P07,HOUSEHOLD_2_001,2011-07-05,2,23,HOUSEHOLD
P07,HOUSEHOLD_2_001,2011-07-06,4,23,HOUSEHOLD
P07,HOUSEHOLD_2_001,2011-07-07,3,23,HOUSEHOLD
P07,HOUSEHOLD_2_001,2011-07-08,1,23,HOUSEHOLD
P07,HOUSEHOLD_2_001,2011-07-09,9,24,HOUSEHOLD
P07,HOUSEHOLD_2_001,2011-07-10,10,24,HOUSEHOLD
P07,HOUSEHOLD_2_001,2011-07-11,4,24,HOUSEHOLD
P07,HOUSEHOLD_2_001,2011-07-12,2,24,HOUSEHOLD
P07,HOUSEHOLD_2_001,2011-07-13,1,24,HOUSEHOLD
P07,HOUSEHOLD_2_001,2011-07-14,6,24,HOUSEHOLD
P07,HOUSEHOLD_2_001,2011-07-15,4,24,HOUSEHOLD
P07,HOUSEHOLD_2_001,2011-07-16,6,25,HOUSEHOLD
P07,HOUSEHOLD_2_001,2011-07-17,5,25,HOUSEHOLD
P07,HOUSEHOLD_2_001,2011-07-18,5,25,HOUSEHOLD
P07,HOUSEHOLD_2_001,2011-07-19,2,25,HOUSEHOLD
P07,HOUSEHOLD_2_001,2011-07-20,4,25,HOUSEHOLD
P07,HOUSEHOLD_2_001,2011-07-21,4,25,HOUSEHOLD
P07,HOUSEHOLD_2_001,2011-07-22,4,25,HOUSEHOLD
P07,HOUSEHOLD_2_001,2011-07-23,2,26,HOUSEHOLD
P07,HOUSEHOLD_2_001,2011-07-24,4,26,HOUSEHOLD
P07,HOUSEHOLD_2_001,2011-07-25,6,26,HOUSEHOLD
P07,HOUSEHOLD_2_001,2011-07-26,6,26,HOUSEHOLD
P07,HOUSEHOLD_2_001,2011-07-27,1,26,HOUSEHOLD
P07,HOUSEHOLD_2_001,2011-07-28,4,26,HOUSEHOLD
P07,HOUSEHOLD_2_001,2011-07-29,3,26,HOUSEHOLD
P07,HOUSEHOLD_2_001,2011-07-30,6,27,HOUSEHOLD
P07,HOUSEHOLD_2_001,2011-07-31,7,27,HOUSEHOLD
P07,HOUSEHOLD_2_001,2011-08-01,4,27,HOUSEHOLD
P07,HOUSEHOLD_2_001,2011-08-02,6,27,HOUSEHOLD
P07,HOUSEHOLD_2_001,2011-08-03,5,27,HOUSEHOLD
P07,HOUSEHOLD_2_001,2011-08-04,3,27,HOUSEHOLD
P07,HOUSEHOLD_2_001,2011-08-05,5,27,HOUSEHOLD
P07,HOUSEHOLD_2_001,2011-08-06,4,28,HOUSEHOLD
P07,HOUSEHOLD_2_001,2011-08-07,6,28,HOUSEHOLD
P07,HOUSEHOLD_2_001,2011-08-08,3,28,HOUSEHOLD
P07,HOUSEHOLD_2_001,2011-08-09,5,28,HOUSEHOLD
P07,HOUSEHOLD_2_001,2011-08-10,5,28,HOUSEHOLD
P07,HOUSEHOLD_2_001,2011-08-11,2,28,HOUSEHOLD
P07,HOUSEHOLD_2_001,2011-08-12,3,28,HOUSEHOLD
P07,HOUSEHOLD_2_001,2011-08-13,7,29,HOUSEHOLD
P07,HOUSEHOLD_2_001,2011-08-14,1,29,HOUSEHOLD
P07,HOUSEHOLD_2_001,2011-08-15,4,29,HOUSEHOLD
P07,HOUSEHOLD_2_001,2011-08-16,4,29,HOUSEHOLD
P07,HOUSEHOLD_2_001,2011-08-17,4,29,HOUSEHOLD
P07,HOUSEHOLD_2_001,2011-08-18,2,29,HOUSEHOLD
P07,HOUSEHOLD_2_001,2011-08-19,2,29,HOUSEHOLD
P07,HOUSEHOLD_2_001,2011-08-20,9,30,HOUSEHOLD
P07,HOUSEHOLD_2_001,2011-08-21,3,30,HOUSEHOLD
P07,HOUSEHOLD_2_001,2011-08-22,4,30,HOUSEHOLD
P07,HOUSEHOLD_2_001,2011-08-23,2,30,HOUSEHOLD
P07,HOUSEHOLD_2_001,2011-08-24,7,30,HOUSEHOLD
P07,HOUSEHOLD_2_001,2011-08-25,2,30,HOUSEHOLD
P07,HOUSEHOLD_2_001,2011-08-26,1,30,HOUSEHOLD
P07,HOUSEHOLD_2_001,2011-08-27,0,31,HOUSEHOLD
P07,HOUSEHOLD_2_001,2011-08-28,0,31,HOUSEHOLD
P07,HOUSEHOLD_2_001,2011-08-29,0,31,HOUSEHOLD
P07,HOUSEHOLD_2_001,2011-08-30,1,31,HOUSEHOLD
P07,HOUSEHOLD_2_001,2011-08-31,0,31,HOUSEHOLD
P07,HOUSEHOLD_2_001,2011-09-01,0,31,HOUSEHOLD
P07,HOUSEHOLD_2_001,2011-09-02,0,31,HOUSEHOLD
P07,HOUSEHOLD_2_001,2011-09-03,0,32,HOUSEHOLD
P07,HOUSEHOLD_2_001,2011-09-04,0,32,HOUSEHOLD
P07,HOUSEHOLD_2_001,2011-09-05,0,32,HOUSEHOLD
P07,HOUSEHOLD_2_001,2011-09-06,0,32,HOUSEHOLD
P07,HOUSEHOLD_2_001,2011-09-07,0,32,HOUSEHOLD
P07,HOUSEHOLD_2_001,2011-09-08,0,32,HOUSEHOLD
P07,HOUSEHOLD_2_001,2011-09-09,0,32,HOUSEHOLD
P07,HOUSEHOLD_2_001,2011-09-10,0,33,HOUSEHOLD
P07,HOUSEHOLD_2_001,2011-09-11,0,33,HOUSEHOLD
P07,HOUSEHOLD_2_001,2011-09-12,0,33,HOUSEHOLD
P07,HOUSEHOLD_2_001,2011-09-13,0,33,HOUSEHOLD
P07,HOUSEHOLD_2_001,2011-09-14,0,33,HOUSEHOLD
P07,HOUSEHOLD_2_001,2011-09-15,0,33,HOUSEHOLD
P07,HOUSEHOLD_2_001,2011-09-16,0,33,HOUSEHOLD
P07,HOUSEHOLD_2_001,2011-09-17,0,34,HOUSEHOLD
P07,HOUSEHOLD_2_001,2011-09-18,0,34,HOUSEHOLD
P07,HOUSEHOLD_2_001,2011-09-19,0,34,HOUSEHOLD
P07,HOUSEHOLD_2_001,2011-09-20,0,34,HOUSEHOLD
P07,HOUSEHOLD_2_001,2011-09-21,0,34,HOUSEHOLD
P07,HOUSEHOLD_2_001,2011-09-22,0,34,HOUSEHOLD
P07,HOUSEHOLD_2_001,2011-09-23,0,34,HOUSEHOLD
P07,HOUSEHOLD_2_001,2011-09-24,0,35,HOUSEHOLD
P07,HOUSEHOLD_2_001,2011-09-25,0,35,HOUSEHOLD
P07,HOUSEHOLD_2_001,2011-09-26,0,35,HOUSEHOLD
P07,HOUSEHOLD_2_001,2011-09-27,0,35,HOUSEHOLD
P07,HOUSEHOLD_2_001,2011-09-28,0,35,HOUSEHOLD
P07,HOUSEHOLD_2_001,2011-09-29,0,35,HOUSEHOLD
P07,HOUSEHOLD_2_001,2011-09-30,0,35,HOUSEHOLD
P07,HOUSEHOLD_2_001,2011-10-01,0,36,HOUSEHOLD
P07,HOUSEHOLD_2_001,2011-10-02,0,36,HOUSEHOLD
P07,HOUSEHOLD_2_001,2011-10-03,0,36,HOUSEHOLD
P07,HOUSEHOLD_2_001,2011-10-04,0,36,HOUSEHOLD
P07,HOUSEHOLD_2_001,2011-10-05,0,36,HOUSEHOLD
P07,HOUSEHOLD_2_001,2011-10-06,0,36,HOUSEHOLD
P07,HOUSEHOLD_2_001,2011-10-07,0,36,HOUSEHOLD
P07,HOUSEHOLD_2_001,2011-10-08,0,37,HOUSEHOLD
P07,HOUSEHOLD_2_001,2011-10-09,0,37,HOUSEHOLD
P07,HOUSEHOLD_2_001,2011-10-10,0,37,HOUSEHOLD
P07,HOUSEHOLD_2_001,2011-10-11,0,37,HOUSEHOLD
P07,HOUSEHOLD_2_001,2011-10-12,0,37,HOUSEHOLD
P07,HOUSEHOLD_2_001,2011-10-13,0,37,HOUSEHOLD
P07,HOUSEHOLD_2_001,2011-10-14,0,37,HOUSEHOLD
P07,HOUSEHOLD_2_001,2011-10-15,0,38,HOUSEHOLD
P07,HOUSEHOLD_2_001,2011-10-16,0,38,HOUSEHOLD
P07,HOUSEHOLD_2_001,2011-10-17,0,38,HOUSEHOLD
P07,HOUSEHOLD_2_001,2011-10-18,0,38,HOUSEHOLD
P07,HOUSEHOLD_2_001,2011-10-19,0,38,HOUSEHOLD
P07,HOUSEHOLD_2_001,2011-10-20,0,38,HOUSEHOLD
P07,HOUSEHOLD_2_001,2011-10-21,0,38,HOUSEHOLD
P07,HOUSEHOLD_2_001,2011-10-22,0,39,HOUSEHOLD
P07,HOUSEHOLD_2_001,2011-10-23,0,39,HOUSEHOLD
P07,HOUSEHOLD_2_001,2011-10-24,0,39,HOUSEHOLD
P07,HOUSEHOLD_2_001,2011-10-25,0,39,HOUSEHOLD
P07,HOUSEHOLD_2_001,2011-10-26,0,39,HOUSEHOLD
P07,HOUSEHOLD_2_001,2011-10-27,1,39,HOUSEHOLD
P07,HOUSEHOLD_2_001,2011-10-28,0,39,HOUSEHOLD
P07,HOUSEHOLD_2_001,2011-10-29,0,40,HOUSEHOLD
P07,HOUSEHOLD_2_001,2011-10-30,0,40,HOUSEHOLD
P07,HOUSEHOLD_2_001,2011-10-31,0,40,HOUSEHOLD
P07,HOUSEHOLD_2_001,2011-11-01,0,40,HOUSEHOLD
P07,HOUSEHOLD_2_001,2011-11-02,0,40,HOUSEHOLD
P07,HOUSEHOLD_2_001,2011-11-03,3,40,HOUSEHOLD
P07,HOUSEHOLD_2_001,2011-11-04,0,40,HOUSEHOLD
P07,HOUSEHOLD_2_001,2011-11-05,1,41,HOUSEHOLD
P07,HOUSEHOLD_2_001,2011-11-06,4,41,HOUSEHOLD
P07,HOUSEHOLD_2_001,2011-11-07,2,41,HOUSEHOLD
P07,HOUSEHOLD_2_001,2011-11-08,0,41,HOUSEHOLD
P07,HOUSEHOLD_2_001,2011-11-09,11,41,HOUSEHOLD
P07,HOUSEHOLD_2_001,2011-11-10,2,41,HOUSEHOLD
P07,HOUSEHOLD_2_001,2011-11-11,5,41,HOUSEHOLD
P07,HOUSEHOLD_2_001,2011-11-12,3,42,HOUSEHOLD
P07,HOUSEHOLD_2_001,2011-11-13,5,42,HOUSEHOLD
P07,HOUSEHOLD_2_001,2011-11-14,4,42,HOUSEHOLD
P07,HOUSEHOLD_2_001,2011-11-15,1,42,HOUSEHOLD
P07,HOUSEHOLD_2_001,2011-11-16,1,42,HOUSEHOLD
P07,HOUSEHOLD_2_001,2011-11-17,3,42,HOUSEHOLD
P07,HOUSEHOLD_2_001,2011-11-18,3,42,HOUSEHOLD
P07,HOUSEHOLD_2_001,2011-11-19,0,43,HOUSEHOLD
P07,HOUSEHOLD_2_001,2011-11-20,5,43,HOUSEHOLD
P07,HOUSEHOLD_2_001,2011-11-21,6,43,HOUSEHOLD
P07,HOUSEHOLD_2_001,2011-11-22,5,43,HOUSEHOLD
P07,HOUSEHOLD_2_001,2011-11-23,2,43,HOUSEHOLD
P07,HOUSEHOLD_2_001,2011-11-24,1,43,HOUSEHOLD
P07,HOUSEHOLD_2_001,2011-11-25,1,43,HOUSEHOLD
P07,HOUSEHOLD_2_001,2011-11-26,4,44,HOUSEHOLD
P07,HOUSEHOLD_2_001,2011-11-27,6,44,HOUSEHOLD
P07,HOUSEHOLD_2_001,2011-11-28,3,44,HOUSEHOLD
P07,HOUSEHOLD_2_001,2011-11-29,2,44,HOUSEHOLD
P07,HOUSEHOLD_2_001,2011-11-30,2,44,HOUSEHOLD
P07,HOUSEHOLD_2_001,2011-12-01,2,44,HOUSEHOLD
P07,HOUSEHOLD_2_001,2011-12-02,1,44,HOUSEHOLD
P07,HOUSEHOLD_2_001,2011-12-03,4,45,HOUSEHOLD
P07,HOUSEHOLD_2_001,2011-12-04,4,45,HOUSEHOLD
P07,HOUSEHOLD_2_001,2011-12-05,3,45,HOUSEHOLD
P07,HOUSEHOLD_2_001,2011-12-06,3,45,HOUSEHOLD
P07,HOUSEHOLD_2_001,2011-12-07,2,45,HOUSEHOLD
P07,HOUSEHOLD_2_001,2011-12-08,2,45,HOUSEHOLD
P07,HOUSEHOLD_2_001,2011-12-09,5,45,HOUSEHOLD
P07,HOUSEHOLD_2_001,2011-12-10,4,46,HOUSEHOLD
P07,HOUSEHOLD_2_001,2011-12-11,4,46,HOUSEHOLD
P07,HOUSEHOLD_2_001,2011-12-12,3,46,HOUSEHOLD
P07,HOUSEHOLD_2_001,2011-12-13,1,46,HOUSEHOLD
P07,HOUSEHOLD_2_001,2011-12-14,5,46,HOUSEHOLD
P07,HOUSEHOLD_2_001,2011-12-15,5,46,HOUSEHOLD
P07,HOUSEHOLD_2_001,2011-12-16,3,46,HOUSEHOLD
P07,HOUSEHOLD_2_001,2011-12-17,8,47,HOUSEHOLD
P07,HOUSEHOLD_2_001,2011-12-18,4,47,HOUSEHOLD
P07,HOUSEHOLD_2_001,2011-12-19,2,47,HOUSEHOLD
P07,HOUSEHOLD_2_001,2011-12-20,1,47,HOUSEHOLD
P07,HOUSEHOLD_2_001,2011-12-21,2,47,HOUSEHOLD
P07,HOUSEHOLD_2_001,2011-12-22,3,47,HOUSEHOLD
P07,HOUSEHOLD_2_001,2011-12-23,1,47,HOUSEHOLD
P07,HOUSEHOLD_2_001,2011-12-24,1,48,HOUSEHOLD
P07,HOUSEHOLD_2_001,2011-12-25,0,48,HOUSEHOLD
P07,HOUSEHOLD_2_001,2011-12-26,1,48,HOUSEHOLD
P07,HOUSEHOLD_2_001,2011-12-27,2,48,HOUSEHOLD
P07,HOUSEHOLD_2_001,2011-12-28,2,48,HOUSEHOLD
P07,HOUSEHOLD_2_001,2011-12-29,3,48,HOUSEHOLD
P07,HOUSEHOLD_2_001,2011-12-30,3,48,HOUSEHOLD
P07,HOUSEHOLD_2_001,2011-12-31,1,49,HOUSEHOLD
P07,HOUSEHOLD_2_001,2012-01-01,6,49,HOUSEHOLD
P07,HOUSEHOLD_2_001,2012-01-02,3,49,HOUSEHOLD
P07,HOUSEHOLD_2_001,2012-01-03,4,49,HOUSEHOLD
P07,HOUSEHOLD_2_001,2012-01-04,2,49,HOUSEHOLD
P07,HOUSEHOLD_2_001,2012-01-05,2,49,HOUSEHOLD
P07,HOUSEHOLD_2_001,2012-01-06,2,49,HOUSEHOLD
P07,HOUSEHOLD_2_001,2012-01-07,2,50,HOUSEHOLD
P07,HOUSEHOLD_2_001,2012-01-08,4,50,HOUSEHOLD
P07,HOUSEHOLD_2_001,2012-01-09,6,50,HOUSEHOLD
P07,HOUSEHOLD_2_001,2012-01-10,1,50,HOUSEHOLD
P07,HOUSEHOLD_2_001,2012-01-11,4,50,HOUSEHOLD
P07,HOUSEHOLD_2_001,2012-01-12,2,50,HOUSEHOLD
P07,HOUSEHOLD_2_001,2012-01-13,3,50,HOUSEHOLD
P07,HOUSEHOLD_2_001,2012-01-14,6,51,HOUSEHOLD
P07,HOUSEHOLD_2_001,2012-01-15,5,51,HOUSEHOLD
P07,HOUSEHOLD_2_001,2012-01-16,3,51,HOUSEHOLD
P07,HOUSEHOLD_2_001,2012-01-17,2,51,HOUSEHOLD
P07,HOUSEHOLD_2_001,2012-01-18,4,51,HOUSEHOLD
P07,HOUSEHOLD_2_001,2012-01-19,5,51,HOUSEHOLD
P07,HOUSEHOLD_2_001,2012-01-20,3,51,HOUSEHOLD
P07,HOUSEHOLD_2_001,2012-01-21,2,52,HOUSEHOLD
P07,HOUSEHOLD_2_001,2012-01-22,3,52,HOUSEHOLD
P07,HOUSEHOLD_2_001,2012-01-23,2,52,HOUSEHOLD
P07,HOUSEHOLD_2_001,2012-01-24,4,52,HOUSEHOLD
P07,HOUSEHOLD_2_001,2012-01-25,0,52,HOUSEHOLD
P07,HOUSEHOLD_2_001,2012-01-26,1,52,HOUSEHOLD
P07,HOUSEHOLD_2_001,2012-01-27,4,52,HOUSEHOLD
P07,HOUSEHOLD_2_001,2012-01-28,6,53,HOUSEHOLD
P07,HOUSEHOLD_2_001,2012-01-29,4,53,HOUSEHOLD
P07,HOUSEHOLD_2_001,2012-01-30,1,53,HOUSEHOLD
P07,HOUSEHOLD_2_001,2012-01-31,2,53,HOUSEHOLD
P07,HOUSEHOLD_2_001,2012-02-01,4,53,HOUSEHOLD
P07,HOUSEHOLD_2_001,2012-02-02,4,53,HOUSEHOLD
P07,HOUSEHOLD_2_001,2012-02-03,2,53,HOUSEHOLD
P07,HOUSEHOLD_2_001,2012-02-04,7,54,HOUSEHOLD
P07,HOUSEHOLD_2_001,2012-02-05,2,54,HOUSEHOLD
P07,HOUSEHOLD_2_001,2012-02-06,6,54,HOUSEHOLD
P07,HOUSEHOLD_2_001,2012-02-07,8,54,HOUSEHOLD
P07,HOUSEHOLD_2_001,2012-02-08,1,54,HOUSEHOLD
P07,HOUSEHOLD_2_001,2012-02-09,4,54,HOUSEHOLD
P07,HOUSEHOLD_2_001,2012-02-10,4,54,HOUSEHOLD
P07,HOUSEHOLD_2_001,2012-02-11,4,55,HOUSEHOLD
P07,HOUSEHOLD_2_001,2012-02-12,6,55,HOUSEHOLD
P07,HOUSEHOLD_2_001,2012-02-13,0,55,HOUSEHOLD
P07,HOUSEHOLD_2_001,2012-02-14,2,55,HOUSEHOLD
P07,HOUSEHOLD_2_001,2012-02-15,1,55,HOUSEHOLD
P07,HOUSEHOLD_2_001,2012-02-16,3,55,HOUSEHOLD
P07,HOUSEHOLD_2_001,2012-02-17,6,55,HOUSEHOLD
P07,HOUSEHOLD_2_001,2012-02-18,2,56,HOUSEHOLD
P07,HOUSEHOLD_2_001,2012-02-19,7,56,HOUSEHOLD
P07,HOUSEHOLD_2_001,2012-02-20,2,56,HOUSEHOLD
P07,HOUSEHOLD_2_001,2012-02-21,1,56,HOUSEHOLD
P07,HOUSEHOLD_2_001,2012-02-22,3,56,HOUSEHOLD
P07,HOUSEHOLD_2_001,2012-02-23,3,56,HOUSEHOLD
P07,HOUSEHOLD_2_001,2012-02-24,7,56,HOUSEHOLD
P07,HOUSEHOLD_2_001,2012-02-25,9,57,HOUSEHOLD
P07,HOUSEHOLD_2_001,2012-02-26,5,57,HOUSEHOLD
P07,HOUSEHOLD_2_001,2012-02-27,2,57,HOUSEHOLD
P07,HOUSEHOLD_2_001,2012-02-28,4,57,HOUSEHOLD
P07,HOUSEHOLD_2_001,2012-02-29,2,57,HOUSEHOLD
P07,HOUSEHOLD_2_001,2012-03-01,1,57,HOUSEHOLD
P07,HOUSEHOLD_2_001,2012-03-02,2,57,HOUSEHOLD
P07,HOUSEHOLD_2_001,2012-03-03,3,58,HOUSEHOLD
P07,HOUSEHOLD_2_001,2012-03-04,3,58,HOUSEHOLD
P07,HOUSEHOLD_2_001,2012-03-05,0,58,HOUSEHOLD
P07,HOUSEHOLD_2_001,2012-03-06,3,58,HOUSEHOLD
P07,HOUSEHOLD_2_001,2012-03-07,4,58,HOUSEHOLD
P07,HOUSEHOLD_2_001,2012-03-08,2,58,HOUSEHOLD
P07,HOUSEHOLD_2_001,2012-03-09,5,58,HOUSEHOLD
P07,HOUSEHOLD_2_001,2012-03-10,3,59,HOUSEHOLD
P07,HOUSEHOLD_2_001,2012-03-11,5,59,HOUSEHOLD
P07,HOUSEHOLD_2_001,2012-03-12,5,59,HOUSEHOLD
P07,HOUSEHOLD_2_001,2012-03-13,3,59,HOUSEHOLD
P07,HOUSEHOLD_2_001,2012-03-14,3,59,HOUSEHOLD
P07,HOUSEHOLD_2_001,2012-03-15,4,59,HOUSEHOLD
P07,HOUSEHOLD_2_001,2012-03-16,3,59,HOUSEHOLD
P07,HOUSEHOLD_2_001,2012-03-17,2,60,HOUSEHOLD
P07,HOUSEHOLD_2_001,2012-03-18,4,60,HOUSEHOLD
P07,HOUSEHOLD_2_001,2012-03-19,2,60,HOUSEHOLD
P07,HOUSEHOLD_2_001,2012-03-20,4,60,HOUSEHOLD
P07,HOUSEHOLD_2_001,2012-03-21,2,60,HOUSEHOLD
P07,HOUSEHOLD_2_001,2012-03-22,1,60,HOUSEHOLD
P07,HOUSEHOLD_2_001,2012-03-23,6,60,HOUSEHOLD
P07,HOUSEHOLD_2_001,2012-03-24,5,61,HOUSEHOLD
P07,HOUSEHOLD_2_001,2012-03-25,4,61,HOUSEHOLD
P07,HOUSEHOLD_2_001,2012-03-26,2,61,HOUSEHOLD
P07,HOUSEHOLD_2_001,2012-03-27,4,61,HOUSEHOLD
P07,HOUSEHOLD_2_001,2012-03-28,5,61,HOUSEHOLD
P07,HOUSEHOLD_2_001,2012-03-29,9,61,HOUSEHOLD
P07,HOUSEHOLD_2_001,2012-03-30,1,61,HOUSEHOLD
P07,HOUSEHOLD_2_001,2012-03-31,3,62,HOUSEHOLD
P07,HOUSEHOLD_2_001,2012-04-01,7,62,HOUSEHOLD
P07,HOUSEHOLD_2_001,2012-04-02,3,62,HOUSEHOLD
P07,HOUSEHOLD_2_001,2012-04-03,1,62,HOUSEHOLD
P07,HOUSEHOLD_2_001,2012-04-04,1,62,HOUSEHOLD
P07,HOUSEHOLD_2_001,2012-04-05,1,62,HOUSEHOLD
P07,HOUSEHOLD_2_001,2012-04-06,1,62,HOUSEHOLD
P07,HOUSEHOLD_2_001,2012-04-07,1,63,HOUSEHOLD
P07,HOUSEHOLD_2_001,2012-04-08,0,63,HOUSEHOLD
P07,HOUSEHOLD_2_001,2012-04-09,1,63,HOUSEHOLD
P07,HOUSEHOLD_2_001,2012-04-10,0,63,HOUSEHOLD
P07,HOUSEHOLD_2_001,2012-04-11,1,63,HOUSEHOLD
P07,HOUSEHOLD_2_001,2012-04-12,0,63,HOUSEHOLD
P07,HOUSEHOLD_2_001,2012-04-13,0,63,HOUSEHOLD
P07,HOUSEHOLD_2_001,2012-04-14,0,64,HOUSEHOLD
P07,HOUSEHOLD_2_001,2012-04-15,0,64,HOUSEHOLD
P07,HOUSEHOLD_2_001,2012-04-16,0,64,HOUSEHOLD
P07,HOUSEHOLD_2_001,2012-04-17,0,64,HOUSEHOLD
P07,HOUSEHOLD_2_001,2012-04-18,0,64,HOUSEHOLD
P07,HOUSEHOLD_2_001,2012-04-19,0,64,HOUSEHOLD
P07,HOUSEHOLD_2_001,2012-04-20,0,64,HOUSEHOLD
P07,HOUSEHOLD_2_001,2012-04-21,0,65,HOUSEHOLD
P07,HOUSEHOLD_2_001,2012-04-22,0,65,HOUSEHOLD
P07,HOUSEHOLD_2_001,2012-04-23,0,65,HOUSEHOLD
P07,HOUSEHOLD_2_001,2012-04-24,0,65,HOUSEHOLD
P07,HOUSEHOLD_2_001,2012-04-25,0,65,HOUSEHOLD
P07,HOUSEHOLD_2_001,2012-04-26,0,65,HOUSEHOLD
P07,HOUSEHOLD_2_001,2012-04-27,0,65,HOUSEHOLD
P07,HOUSEHOLD_2_001,2012-04-28,0,66,HOUSEHOLD
P07,HOUSEHOLD_2_001,2012-04-29,0,66,HOUSEHOLD
P07,HOUSEHOLD_2_001,2012-04-30,0,66,HOUSEHOLD
P07,HOUSEHOLD_2_001,2012-05-01,0,66,HOUSEHOLD
P07,HOUSEHOLD_2_001,2012-05-02,0,66,HOUSEHOLD
P07,HOUSEHOLD_2_001,2012-05-03,0,66,HOUSEHOLD
P07,HOUSEHOLD_2_001,2012-05-04,0,66,HOUSEHOLD
P07,HOUSEHOLD_2_001,2012-05-05,0,67,HOUSEHOLD
P07,HOUSEHOLD_2_001,2012-05-06,0,67,HOUSEHOLD
P07,HOUSEHOLD_2_001,2012-05-07,0,67,HOUSEHOLD
P07,HOUSEHOLD_2_001,2012-05-08,0,67,HOUSEHOLD
P07,HOUSEHOLD_2_001,2012-05-09,0,67,HOUSEHOLD
P07,HOUSEHOLD_2_001,2012-05-10,0,67,HOUSEHOLD
P07,HOUSEHOLD_2_001,2012-05-11,0,67,HOUSEHOLD
P07,HOUSEHOLD_2_001,2012-05-12,0,68,HOUSEHOLD
P07,HOUSEHOLD_2_001,2012-05-13,0,68,HOUSEHOLD
P07,HOUSEHOLD_2_001,2012-05-14,0,68,HOUSEHOLD
P07,HOUSEHOLD_2_001,2012-05-15,0,68,HOUSEHOLD
P07,HOUSEHOLD_2_001,2012-05-16,0,68,HOUSEHOLD
P07,HOUSEHOLD_2_001,2012-05-17,0,68,HOUSEHOLD
P07,HOUSEHOLD_2_001,2012-05-18,0,68,HOUSEHOLD
P07,HOUSEHOLD_2_001,2012-05-19,0,69,HOUSEHOLD
P07,HOUSEHOLD_2_001,2012-05-20,0,69,HOUSEHOLD
P07,HOUSEHOLD_2_001,2012-05-21,0,69,HOUSEHOLD
P07,HOUSEHOLD_2_001,2012-05-22,0,69,HOUSEHOLD
P07,HOUSEHOLD_2_001,2012-05-23,0,69,HOUSEHOLD
P07,HOUSEHOLD_2_001,2012-05-24,0,69,HOUSEHOLD
P07,HOUSEHOLD_2_001,2012-05-25,0,69,HOUSEHOLD
P07,HOUSEHOLD_2_001,2012-05-26,0,70,HOUSEHOLD
P07,HOUSEHOLD_2_001,2012-05-27,0,70,HOUSEHOLD
P07,HOUSEHOLD_2_001,2012-05-28,0,70,HOUSEHOLD
P07,HOUSEHOLD_2_001,2012-05-29,0,70,HOUSEHOLD
P07,HOUSEHOLD_2_001,2012-05-30,0,70,HOUSEHOLD
P07,HOUSEHOLD_2_001,2012-05-31,0,70,HOUSEHOLD
P07,HOUSEHOLD_2_001,2012-06-01,0,70,HOUSEHOLD
P07,HOUSEHOLD_2_001,2012-06-02,0,71,HOUSEHOLD
P07,HOUSEHOLD_2_001,2012-06-03,0,71,HOUSEHOLD
P07,HOUSEHOLD_2_001,2012-06-04,0,71,HOUSEHOLD
P07,HOUSEHOLD_2_001,2012-06-05,0,71,HOUSEHOLD
P07,HOUSEHOLD_2_001,2012-06-06,0,71,HOUSEHOLD
P07,HOUSEHOLD_2_001,2012-06-07,0,71,HOUSEHOLD
P07,HOUSEHOLD_2_001,2012-06-08,0,71,HOUSEHOLD
P07,HOUSEHOLD_2_001,2012-06-09,0,72,HOUSEHOLD
P07,HOUSEHOLD_2_001,2012-06-10,0,72,HOUSEHOLD
P07,HOUSEHOLD_2_001,2012-06-11,0,72,HOUSEHOLD
P07,HOUSEHOLD_2_001,2012-06-12,0,72,HOUSEHOLD
P07,HOUSEHOLD_2_001,2012-06-13,0,72,HOUSEHOLD
P07,HOUSEHOLD_2_001,2012-06-14,0,72,HOUSEHOLD
P07,HOUSEHOLD_2_001,2012-06-15,0,72,HOUSEHOLD
P07,HOUSEHOLD_2_001,2012-06-16,0,73,HOUSEHOLD
P07,HOUSEHOLD_2_001,2012-06-17,0,73,HOUSEHOLD
P07,HOUSEHOLD_2_001,2012-06-18,0,73,HOUSEHOLD
P07,HOUSEHOLD_2_001,2012-06-19,0,73,HOUSEHOLD
P07,HOUSEHOLD_2_001,2012-06-20,0,73,HOUSEHOLD
P07,HOUSEHOLD_2_001,2012-06-21,0,73,HOUSEHOLD
P07,HOUSEHOLD_2_001,2012-06-22,0,73,HOUSEHOLD
P07,HOUSEHOLD_2_001,2012-06-23,0,74,HOUSEHOLD
P07,HOUSEHOLD_2_001,2012-06-24,0,74,HOUSEHOLD
P07,HOUSEHOLD_2_001,2012-06-25,0,74,HOUSEHOLD
P07,HOUSEHOLD_2_001,2012-06-26,0,74,HOUSEHOLD
P07,HOUSEHOLD_2_001,2012-06-27,0,74,HOUSEHOLD
P07,HOUSEHOLD_2_001,2012-06-28,0,74,HOUSEHOLD
P07,HOUSEHOLD_2_001,2012-06-29,0,74,HOUSEHOLD
P07,HOUSEHOLD_2_001,2012-06-30,0,75,HOUSEHOLD
P07,HOUSEHOLD_2_001,2012-07-01,0,75,HOUSEHOLD
P07,HOUSEHOLD_2_001,2012-07-02,0,75,HOUSEHOLD
P07,HOUSEHOLD_2_001,2012-07-03,0,75,HOUSEHOLD
P07,HOUSEHOLD_2_001,2012-07-04,0,75,HOUSEHOLD
P07,HOUSEHOLD_2_001,2012-07-05,2,75,HOUSEHOLD
P07,HOUSEHOLD_2_001,2012-07-06,2,75,HOUSEHOLD
P07,HOUSEHOLD_2_001,2012-07-07,3,76,HOUSEHOLD
P07,HOUSEHOLD_2_001,2012-07-08,3,76,HOUSEHOLD
P07,HOUSEHOLD_2_001,2012-07-09,3,76,HOUSEHOLD
P07,HOUSEHOLD_2_001,2012-07-10,2,76,HOUSEHOLD
P07,HOUSEHOLD_2_001,2012-07-11,1,76,HOUSEHOLD
P07,HOUSEHOLD_2_001,2012-07-12,5,76,HOUSEHOLD
P07,HOUSEHOLD_2_001,2012-07-13,3,76,HOUSEHOLD
P07,HOUSEHOLD_2_001,2012-07-14,5,77,HOUSEHOLD
P07,HOUSEHOLD_2_001,2012-07-15,4,77,HOUSEHOLD
P07,HOUSEHOLD_2_001,2012-07-16,3,77,HOUSEHOLD
P07,HOUSEHOLD_2_001,2012-07-17,2,77,HOUSEHOLD
P07,HOUSEHOLD_2_001,2012-07-18,6,77,HOUSEHOLD
P07,HOUSEHOLD_2_001,2012-07-19,1,77,HOUSEHOLD
P07,HOUSEHOLD_2_001,2012-07-20,2,77,HOUSEHOLD
P07,HOUSEHOLD_2_001,2012-07-21,4,78,HOUSEHOLD
P07,HOUSEHOLD_2_001,2012-07-22,3,78,HOUSEHOLD
P07,HOUSEHOLD_2_001,2012-07-23,5,78,HOUSEHOLD
P07,HOUSEHOLD_2_001,2012-07-24,2,78,HOUSEHOLD
P07,HOUSEHOLD_2_001,2012-07-25,3,78,HOUSEHOLD
P07,HOUSEHOLD_2_001,2012-07-26,6,78,HOUSEHOLD
P07,HOUSEHOLD_2_001,2012-07-27,4,78,HOUSEHOLD
P07,HOUSEHOLD_2_001,2012-07-28,7,79,HOUSEHOLD
P07,HOUSEHOLD_2_001,2012-07-29,2,79,HOUSEHOLD
P07,HOUSEHOLD_2_001,2012-07-30,1,79,HOUSEHOLD
P07,HOUSEHOLD_2_001,2012-07-31,5,79,HOUSEHOLD
P07,HOUSEHOLD_2_001,2012-08-01,6,79,HOUSEHOLD
P07,HOUSEHOLD_2_001,2012-08-02,3,79,HOUSEHOLD
P07,HOUSEHOLD_2_001,2012-08-03,3,79,HOUSEHOLD
P07,HOUSEHOLD_2_001,2012-08-04,3,80,HOUSEHOLD
P07,HOUSEHOLD_2_001,2012-08-05,5,80,HOUSEHOLD
P07,HOUSEHOLD_2_001,2012-08-06,2,80,HOUSEHOLD
P07,HOUSEHOLD_2_001,2012-08-07,5,80,HOUSEHOLD
P07,HOUSEHOLD_2_001,2012-08-08,3,80,HOUSEHOLD
P07,HOUSEHOLD_2_001,2012-08-09,0,80,HOUSEHOLD
P07,HOUSEHOLD_2_001,2012-08-10,2,80,HOUSEHOLD
P07,HOUSEHOLD_2_001,2012-08-11,4,81,HOUSEHOLD
P07,HOUSEHOLD_2_001,2012-08-12,2,81,HOUSEHOLD
P07,HOUSEHOLD_2_001,2012-08-13,2,81,HOUSEHOLD
P07,HOUSEHOLD_2_001,2012-08-14,4,81,HOUSEHOLD
P07,HOUSEHOLD_2_001,2012-08-15,6,81,HOUSEHOLD
P07,HOUSEHOLD_2_001,2012-08-16,3,81,HOUSEHOLD
P07,HOUSEHOLD_2_001,2012-08-17,1,81,HOUSEHOLD
P07,HOUSEHOLD_2_001,2012-08-18,3,82,HOUSEHOLD
P07,HOUSEHOLD_2_001,2012-08-19,4,82,HOUSEHOLD
P07,HOUSEHOLD_2_001,2012-08-20,2,82,HOUSEHOLD
P07,HOUSEHOLD_2_001,2012-08-21,3,82,HOUSEHOLD
P07,HOUSEHOLD_2_001,2012-08-22,2,82,HOUSEHOLD
P07,HOUSEHOLD_2_001,2012-08-23,5,82,HOUSEHOLD
P07,HOUSEHOLD_2_001,2012-08-24,2,82,HOUSEHOLD
P07,HOUSEHOLD_2_001,2012-08-25,2,83,HOUSEHOLD
P07,HOUSEHOLD_2_001,2012-08-26,3,83,HOUSEHOLD
P07,HOUSEHOLD_2_001,2012-08-27,3,83,HOUSEHOLD
P07,HOUSEHOLD_2_001,2012-08-28,4,83,HOUSEHOLD
P07,HOUSEHOLD_2_001,2012-08-29,3,83,HOUSEHOLD
P07,HOUSEHOLD_2_001,2012-08-30,4,83,HOUSEHOLD
P07,HOUSEHOLD_2_001,2012-08-31,7,83,HOUSEHOLD
P07,HOUSEHOLD_2_001,2012-09-01,5,84,HOUSEHOLD
P07,HOUSEHOLD_2_001,2012-09-02,5,84,HOUSEHOLD
P07,HOUSEHOLD_2_001,2012-09-03,2,84,HOUSEHOLD
P07,HOUSEHOLD_2_001,2012-09-04,7,84,HOUSEHOLD
P07,HOUSEHOLD_2_001,2012-09-05,1,84,HOUSEHOLD
P07,HOUSEHOLD_2_001,2012-09-06,3,84,HOUSEHOLD
P07,HOUSEHOLD_2_001,2012-09-07,6,84,HOUSEHOLD
P07,HOUSEHOLD_2_001,2012-09-08,1,85,HOUSEHOLD
P07,HOUSEHOLD_2_001,2012-09-09,3,85,HOUSEHOLD
P07,HOUSEHOLD_2_001,2012-09-10,6,85,HOUSEHOLD
P07,HOUSEHOLD_2_001,2012-09-11,3,85,HOUSEHOLD
P07,HOUSEHOLD_2_001,2012-09-12,1,85,HOUSEHOLD
P07,HOUSEHOLD_2_001,2012-09-13,4,85,HOUSEHOLD
P07,HOUSEHOLD_2_001,2012-09-14,1,85,HOUSEHOLD
P07,HOUSEHOLD_2_001,2012-09-15,4,86,HOUSEHOLD
P07,HOUSEHOLD_2_001,2012-09-16,4,86,HOUSEHOLD
P07,HOUSEHOLD_2_001,2012-09-17,4,86,HOUSEHOLD
P07,HOUSEHOLD_2_001,2012-09-18,2,86,HOUSEHOLD
P07,HOUSEHOLD_2_001,2012-09-19,1,86,HOUSEHOLD
P07,HOUSEHOLD_2_001,2012-09-20,3,86,HOUSEHOLD
P07,HOUSEHOLD_2_001,2012-09-21,5,86,HOUSEHOLD
P07,HOUSEHOLD_2_001,2012-09-22,2,87,HOUSEHOLD
P07,HOUSEHOLD_2_001,2012-09-23,5,87,HOUSEHOLD
P07,HOUSEHOLD_2_001,2012-09-24,4,87,HOUSEHOLD
P07,HOUSEHOLD_2_001,2012-09-25,3,87,HOUSEHOLD
P07,HOUSEHOLD_2_001,2012-09-26,2,87,HOUSEHOLD
P07,HOUSEHOLD_2_001,2012-09-27,1,87,HOUSEHOLD
P07,HOUSEHOLD_2_001,2012-09-28,3,87,HOUSEHOLD
P07,HOUSEHOLD_2_001,2012-09-29,2,88,HOUSEHOLD
P07,HOUSEHOLD_2_001,2012-09-30,10,88,HOUSEHOLD
P07,HOUSEHOLD_2_001,2012-10-01,2,88,HOUSEHOLD
P07,HOUSEHOLD_2_001,2012-10-02,2,88,HOUSEHOLD
P07,HOUSEHOLD_2_001,2012-10-03,1,88,HOUSEHOLD
P07,HOUSEHOLD_2_001,2012-10-04,3,88,HOUSEHOLD
P07,HOUSEHOLD_2_001,2012-10-05,1,88,HOUSEHOLD
P07,HOUSEHOLD_2_001,2012-10-06,4,89,HOUSEHOLD
P07,HOUSEHOLD_2_001,2012-10-07,6,89,HOUSEHOLD
P07,HOUSEHOLD_2_001,2012-10-08,3,89,HOUSEHOLD
P07,HOUSEHOLD_2_001,2012-10-09,6,89,HOUSEHOLD
P07,HOUSEHOLD_2_001,2012-10-10,3,89,HOUSEHOLD
P07,HOUSEHOLD_2_001,2012-10-11,0,89,HOUSEHOLD
P07,HOUSEHOLD_2_001,2012-10-12,3,89,HOUSEHOLD
P07,HOUSEHOLD_2_001,2012-10-13,7,90,HOUSEHOLD
P07,HOUSEHOLD_2_001,2012-10-14,5,90,HOUSEHOLD
P07,HOUSEHOLD_2_001,2012-10-15,6,90,HOUSEHOLD
P07,HOUSEHOLD_2_001,2012-10-16,2,90,HOUSEHOLD
P07,HOUSEHOLD_2_001,2012-10-17,3,90,HOUSEHOLD
P07,HOUSEHOLD_2_001,2012-10-18,2,90,HOUSEHOLD
P07,HOUSEHOLD_2_001,2012-10-19,2,90,HOUSEHOLD
P07,HOUSEHOLD_2_001,2012-10-20,3,91,HOUSEHOLD
P07,HOUSEHOLD_2_001,2012-10-21,5,91,HOUSEHOLD
P07,HOUSEHOLD_2_001,2012-10-22,3,91,HOUSEHOLD
P07,HOUSEHOLD_2_001,2012-10-23,1,91,HOUSEHOLD
P07,HOUSEHOLD_2_001,2012-10-24,2,91,HOUSEHOLD
P07,HOUSEHOLD_2_001,2012-10-25,1,91,HOUSEHOLD
P07,HOUSEHOLD_2_001,2012-10-26,2,91,HOUSEHOLD
P07,HOUSEHOLD_2_001,2012-10-27,4,92,HOUSEHOLD
P07,HOUSEHOLD_2_001,2012-10-28,12,92,HOUSEHOLD
P07,HOUSEHOLD_2_001,2012-10-29,2,92,HOUSEHOLD
P07,HOUSEHOLD_2_001,2012-10-30,1,92,HOUSEHOLD
P07,HOUSEHOLD_2_001,2012-10-31,5,92,HOUSEHOLD
P07,HOUSEHOLD_2_001,2012-11-01,4,92,HOUSEHOLD
P07,HOUSEHOLD_2_001,2012-11-02,4,92,HOUSEHOLD
P07,HOUSEHOLD_2_001,2012-11-03,5,93,HOUSEHOLD
P07,HOUSEHOLD_2_001,2012-11-04,5,93,HOUSEHOLD
P07,HOUSEHOLD_2_001,2012-11-05,1,93,HOUSEHOLD
P07,HOUSEHOLD_2_001,2012-11-06,4,93,HOUSEHOLD
P07,HOUSEHOLD_2_001,2012-11-07,1,93,HOUSEHOLD
P07,HOUSEHOLD_2_001,2012-11-08,4,93,HOUSEHOLD
P07,HOUSEHOLD_2_001,2012-11-09,4,93,HOUSEHOLD
P07,HOUSEHOLD_2_001,2012-11-10,3,94,HOUSEHOLD
P07,HOUSEHOLD_2_001,2012-11-11,1,94,HOUSEHOLD
P07,HOUSEHOLD_2_001,2012-11-12,7,94,HOUSEHOLD
P07,HOUSEHOLD_2_001,2012-11-13,1,94,HOUSEHOLD
P07,HOUSEHOLD_2_001,2012-11-14,1,94,HOUSEHOLD
P07,HOUSEHOLD_2_001,2012-11-15,4,94,HOUSEHOLD
P07,HOUSEHOLD_2_001,2012-11-16,3,94,HOUSEHOLD
P07,HOUSEHOLD_2_001,2012-11-17,5,95,HOUSEHOLD
P07,HOUSEHOLD_2_001,2012-11-18,7,95,HOUSEHOLD
P07,HOUSEHOLD_2_001,2012-11-19,1,95,HOUSEHOLD
P07,HOUSEHOLD_2_001,2012-11-20,0,95,HOUSEHOLD
P07,HOUSEHOLD_2_001,2012-11-21,3,95,HOUSEHOLD
P07,HOUSEHOLD_2_001,2012-11-22,4,95,HOUSEHOLD
P07,HOUSEHOLD_2_001,2012-11-23,6,95,HOUSEHOLD
P07,HOUSEHOLD_2_001,2012-11-24,2,96,HOUSEHOLD
P07,HOUSEHOLD_2_001,2012-11-25,2,96,HOUSEHOLD
P07,HOUSEHOLD_2_001,2012-11-26,3,96,HOUSEHOLD
P07,HOUSEHOLD_2_001,2012-11-27,0,96,HOUSEHOLD
P07,HOUSEHOLD_2_001,2012-11-28,2,96,HOUSEHOLD
P07,HOUSEHOLD_2_001,2012-11-29,0,96,HOUSEHOLD
P07,HOUSEHOLD_2_001,2012-11-30,3,96,HOUSEHOLD
P07,HOUSEHOLD_2_001,2012-12-01,3,97,HOUSEHOLD
P07,HOUSEHOLD_2_001,2012-12-02,12,97,HOUSEHOLD
P07,HOUSEHOLD_2_001,2012-12-03,5,97,HOUSEHOLD
P07,HOUSEHOLD_2_001,2012-12-04,4,97,HOUSEHOLD
P07,HOUSEHOLD_2_001,2012-12-05,1,97,HOUSEHOLD
P07,HOUSEHOLD_2_001,2012-12-06,3,97,HOUSEHOLD
P07,HOUSEHOLD_2_001,2012-12-07,4,97,HOUSEHOLD
P07,HOUSEHOLD_2_001,2012-12-08,5,98,HOUSEHOLD
P07,HOUSEHOLD_2_001,2012-12-09,6,98,HOUSEHOLD
P07,HOUSEHOLD_2_001,2012-12-10,3,98,HOUSEHOLD
P07,HOUSEHOLD_2_001,2012-12-11,4,98,HOUSEHOLD
P07,HOUSEHOLD_2_001,2012-12-12,2,98,HOUSEHOLD
P07,HOUSEHOLD_2_001,2012-12-13,3,98,HOUSEHOLD
P07,HOUSEHOLD_2_001,2012-12-14,5,98,HOUSEHOLD
P07,HOUSEHOLD_2_001,2012-12-15,4,99,HOUSEHOLD
P07,HOUSEHOLD_2_001,2012-12-16,3,99,HOUSEHOLD
P07,HOUSEHOLD_2_001,2012-12-17,4,99,HOUSEHOLD
P07,HOUSEHOLD_2_001,2012-12-18,4,99,HOUSEHOLD
P07,HOUSEHOLD_2_001,2012-12-19,3,99,HOUSEHOLD
P07,HOUSEHOLD_2_001,2012-12-20,5,99,HOUSEHOLD
P07,HOUSEHOLD_2_001,2012-12-21,4,99,HOUSEHOLD
P07,HOUSEHOLD_2_001,2012-12-22,9,100,HOUSEHOLD
P07,HOUSEHOLD_2_001,2012-12-23,4,100,HOUSEHOLD
P07,HOUSEHOLD_2_001,2012-12-24,3,100,HOUSEHOLD
P07,HOUSEHOLD_2_001,2012-12-25,0,100,HOUSEHOLD
P07,HOUSEHOLD_2_001,2012-12-26,2,100,HOUSEHOLD
P07,HOUSEHOLD_2_001,2012-12-27,6,100,HOUSEHOLD
P07,HOUSEHOLD_2_001,2012-12-28,4,100,HOUSEHOLD
P07,HOUSEHOLD_2_001,2012-12-29,3,101,HOUSEHOLD
P07,HOUSEHOLD_2_001,2012-12-30,2,101,HOUSEHOLD
P07,HOUSEHOLD_2_001,2012-12-31,2,101,HOUSEHOLD
P07,HOUSEHOLD_2_001,2013-01-01,4,101,HOUSEHOLD
P07,HOUSEHOLD_2_001,2013-01-02,2,101,HOUSEHOLD
P07,HOUSEHOLD_2_001,2013-01-03,5,101,HOUSEHOLD
P07,HOUSEHOLD_2_001,2013-01-04,5,101,HOUSEHOLD
P07,HOUSEHOLD_2_001,2013-01-05,1,102,HOUSEHOLD
P07,HOUSEHOLD_2_001,2013-01-06,5,102,HOUSEHOLD
P07,HOUSEHOLD_2_001,2013-01-07,6,102,HOUSEHOLD
P07,HOUSEHOLD_2_001,2013-01-08,2,102,HOUSEHOLD
P07,HOUSEHOLD_2_001,2013-01-09,3,102,HOUSEHOLD
P07,HOUSEHOLD_2_001,2013-01-10,3,102,HOUSEHOLD
P07,HOUSEHOLD_2_001,2013-01-11,2,102,HOUSEHOLD
P07,HOUSEHOLD_2_001,2013-01-12,5,103,HOUSEHOLD
P07,HOUSEHOLD_2_001,2013-01-13,2,103,HOUSEHOLD
P07,HOUSEHOLD_2_001,2013-01-14,1,103,HOUSEHOLD
P07,HOUSEHOLD_2_001,2013-01-15,5,103,HOUSEHOLD
P07,HOUSEHOLD_2_001,2013-01-16,1,103,HOUSEHOLD
P07,HOUSEHOLD_2_001,2013-01-17,2,103,HOUSEHOLD
P07,HOUSEHOLD_2_001,2013-01-18,4,103,HOUSEHOLD
P07,HOUSEHOLD_2_001,2013-01-19,5,104,HOUSEHOLD
P07,HOUSEHOLD_2_001,2013-01-20,8,104,HOUSEHOLD
P07,HOUSEHOLD_2_001,2013-01-21,5,104,HOUSEHOLD
P07,HOUSEHOLD_2_001,2013-01-22,3,104,HOUSEHOLD
P07,HOUSEHOLD_2_001,2013-01-23,2,104,HOUSEHOLD
P07,HOUSEHOLD_2_001,2013-01-24,4,104,HOUSEHOLD
P07,HOUSEHOLD_2_001,2013-01-25,5,104,HOUSEHOLD
P07,HOUSEHOLD_2_001,2013-01-26,3,105,HOUSEHOLD
P07,HOUSEHOLD_2_001,2013-01-27,9,105,HOUSEHOLD
P07,HOUSEHOLD_2_001,2013-01-28,2,105,HOUSEHOLD
P07,HOUSEHOLD_2_001,2013-01-29,2,105,HOUSEHOLD
P07,HOUSEHOLD_2_001,2013-01-30,2,105,HOUSEHOLD
P07,HOUSEHOLD_2_001,2013-01-31,1,105,HOUSEHOLD
P07,HOUSEHOLD_2_001,2013-02-01,3,105,HOUSEHOLD
P07,HOUSEHOLD_2_001,2013-02-02,6,106,HOUSEHOLD
P07,HOUSEHOLD_2_001,2013-02-03,2,106,HOUSEHOLD
P07,HOUSEHOLD_2_001,2013-02-04,5,106,HOUSEHOLD
P07,HOUSEHOLD_2_001,2013-02-05,6,106,HOUSEHOLD
P07,HOUSEHOLD_2_001,2013-02-06,2,106,HOUSEHOLD
P07,HOUSEHOLD_2_001,2013-02-07,5,106,HOUSEHOLD
P07,HOUSEHOLD_2_001,2013-02-08,4,106,HOUSEHOLD
P07,HOUSEHOLD_2_001,2013-02-09,8,107,HOUSEHOLD
P07,HOUSEHOLD_2_001,2013-02-10,5,107,HOUSEHOLD
P07,HOUSEHOLD_2_001,2013-02-11,2,107,HOUSEHOLD
P07,HOUSEHOLD_2_001,2013-02-12,3,107,HOUSEHOLD
P07,HOUSEHOLD_2_001,2013-02-13,4,107,HOUSEHOLD
P07,HOUSEHOLD_2_001,2013-02-14,2,107,HOUSEHOLD
P07,HOUSEHOLD_2_001,2013-02-15,5,107,HOUSEHOLD
P07,HOUSEHOLD_2_001,2013-02-16,2,108,HOUSEHOLD
P07,HOUSEHOLD_2_001,2013-02-17,5,108,HOUSEHOLD
P07,HOUSEHOLD_2_001,2013-02-18,2,108,HOUSEHOLD
P07,HOUSEHOLD_2_001,2013-02-19,3,108,HOUSEHOLD
P07,HOUSEHOLD_2_001,2013-02-20,7,108,HOUSEHOLD
P07,HOUSEHOLD_2_001,2013-02-21,4,108,HOUSEHOLD
P07,HOUSEHOLD_2_001,2013-02-22,5,108,HOUSEHOLD
P07,HOUSEHOLD_2_001,2013-02-23,4,109,HOUSEHOLD
P07,HOUSEHOLD_2_001,2013-02-24,5,109,HOUSEHOLD
P07,HOUSEHOLD_2_001,2013-02-25,2,109,HOUSEHOLD
P07,HOUSEHOLD_2_001,2013-02-26,2,109,HOUSEHOLD
P07,HOUSEHOLD_2_001,2013-02-27,2,109,HOUSEHOLD
P07,HOUSEHOLD_2_001,2013-02-28,5,109,HOUSEHOLD
P07,HOUSEHOLD_2_001,2013-03-01,5,109,HOUSEHOLD
P07,HOUSEHOLD_2_001,2013-03-02,5,110,HOUSEHOLD
P07,HOUSEHOLD_2_001,2013-03-03,4,110,HOUSEHOLD
P07,HOUSEHOLD_2_001,2013-03-04,3,110,HOUSEHOLD
P07,HOUSEHOLD_2_001,2013-03-05,5,110,HOUSEHOLD
P07,HOUSEHOLD_2_001,2013-03-06,7,110,HOUSEHOLD
P07,HOUSEHOLD_2_001,2013-03-07,3,110,HOUSEHOLD
P07,HOUSEHOLD_2_001,2013-03-08,2,110,HOUSEHOLD
P07,HOUSEHOLD_2_001,2013-03-09,2,111,HOUSEHOLD
P07,HOUSEHOLD_2_001,2013-03-10,2,111,HOUSEHOLD
P07,HOUSEHOLD_2_001,2013-03-11,4,111,HOUSEHOLD
P07,HOUSEHOLD_2_001,2013-03-12,4,111,HOUSEHOLD
P07,HOUSEHOLD_2_001,2013-03-13,1,111,HOUSEHOLD
P07,HOUSEHOLD_2_001,2013-03-14,3,111,HOUSEHOLD
P07,HOUSEHOLD_2_001,2013-03-15,7,111,HOUSEHOLD
P07,HOUSEHOLD_2_001,2013-03-16,2,112,HOUSEHOLD
P07,HOUSEHOLD_2_001,2013-03-17,5,112,HOUSEHOLD
P07,HOUSEHOLD_2_001,2013-03-18,1,112,HOUSEHOLD
P07,HOUSEHOLD_2_001,2013-03-19,5,112,HOUSEHOLD
P07,HOUSEHOLD_2_001,2013-03-20,5,112,HOUSEHOLD
P07,HOUSEHOLD_2_001,2013-03-21,4,112,HOUSEHOLD
P07,HOUSEHOLD_2_001,2013-03-22,6,112,HOUSEHOLD
P07,HOUSEHOLD_2_001,2013-03-23,5,113,HOUSEHOLD
P07,HOUSEHOLD_2_001,2013-03-24,7,113,HOUSEHOLD
P07,HOUSEHOLD_2_001,2013-03-25,4,113,HOUSEHOLD
P07,HOUSEHOLD_2_001,2013-03-26,2,113,HOUSEHOLD
P07,HOUSEHOLD_2_001,2013-03-27,5,113,HOUSEHOLD
P07,HOUSEHOLD_2_001,2013-03-28,4,113,HOUSEHOLD
P07,HOUSEHOLD_2_001,2013-03-29,2,113,HOUSEHOLD
P07,HOUSEHOLD_2_001,2013-03-30,1,114,HOUSEHOLD
P07,HOUSEHOLD_2_001,2013-03-31,8,114,HOUSEHOLD
P07,HOUSEHOLD_2_001,2013-04-01,6,114,HOUSEHOLD
P07,HOUSEHOLD_2_001,2013-04-02,4,114,HOUSEHOLD
P07,HOUSEHOLD_2_001,2013-04-03,3,114,HOUSEHOLD
P07,HOUSEHOLD_2_001,2013-04-04,2,114,HOUSEHOLD
P07,HOUSEHOLD_2_001,2013-04-05,2,114,HOUSEHOLD
P07,HOUSEHOLD_2_001,2013-04-06,2,115,HOUSEHOLD
P07,HOUSEHOLD_2_001,2013-04-07,5,115,HOUSEHOLD
P07,HOUSEHOLD_2_001,2013-04-08,1,115,HOUSEHOLD
P07,HOUSEHOLD_2_001,2013-04-09,2,115,HOUSEHOLD
P07,HOUSEHOLD_2_001,2013-04-10,3,115,HOUSEHOLD
P07,HOUSEHOLD_2_001,2013-04-11,2,115,HOUSEHOLD
P07,HOUSEHOLD_2_001,2013-04-12,2,115,HOUSEHOLD
P07,HOUSEHOLD_2_001,2013-04-13,4,116,HOUSEHOLD
P07,HOUSEHOLD_2_001,2013-04-14,3,116,HOUSEHOLD
P07,HOUSEHOLD_2_001,2013-04-15,1,116,HOUSEHOLD
P07,HOUSEHOLD_2_001,2013-04-16,4,116,HOUSEHOLD
P07,HOUSEHOLD_2_001,2013-04-17,3,116,HOUSEHOLD
P07,HOUSEHOLD_2_001,2013-04-18,2,116,HOUSEHOLD
P07,HOUSEHOLD_2_001,2013-04-19,3,116,HOUSEHOLD
P07,HOUSEHOLD_2_001,2013-04-20,4,117,HOUSEHOLD
P07,HOUSEHOLD_2_001,2013-04-21,2,117,HOUSEHOLD
P07,HOUSEHOLD_2_001,2013-04-22,2,117,HOUSEHOLD
P07,HOUSEHOLD_2_001,2013-04-23,2,117,HOUSEHOLD
P07,HOUSEHOLD_2_001,2013-04-24,5,117,HOUSEHOLD
P07,HOUSEHOLD_2_001,2013-04-25,3,117,HOUSEHOLD
P07,HOUSEHOLD_2_001,2013-04-26,5,117,HOUSEHOLD
P07,HOUSEHOLD_2_001,2013-04-27,5,118,HOUSEHOLD
P07,HOUSEHOLD_2_001,2013-04-28,3,118,HOUSEHOLD
P07,HOUSEHOLD_2_001,2013-04-29,1,118,HOUSEHOLD
P07,HOUSEHOLD_2_001,2013-04-30,0,118,HOUSEHOLD
P07,HOUSEHOLD_2_001,2013-05-01,6,118,HOUSEHOLD
P07,HOUSEHOLD_2_001,2013-05-02,3,118,HOUSEHOLD
P07,HOUSEHOLD_2_001,2013-05-03,4,118,HOUSEHOLD
P07,HOUSEHOLD_2_001,2013-05-04,2,119,HOUSEHOLD
P07,HOUSEHOLD_2_001,2013-05-05,3,119,HOUSEHOLD
P07,HOUSEHOLD_2_001,2013-05-06,4,119,HOUSEHOLD
P07,HOUSEHOLD_2_001,2013-05-07,2,119,HOUSEHOLD
P07,HOUSEHOLD_2_001,2013-05-08,4,119,HOUSEHOLD
P07,HOUSEHOLD_2_001,2013-05-09,4,119,HOUSEHOLD
P07,HOUSEHOLD_2_001,2013-05-10,2,119,HOUSEHOLD
P07,HOUSEHOLD_2_001,2013-05-11,4,120,HOUSEHOLD
P07,HOUSEHOLD_2_001,2013-05-12,6,120,HOUSEHOLD
P07,HOUSEHOLD_2_001,2013-05-13,4,120,HOUSEHOLD
P07,HOUSEHOLD_2_001,2013-05-14,2,120,HOUSEHOLD
P07,HOUSEHOLD_2_001,2013-05-15,4,120,HOUSEHOLD
P07,HOUSEHOLD_2_001,2013-05-16,2,120,HOUSEHOLD
P07,HOUSEHOLD_2_001,2013-05-17,4,120,HOUSEHOLD
P07,HOUSEHOLD_2_001,2013-05-18,5,121,HOUSEHOLD
P07,HOUSEHOLD_2_001,2013-05-19,3,121,HOUSEHOLD
P07,HOUSEHOLD_2_001,2013-05-20,3,121,HOUSEHOLD
P07,HOUSEHOLD_2_001,2013-05-21,2,121,HOUSEHOLD
P07,HOUSEHOLD_2_001,2013-05-22,2,121,HOUSEHOLD
P07,HOUSEHOLD_2_001,2013-05-23,1,121,HOUSEHOLD
P07,HOUSEHOLD_2_001,2013-05-24,2,121,HOUSEHOLD
P07,HOUSEHOLD_2_001,2013-05-25,3,122,HOUSEHOLD
P07,HOUSEHOLD_2_001,2013-05-26,5,122,HOUSEHOLD
P07,HOUSEHOLD_2_001,2013-05-27,8,122,HOUSEHOLD
P07,HOUSEHOLD_2_001,2013-05-28,5,122,HOUSEHOLD
P07,HOUSEHOLD_2_001,2013-05-29,2,122,HOUSEHOLD
P07,HOUSEHOLD_2_001,2013-05-30,5,122,HOUSEHOLD
P07,HOUSEHOLD_2_001,2013-05-31,2,122,HOUSEHOLD
P07,HOUSEHOLD_2_001,2013-06-01,1,123,HOUSEHOLD
P07,HOUSEHOLD_2_001,2013-06-02,10,123,HOUSEHOLD
P07,HOUSEHOLD_2_001,2013-06-03,2,123,HOUSEHOLD
P07,HOUSEHOLD_2_001,2013-06-04,7,123,HOUSEHOLD
P07,HOUSEHOLD_2_001,2013-06-05,8,123,HOUSEHOLD
P07,HOUSEHOLD_2_001,2013-06-06,1,123,HOUSEHOLD
P07,HOUSEHOLD_2_001,2013-06-07,4,123,HOUSEHOLD
P07,HOUSEHOLD_2_001,2013-06-08,3,124,HOUSEHOLD
P07,HOUSEHOLD_2_001,2013-06-09,5,124,HOUSEHOLD
P07,HOUSEHOLD_2_001,2013-06-10,4,124,HOUSEHOLD
P07,HOUSEHOLD_2_001,2013-06-11,2,124,HOUSEHOLD
P07,HOUSEHOLD_2_001,2013-06-12,1,124,HOUSEHOLD
P07,HOUSEHOLD_2_001,2013-06-13,2,124,HOUSEHOLD
P07,HOUSEHOLD_2_001,2013-06-14,4,124,HOUSEHOLD
P07,HOUSEHOLD_2_001,2013-06-15,3,125,HOUSEHOLD
P07,HOUSEHOLD_2_001,2013-06-16,7,125,HOUSEHOLD
P07,HOUSEHOLD_2_001,2013-06-17,3,125,HOUSEHOLD
P07,HOUSEHOLD_2_001,2013-06-18,0,125,HOUSEHOLD
P07,HOUSEHOLD_2_001,2013-06-19,2,125,HOUSEHOLD
P07,HOUSEHOLD_2_001,2013-06-20,1,125,HOUSEHOLD
P07,HOUSEHOLD_2_001,2013-06-21,2,125,HOUSEHOLD
P07,HOUSEHOLD_2_001,2013-06-22,6,126,HOUSEHOLD
P07,HOUSEHOLD_2_001,2013-06-23,3,126,HOUSEHOLD
P07,HOUSEHOLD_2_001,2013-06-24,3,126,HOUSEHOLD
P07,HOUSEHOLD_2_001,2013-06-25,1,126,HOUSEHOLD
P07,HOUSEHOLD_2_001,2013-06-26,4,126,HOUSEHOLD
P07,HOUSEHOLD_2_001,2013-06-27,1,126,HOUSEHOLD
P07,HOUSEHOLD_2_001,2013-06-28,3,126,HOUSEHOLD
P07,HOUSEHOLD_2_001,2013-06-29,3,127,HOUSEHOLD
P07,HOUSEHOLD_2_001,2013-06-30,1,127,HOUSEHOLD
P07,HOUSEHOLD_2_001,2013-07-01,3,127,HOUSEHOLD
P07,HOUSEHOLD_2_001,2013-07-02,1,127,HOUSEHOLD
P07,HOUSEHOLD_2_001,2013-07-03,3,127,HOUSEHOLD
P07,HOUSEHOLD_2_001,2013-07-04,2,127,HOUSEHOLD
P07,HOUSEHOLD_2_001,2013-07-05,5,127,HOUSEHOLD
P07,HOUSEHOLD_2_001,2013-07-06,6,128,HOUSEHOLD
P07,HOUSEHOLD_2_001,2013-07-07,5,128,HOUSEHOLD
P07,HOUSEHOLD_2_001,2013-07-08,5,128,HOUSEHOLD
P07,HOUSEHOLD_2_001,2013-07-09,5,128,HOUSEHOLD
P07,HOUSEHOLD_2_001,2013-07-10,1,128,HOUSEHOLD
P07,HOUSEHOLD_2_001,2013-07-11,2,128,HOUSEHOLD
P07,HOUSEHOLD_2_001,2013-07-12,4,128,HOUSEHOLD
P07,HOUSEHOLD_2_001,2013-07-13,2,129,HOUSEHOLD
P07,HOUSEHOLD_2_001,2013-07-14,1,129,HOUSEHOLD
P07,HOUSEHOLD_2_001,2013-07-15,3,129,HOUSEHOLD
P07,HOUSEHOLD_2_001,2013-07-16,3,129,HOUSEHOLD
P07,HOUSEHOLD_2_001,2013-07-17,5,129,HOUSEHOLD
P07,HOUSEHOLD_2_001,2013-07-18,4,129,HOUSEHOLD
P07,HOUSEHOLD_2_001,2013-07-19,3,129,HOUSEHOLD
P07,HOUSEHOLD_2_001,2013-07-20,4,130,HOUSEHOLD
P07,HOUSEHOLD_2_001,2013-07-21,2,130,HOUSEHOLD
P07,HOUSEHOLD_2_001,2013-07-22,6,130,HOUSEHOLD
P07,HOUSEHOLD_2_001,2013-07-23,2,130,HOUSEHOLD
P07,HOUSEHOLD_2_001,2013-07-24,2,130,HOUSEHOLD
P07,HOUSEHOLD_2_001,2013-07-25,0,130,HOUSEHOLD
P07,HOUSEHOLD_2_001,2013-07-26,3,130,HOUSEHOLD
P07,HOUSEHOLD_2_001,2013-07-27,3,131,HOUSEHOLD
P07,HOUSEHOLD_2_001,2013-07-28,3,131,HOUSEHOLD
P07,HOUSEHOLD_2_001,2013-07-29,2,131,HOUSEHOLD
P07,HOUSEHOLD_2_001,2013-07-30,2,131,HOUSEHOLD
P07,HOUSEHOLD_2_001,2013-07-31,1,131,HOUSEHOLD
P07,HOUSEHOLD_2_001,2013-08-01,4,131,HOUSEHOLD
P07,HOUSEHOLD_2_001,2013-08-02,7,131,HOUSEHOLD
P07,HOUSEHOLD_2_001,2013-08-03,5,132,HOUSEHOLD
P07,HOUSEHOLD_2_001,2013-08-04,6,132,HOUSEHOLD
P07,HOUSEHOLD_2_001,2013-08-05,7,132,HOUSEHOLD
P07,HOUSEHOLD_2_001,2013-08-06,3,132,HOUSEHOLD
P07,HOUSEHOLD_2_001,2013-08-07,2,132,HOUSEHOLD
P07,HOUSEHOLD_2_001,2013-08-08,3,132,HOUSEHOLD
P07,HOUSEHOLD_2_001,2013-08-09,4,132,HOUSEHOLD
P07,HOUSEHOLD_2_001,2013-08-10,1,133,HOUSEHOLD
P07,HOUSEHOLD_2_001,2013-08-11,2,133,HOUSEHOLD
P07,HOUSEHOLD_2_001,2013-08-12,3,133,HOUSEHOLD
P07,HOUSEHOLD_2_001,2013-08-13,1,133,HOUSEHOLD
P07,HOUSEHOLD_2_001,2013-08-14,0,133,HOUSEHOLD
P07,HOUSEHOLD_2_001,2013-08-15,3,133,HOUSEHOLD
P07,HOUSEHOLD_2_001,2013-08-16,3,133,HOUSEHOLD
P07,HOUSEHOLD_2_001,2013-08-17,4,134,HOUSEHOLD
P07,HOUSEHOLD_2_001,2013-08-18,5,134,HOUSEHOLD
P07,HOUSEHOLD_2_001,2013-08-19,3,134,HOUSEHOLD
P07,HOUSEHOLD_2_001,2013-08-20,2,134,HOUSEHOLD
P07,HOUSEHOLD_2_001,2013-08-21,1,134,HOUSEHOLD
P07,HOUSEHOLD_2_001,2013-08-22,2,134,HOUSEHOLD
P07,HOUSEHOLD_2_001,2013-08-23,7,134,HOUSEHOLD
P07,HOUSEHOLD_2_001,2013-08-24,2,135,HOUSEHOLD
P07,HOUSEHOLD_2_001,2013-08-25,4,135,HOUSEHOLD
P07,HOUSEHOLD_2_001,2013-08-26,4,135,HOUSEHOLD
P07,HOUSEHOLD_2_001,2013-08-27,4,135,HOUSEHOLD
P07,HOUSEHOLD_2_001,2013-08-28,3,135,HOUSEHOLD
P07,HOUSEHOLD_2_001,2013-08-29,2,135,HOUSEHOLD
P07,HOUSEHOLD_2_001,2013-08-30,5,135,HOUSEHOLD
P07,HOUSEHOLD_2_001,2013-08-31,1,136,HOUSEHOLD
P07,HOUSEHOLD_2_001,2013-09-01,9,136,HOUSEHOLD
P07,HOUSEHOLD_2_001,2013-09-02,6,136,HOUSEHOLD
P07,HOUSEHOLD_2_001,2013-09-03,7,136,HOUSEHOLD
P07,HOUSEHOLD_2_001,2013-09-04,3,136,HOUSEHOLD
P07,HOUSEHOLD_2_001,2013-09-05,2,136,HOUSEHOLD
P07,HOUSEHOLD_2_001,2013-09-06,2,136,HOUSEHOLD
P07,HOUSEHOLD_2_001,2013-09-07,6,137,HOUSEHOLD
P07,HOUSEHOLD_2_001,2013-09-08,4,137,HOUSEHOLD
P07,HOUSEHOLD_2_001,2013-09-09,5,137,HOUSEHOLD
P07,HOUSEHOLD_2_001,2013-09-10,6,137,HOUSEHOLD
P07,HOUSEHOLD_2_001,2013-09-11,2,137,HOUSEHOLD
P07,HOUSEHOLD_2_001,2013-09-12,5,137,HOUSEHOLD
P07,HOUSEHOLD_2_001,2013-09-13,7,137,HOUSEHOLD
P07,HOUSEHOLD_2_001,2013-09-14,6,138,HOUSEHOLD
P07,HOUSEHOLD_2_001,2013-09-15,6,138,HOUSEHOLD
P07,HOUSEHOLD_2_001,2013-09-16,6,138,HOUSEHOLD
P07,HOUSEHOLD_2_001,2013-09-17,1,138,HOUSEHOLD
P07,HOUSEHOLD_2_001,2013-09-18,3,138,HOUSEHOLD
P07,HOUSEHOLD_2_001,2013-09-19,6,138,HOUSEHOLD
P07,HOUSEHOLD_2_001,2013-09-20,6,138,HOUSEHOLD
P07,HOUSEHOLD_2_001,2013-09-21,4,139,HOUSEHOLD
P07,HOUSEHOLD_2_001,2013-09-22,3,139,HOUSEHOLD
P07,HOUSEHOLD_2_001,2013-09-23,2,139,HOUSEHOLD
P07,HOUSEHOLD_2_001,2013-09-24,4,139,HOUSEHOLD
P07,HOUSEHOLD_2_001,2013-09-25,1,139,HOUSEHOLD
P07,HOUSEHOLD_2_001,2013-09-26,4,139,HOUSEHOLD
P07,HOUSEHOLD_2_001,2013-09-27,2,139,HOUSEHOLD
P07,HOUSEHOLD_2_001,2013-09-28,5,140,HOUSEHOLD
P07,HOUSEHOLD_2_001,2013-09-29,6,140,HOUSEHOLD
P07,HOUSEHOLD_2_001,2013-09-30,1,140,HOUSEHOLD
P07,HOUSEHOLD_2_001,2013-10-01,0,140,HOUSEHOLD
P07,HOUSEHOLD_2_001,2013-10-02,2,140,HOUSEHOLD
P07,HOUSEHOLD_2_001,2013-10-03,3,140,HOUSEHOLD
P07,HOUSEHOLD_2_001,2013-10-04,1,140,HOUSEHOLD
P07,HOUSEHOLD_2_001,2013-10-05,4,141,HOUSEHOLD
P07,HOUSEHOLD_2_001,2013-10-06,4,141,HOUSEHOLD
P07,HOUSEHOLD_2_001,2013-10-07,2,141,HOUSEHOLD
P07,HOUSEHOLD_2_001,2013-10-08,8,141,HOUSEHOLD
P07,HOUSEHOLD_2_001,2013-10-09,5,141,HOUSEHOLD
P07,HOUSEHOLD_2_001,2013-10-10,3,141,HOUSEHOLD
P07,HOUSEHOLD_2_001,2013-10-11,2,141,HOUSEHOLD
P07,HOUSEHOLD_2_001,2013-10-12,2,142,HOUSEHOLD
P07,HOUSEHOLD_2_001,2013-10-13,4,142,HOUSEHOLD
P07,HOUSEHOLD_2_001,2013-10-14,8,142,HOUSEHOLD
P07,HOUSEHOLD_2_001,2013-10-15,4,142,HOUSEHOLD
P07,HOUSEHOLD_2_001,2013-10-16,1,142,HOUSEHOLD
P07,HOUSEHOLD_2_001,2013-10-17,6,142,HOUSEHOLD
P07,HOUSEHOLD_2_001,2013-10-18,1,142,HOUSEHOLD
P07,HOUSEHOLD_2_001,2013-10-19,5,143,HOUSEHOLD
P07,HOUSEHOLD_2_001,2013-10-20,1,143,HOUSEHOLD
P07,HOUSEHOLD_2_001,2013-10-21,3,143,HOUSEHOLD
P07,HOUSEHOLD_2_001,2013-10-22,2,143,HOUSEHOLD
P07,HOUSEHOLD_2_001,2013-10-23,2,143,HOUSEHOLD
P07,HOUSEHOLD_2_001,2013-10-24,2,143,HOUSEHOLD
P07,HOUSEHOLD_2_001,2013-10-25,5,143,HOUSEHOLD
P07,HOUSEHOLD_2_001,2013-10-26,5,144,HOUSEHOLD
P07,HOUSEHOLD_2_001,2013-10-27,5,144,HOUSEHOLD
P07,HOUSEHOLD_2_001,2013-10-28,2,144,HOUSEHOLD
P07,HOUSEHOLD_2_001,2013-10-29,5,144,HOUSEHOLD
P07,HOUSEHOLD_2_001,2013-10-30,4,144,HOUSEHOLD
P07,HOUSEHOLD_2_001,2013-10-31,3,144,HOUSEHOLD
P07,HOUSEHOLD_2_001,2013-11-01,4,144,HOUSEHOLD
P07,HOUSEHOLD_2_001,2013-11-02,1,145,HOUSEHOLD
P07,HOUSEHOLD_2_001,2013-11-03,4,145,HOUSEHOLD
P07,HOUSEHOLD_2_001,2013-11-04,2,145,HOUSEHOLD
P07,HOUSEHOLD_2_001,2013-11-05,3,145,HOUSEHOLD
P07,HOUSEHOLD_2_001,2013-11-06,3,145,HOUSEHOLD
P07,HOUSEHOLD_2_001,2013-11-07,1,145,HOUSEHOLD
P07,HOUSEHOLD_2_001,2013-11-08,2,145,HOUSEHOLD
P07,HOUSEHOLD_2_001,2013-11-09,3,146,HOUSEHOLD
P07,HOUSEHOLD_2_001,2013-11-10,2,146,HOUSEHOLD
P07,HOUSEHOLD_2_001,2013-11-11,9,146,HOUSEHOLD
P07,HOUSEHOLD_2_001,2013-11-12,1,146,HOUSEHOLD
P07,HOUSEHOLD_2_001,2013-11-13,2,146,HOUSEHOLD
P07,HOUSEHOLD_2_001,2013-11-14,1,146,HOUSEHOLD
P07,HOUSEHOLD_2_001,2013-11-15,1,146,HOUSEHOLD
P07,HOUSEHOLD_2_001,2013-11-16,3,147,HOUSEHOLD
P07,HOUSEHOLD_2_001,2013-11-17,4,147,HOUSEHOLD
P07,HOUSEHOLD_2_001,2013-11-18,6,147,HOUSEHOLD
P07,HOUSEHOLD_2_001,2013-11-19,3,147,HOUSEHOLD
P07,HOUSEHOLD_2_001,2013-11-20,2,147,HOUSEHOLD
P07,HOUSEHOLD_2_001,2013-11-21,7,147,HOUSEHOLD
P07,HOUSEHOLD_2_001,2013-11-22,3,147,HOUSEHOLD
P07,HOUSEHOLD_2_001,2013-11-23,7,148,HOUSEHOLD
P07,HOUSEHOLD_2_001,2013-11-24,3,148,HOUSEHOLD
P07,HOUSEHOLD_2_001,2013-11-25,2,148,HOUSEHOLD
P07,HOUSEHOLD_2_001,2013-11-26,3,148,HOUSEHOLD
P07,HOUSEHOLD_2_001,2013-11-27,3,148,HOUSEHOLD
P07,HOUSEHOLD_2_001,2013-11-28,3,148,HOUSEHOLD
P07,HOUSEHOLD_2_001,2013-11-29,3,148,HOUSEHOLD
P07,HOUSEHOLD_2_001,2013-11-30,3,149,HOUSEHOLD
P07,HOUSEHOLD_2_001,2013-12-01,3,149,HOUSEHOLD
P07,HOUSEHOLD_2_001,2013-12-02,0,149,HOUSEHOLD
P07,HOUSEHOLD_2_001,2013-12-03,2,149,HOUSEHOLD
P07,HOUSEHOLD_2_001,2013-12-04,2,149,HOUSEHOLD
P07,HOUSEHOLD_2_001,2013-12-05,3,149,HOUSEHOLD
P07,HOUSEHOLD_2_001,2013-12-06,1,149,HOUSEHOLD
P07,HOUSEHOLD_2_001,2013-12-07,2,150,HOUSEHOLD
P07,HOUSEHOLD_2_001,2013-12-08,7,150,HOUSEHOLD
P07,HOUSEHOLD_2_001,2013-12-09,2,150,HOUSEHOLD
P07,HOUSEHOLD_2_001,2013-12-10,4,150,HOUSEHOLD
P07,HOUSEHOLD_2_001,2013-12-11,3,150,HOUSEHOLD
P07,HOUSEHOLD_2_001,2013-12-12,2,150,HOUSEHOLD
P07,HOUSEHOLD_2_001,2013-12-13,4,150,HOUSEHOLD
P07,HOUSEHOLD_2_001,2013-12-14,4,151,HOUSEHOLD
P07,HOUSEHOLD_2_001,2013-12-15,3,151,HOUSEHOLD
P07,HOUSEHOLD_2_001,2013-12-16,4,151,HOUSEHOLD
P07,HOUSEHOLD_2_001,2013-12-17,1,151,HOUSEHOLD
P07,HOUSEHOLD_2_001,2013-12-18,2,151,HOUSEHOLD
P07,HOUSEHOLD_2_001,2013-12-19,2,151,HOUSEHOLD
P07,HOUSEHOLD_2_001,2013-12-20,0,151,HOUSEHOLD
P07,HOUSEHOLD_2_001,2013-12-21,5,152,HOUSEHOLD
P07,HOUSEHOLD_2_001,2013-12-22,5,152,HOUSEHOLD
P07,HOUSEHOLD_2_001,2013-12-23,0,152,HOUSEHOLD
P07,HOUSEHOLD_2_001,2013-12-24,2,152,HOUSEHOLD
P07,HOUSEHOLD_2_001,2013-12-25,0,152,HOUSEHOLD
P07,HOUSEHOLD_2_001,2013-12-26,5,152,HOUSEHOLD
P07,HOUSEHOLD_2_001,2013-12-27,3,152,HOUSEHOLD
P07,HOUSEHOLD_2_001,2013-12-28,4,153,HOUSEHOLD
P07,HOUSEHOLD_2_001,2013-12-29,4,153,HOUSEHOLD
P07,HOUSEHOLD_2_001,2013-12-30,3,153,HOUSEHOLD
P07,HOUSEHOLD_2_001,2013-12-31,2,153,HOUSEHOLD
P07,HOUSEHOLD_2_001,2014-01-01,5,153,HOUSEHOLD
P07,HOUSEHOLD_2_001,2014-01-02,2,153,HOUSEHOLD
P07,HOUSEHOLD_2_001,2014-01-03,1,153,HOUSEHOLD
P07,HOUSEHOLD_2_001,2014-01-04,3,154,HOUSEHOLD
P07,HOUSEHOLD_2_001,2014-01-05,3,154,HOUSEHOLD
P07,HOUSEHOLD_2_001,2014-01-06,5,154,HOUSEHOLD
P07,HOUSEHOLD_2_001,2014-01-07,2,154,HOUSEHOLD
P07,HOUSEHOLD_2_001,2014-01-08,3,154,HOUSEHOLD
P07,HOUSEHOLD_2_001,2014-01-09,3,154,HOUSEHOLD
P07,HOUSEHOLD_2_001,2014-01-10,1,154,HOUSEHOLD
P07,HOUSEHOLD_2_001,2014-01-11,1,155,HOUSEHOLD
P07,HOUSEHOLD_2_001,2014-01-12,6,155,HOUSEHOLD
P07,HOUSEHOLD_2_001,2014-01-13,1,155,HOUSEHOLD
P07,HOUSEHOLD_2_001,2014-01-14,1,155,HOUSEHOLD
P07,HOUSEHOLD_2_001,2014-01-15,1,155,HOUSEHOLD
P07,HOUSEHOLD_2_001,2014-01-16,2,155,HOUSEHOLD
P07,HOUSEHOLD_2_001,2014-01-17,1,155,HOUSEHOLD
P07,HOUSEHOLD_2_001,2014-01-18,6,156,HOUSEHOLD
P07,HOUSEHOLD_2_001,2014-01-19,5,156,HOUSEHOLD
P07,HOUSEHOLD_2_001,2014-01-20,2,156,HOUSEHOLD
P07,HOUSEHOLD_2_001,2014-01-21,2,156,HOUSEHOLD
P07,HOUSEHOLD_2_001,2014-01-22,1,156,HOUSEHOLD
P07,HOUSEHOLD_2_001,2014-01-23,0,156,HOUSEHOLD
P07,HOUSEHOLD_2_001,2014-01-24,4,156,HOUSEHOLD
P07,HOUSEHOLD_2_001,2014-01-25,2,157,HOUSEHOLD
P07,HOUSEHOLD_2_001,2014-01-26,0,157,HOUSEHOLD
P07,HOUSEHOLD_2_001,2014-01-27,2,157,HOUSEHOLD
P07,HOUSEHOLD_2_001,2014-01-28,1,157,HOUSEHOLD
P07,HOUSEHOLD_2_001,2014-01-29,3,157,HOUSEHOLD
P07,HOUSEHOLD_2_001,2014-01-30,5,157,HOUSEHOLD
P07,HOUSEHOLD_2_001,2014-01-31,2,157,HOUSEHOLD
P07,HOUSEHOLD_2_001,2014-02-01,0,158,HOUSEHOLD
P07,HOUSEHOLD_2_001,2014-02-02,1,158,HOUSEHOLD
P07,HOUSEHOLD_2_001,2014-02-03,0,158,HOUSEHOLD
P07,HOUSEHOLD_2_001,2014-02-04,1,158,HOUSEHOLD
P07,HOUSEHOLD_2_001,2014-02-05,4,158,HOUSEHOLD
P07,HOUSEHOLD_2_001,2014-02-06,2,158,HOUSEHOLD
P07,HOUSEHOLD_2_001,2014-02-07,4,158,HOUSEHOLD
P07,HOUSEHOLD_2_001,2014-02-08,6,159,HOUSEHOLD
P07,HOUSEHOLD_2_001,2014-02-09,3,159,HOUSEHOLD
P07,HOUSEHOLD_2_001,2014-02-10,1,159,HOUSEHOLD
P07,HOUSEHOLD_2_001,2014-02-11,4,159,HOUSEHOLD
P07,HOUSEHOLD_2_001,2014-02-12,1,159,HOUSEHOLD
P07,HOUSEHOLD_2_001,2014-02-13,2,159,HOUSEHOLD
P07,HOUSEHOLD_2_001,2014-02-14,3,159,HOUSEHOLD
P07,HOUSEHOLD_2_001,2014-02-15,1,160,HOUSEHOLD
P07,HOUSEHOLD_2_001,2014-02-16,0,160,HOUSEHOLD
P07,HOUSEHOLD_2_001,2014-02-17,4,160,HOUSEHOLD
P07,HOUSEHOLD_2_001,2014-02-18,4,160,HOUSEHOLD
P07,HOUSEHOLD_2_001,2014-02-19,1,160,HOUSEHOLD
P07,HOUSEHOLD_2_001,2014-02-20,3,160,HOUSEHOLD
P07,HOUSEHOLD_2_001,2014-02-21,4,160,HOUSEHOLD
P07,HOUSEHOLD_2_001,2014-02-22,5,161,HOUSEHOLD
P07,HOUSEHOLD_2_001,2014-02-23,3,161,HOUSEHOLD
P07,HOUSEHOLD_2_001,2014-02-24,1,161,HOUSEHOLD
P07,HOUSEHOLD_2_001,2014-02-25,2,161,HOUSEHOLD
P07,HOUSEHOLD_2_001,2014-02-26,1,161,HOUSEHOLD
P07,HOUSEHOLD_2_001,2014-02-27,2,161,HOUSEHOLD
P07,HOUSEHOLD_2_001,2014-02-28,2,161,HOUSEHOLD
P07,HOUSEHOLD_2_001,2014-03-01,8,162,HOUSEHOLD
P07,HOUSEHOLD_2_001,2014-03-02,5,162,HOUSEHOLD
P07,HOUSEHOLD_2_001,2014-03-03,2,162,HOUSEHOLD
P07,HOUSEHOLD_2_001,2014-03-04,6,162,HOUSEHOLD
P07,HOUSEHOLD_2_001,2014-03-05,2,162,HOUSEHOLD
P07,HOUSEHOLD_2_001,2014-03-06,3,162,HOUSEHOLD
P07,HOUSEHOLD_2_001,2014-03-07,1,162,HOUSEHOLD
P07,HOUSEHOLD_2_001,2014-03-08,4,163,HOUSEHOLD
P07,HOUSEHOLD_2_001,2014-03-09,3,163,HOUSEHOLD
P07,HOUSEHOLD_2_001,2014-03-10,0,163,HOUSEHOLD
P07,HOUSEHOLD_2_001,2014-03-11,4,163,HOUSEHOLD
P07,HOUSEHOLD_2_001,2014-03-12,2,163,HOUSEHOLD
P07,HOUSEHOLD_2_001,2014-03-13,2,163,HOUSEHOLD
P07,HOUSEHOLD_2_001,2014-03-14,1,163,HOUSEHOLD
P07,HOUSEHOLD_2_001,2014-03-15,2,164,HOUSEHOLD
P07,HOUSEHOLD_2_001,2014-03-16,6,164,HOUSEHOLD
P07,HOUSEHOLD_2_001,2014-03-17,2,164,HOUSEHOLD
P07,HOUSEHOLD_2_001,2014-03-18,3,164,HOUSEHOLD
P07,HOUSEHOLD_2_001,2014-03-19,4,164,HOUSEHOLD
P07,HOUSEHOLD_2_001,2014-03-20,4,164,HOUSEHOLD
P07,HOUSEHOLD_2_001,2014-03-21,2,164,HOUSEHOLD
P07,HOUSEHOLD_2_001,2014-03-22,0,165,HOUSEHOLD
P07,HOUSEHOLD_2_001,2014-03-23,5,165,HOUSEHOLD
P07,HOUSEHOLD_2_001,2014-03-24,2,165,HOUSEHOLD
P07,HOUSEHOLD_2_001,2014-03-25,4,165,HOUSEHOLD
P07,HOUSEHOLD_2_001,2014-03-26,6,165,HOUSEHOLD
P07,HOUSEHOLD_2_001,2014-03-27,2,165,HOUSEHOLD
P07,HOUSEHOLD_2_001,2014-03-28,3,165,HOUSEHOLD
P07,HOUSEHOLD_2_001,2014-03-29,7,166,HOUSEHOLD
P07,HOUSEHOLD_2_001,2014-03-30,5,166,HOUSEHOLD
P07,HOUSEHOLD_2_001,2014-03-31,4,166,HOUSEHOLD
P07,HOUSEHOLD_2_001,2014-04-01,2,166,HOUSEHOLD
P07,HOUSEHOLD_2_001,2014-04-02,2,166,HOUSEHOLD
P07,HOUSEHOLD_2_001,2014-04-03,1,166,HOUSEHOLD
P07,HOUSEHOLD_2_001,2014-04-04,3,166,HOUSEHOLD
P07,HOUSEHOLD_2_001,2014-04-05,3,167,HOUSEHOLD
P07,HOUSEHOLD_2_001,2014-04-06,4,167,HOUSEHOLD
P07,HOUSEHOLD_2_001,2014-04-07,3,167,HOUSEHOLD
P07,HOUSEHOLD_2_001,2014-04-08,1,167,HOUSEHOLD
P07,HOUSEHOLD_2_001,2014-04-09,1,167,HOUSEHOLD
P07,HOUSEHOLD_2_001,2014-04-10,1,167,HOUSEHOLD
P07,HOUSEHOLD_2_001,2014-04-11,1,167,HOUSEHOLD
P07,HOUSEHOLD_2_001,2014-04-12,5,168,HOUSEHOLD
P07,HOUSEHOLD_2_001,2014-04-13,5,168,HOUSEHOLD
P07,HOUSEHOLD_2_001,2014-04-14,1,168,HOUSEHOLD
P07,HOUSEHOLD_2_001,2014-04-15,5,168,HOUSEHOLD
P07,HOUSEHOLD_2_001,2014-04-16,3,168,HOUSEHOLD
P07,HOUSEHOLD_2_001,2014-04-17,5,168,HOUSEHOLD
P07,HOUSEHOLD_2_001,2014-04-18,2,168,HOUSEHOLD
P07,HOUSEHOLD_2_001,2014-04-19,4,169,HOUSEHOLD
P07,HOUSEHOLD_2_001,2014-04-20,4,169,HOUSEHOLD
P07,HOUSEHOLD_2_001,2014-04-21,3,169,HOUSEHOLD
P07,HOUSEHOLD_2_001,2014-04-22,1,169,HOUSEHOLD
P07,HOUSEHOLD_2_001,2014-04-23,3,169,HOUSEHOLD
P07,HOUSEHOLD_2_001,2014-04-24,3,169,HOUSEHOLD
P07,HOUSEHOLD_2_001,2014-04-25,1,169,HOUSEHOLD
P07,HOUSEHOLD_2_001,2014-04-26,5,170,HOUSEHOLD
P07,HOUSEHOLD_2_001,2014-04-27,5,170,HOUSEHOLD
P07,HOUSEHOLD_2_001,2014-04-28,3,170,HOUSEHOLD
P07,HOUSEHOLD_2_001,2014-04-29,1,170,HOUSEHOLD
P07,HOUSEHOLD_2_001,2014-04-30,1,170,HOUSEHOLD
P07,HOUSEHOLD_2_001,2014-05-01,3,170,HOUSEHOLD
P07,HOUSEHOLD_2_001,2014-05-02,5,170,HOUSEHOLD
P07,HOUSEHOLD_2_001,2014-05-03,4,171,HOUSEHOLD
P07,HOUSEHOLD_2_001,2014-05-04,7,171,HOUSEHOLD
P07,HOUSEHOLD_2_001,2014-05-05,3,171,HOUSEHOLD
P07,HOUSEHOLD_2_001,2014-05-06,3,171,HOUSEHOLD
P07,HOUSEHOLD_2_001,2014-05-07,6,171,HOUSEHOLD
P07,HOUSEHOLD_2_001,2014-05-08,1,171,HOUSEHOLD
P07,HOUSEHOLD_2_001,2014-05-09,4,171,HOUSEHOLD
P07,HOUSEHOLD_2_001,2014-05-10,3,172,HOUSEHOLD
P07,HOUSEHOLD_2_001,2014-05-11,3,172,HOUSEHOLD
P07,HOUSEHOLD_2_001,2014-05-12,0,172,HOUSEHOLD
P07,HOUSEHOLD_2_001,2014-05-13,1,172,HOUSEHOLD
P07,HOUSEHOLD_2_001,2014-05-14,1,172,HOUSEHOLD
P07,HOUSEHOLD_2_001,2014-05-15,1,172,HOUSEHOLD
P07,HOUSEHOLD_2_001,2014-05-16,4,172,HOUSEHOLD
P07,HOUSEHOLD_2_001,2014-05-17,2,173,HOUSEHOLD
P07,HOUSEHOLD_2_001,2014-05-18,2,173,HOUSEHOLD
P07,HOUSEHOLD_2_001,2014-05-19,5,173,HOUSEHOLD
P07,HOUSEHOLD_2_001,2014-05-20,4,173,HOUSEHOLD
P07,HOUSEHOLD_2_001,2014-05-21,2,173,HOUSEHOLD
P07,HOUSEHOLD_2_001,2014-05-22,1,173,HOUSEHOLD
P07,HOUSEHOLD_2_001,2014-05-23,3,173,HOUSEHOLD
P07,HOUSEHOLD_2_001,2014-05-24,4,174,HOUSEHOLD
P07,HOUSEHOLD_2_001,2014-05-25,5,174,HOUSEHOLD
P07,HOUSEHOLD_2_001,2014-05-26,6,174,HOUSEHOLD
P07,HOUSEHOLD_2_001,2014-05-27,4,174,HOUSEHOLD
P07,HOUSEHOLD_2_001,2014-05-28,1,174,HOUSEHOLD
P07,HOUSEHOLD_2_001,2014-05-29,3,174,HOUSEHOLD
P07,HOUSEHOLD_2_001,2014-05-30,3,174,HOUSEHOLD
P07,HOUSEHOLD_2_001,2014-05-31,2,175,HOUSEHOLD
P07,HOUSEHOLD_2_001,2014-06-01,8,175,HOUSEHOLD
P07,HOUSEHOLD_2_001,2014-06-02,4,175,HOUSEHOLD
P07,HOUSEHOLD_2_001,2014-06-03,0,175,HOUSEHOLD
P07,HOUSEHOLD_2_001,2014-06-04,3,175,HOUSEHOLD
P07,HOUSEHOLD_2_001,2014-06-05,3,175,HOUSEHOLD
P07,HOUSEHOLD_2_001,2014-06-06,1,175,HOUSEHOLD
P07,HOUSEHOLD_2_001,2014-06-07,0,176,HOUSEHOLD
P07,HOUSEHOLD_2_001,2014-06-08,3,176,HOUSEHOLD
P07,HOUSEHOLD_2_001,2014-06-09,2,176,HOUSEHOLD
P07,HOUSEHOLD_2_001,2014-06-10,2,176,HOUSEHOLD
P07,HOUSEHOLD_2_001,2014-06-11,0,176,HOUSEHOLD
P07,HOUSEHOLD_2_001,2014-06-12,6,176,HOUSEHOLD
P07,HOUSEHOLD_2_001,2014-06-13,2,176,HOUSEHOLD
P07,HOUSEHOLD_2_001,2014-06-14,0,177,HOUSEHOLD
P07,HOUSEHOLD_2_001,2014-06-15,2,177,HOUSEHOLD
P07,HOUSEHOLD_2_001,2014-06-16,4,177,HOUSEHOLD
P07,HOUSEHOLD_2_001,2014-06-17,3,177,HOUSEHOLD
P07,HOUSEHOLD_2_001,2014-06-18,3,177,HOUSEHOLD
P07,HOUSEHOLD_2_001,2014-06-19,0,177,HOUSEHOLD
P07,HOUSEHOLD_2_001,2014-06-20,2,177,HOUSEHOLD
P07,HOUSEHOLD_2_001,2014-06-21,2,178,HOUSEHOLD
P07,HOUSEHOLD_2_001,2014-06-22,4,178,HOUSEHOLD
P07,HOUSEHOLD_2_001,2014-06-23,2,178,HOUSEHOLD
P07,HOUSEHOLD_2_001,2014-06-24,2,178,HOUSEHOLD
P07,HOUSEHOLD_2_001,2014-06-25,0,178,HOUSEHOLD
P07,HOUSEHOLD_2_001,2014-06-26,3,178,HOUSEHOLD
P07,HOUSEHOLD_2_001,2014-06-27,4,178,HOUSEHOLD
P07,HOUSEHOLD_2_001,2014-06-28,4,179,HOUSEHOLD
P07,HOUSEHOLD_2_001,2014-06-29,1,179,HOUSEHOLD
P07,HOUSEHOLD_2_001,2014-06-30,4,179,HOUSEHOLD
P07,HOUSEHOLD_2_001,2014-07-01,6,179,HOUSEHOLD
P07,HOUSEHOLD_2_001,2014-07-02,1,179,HOUSEHOLD
P07,HOUSEHOLD_2_001,2014-07-03,3,179,HOUSEHOLD
P07,HOUSEHOLD_2_001,2014-07-04,4,179,HOUSEHOLD
P07,HOUSEHOLD_2_001,2014-07-05,3,180,HOUSEHOLD
P07,HOUSEHOLD_2_001,2014-07-06,3,180,HOUSEHOLD
P07,HOUSEHOLD_2_001,2014-07-07,2,180,HOUSEHOLD
P07,HOUSEHOLD_2_001,2014-07-08,3,180,HOUSEHOLD
P07,HOUSEHOLD_2_001,2014-07-09,2,180,HOUSEHOLD
P07,HOUSEHOLD_2_001,2014-07-10,5,180,HOUSEHOLD
P07,HOUSEHOLD_2_001,2014-07-11,3,180,HOUSEHOLD
P07,HOUSEHOLD_2_001,2014-07-12,4,181,HOUSEHOLD
P07,HOUSEHOLD_2_001,2014-07-13,2,181,HOUSEHOLD
P07,HOUSEHOLD_2_001,2014-07-14,3,181,HOUSEHOLD
P07,HOUSEHOLD_2_001,2014-07-15,2,181,HOUSEHOLD
P07,HOUSEHOLD_2_001,2014-07-16,4,181,HOUSEHOLD
P07,HOUSEHOLD_2_001,2014-07-17,7,181,HOUSEHOLD
P07,HOUSEHOLD_2_001,2014-07-18,4,181,HOUSEHOLD
P07,HOUSEHOLD_2_001,2014-07-19,2,182,HOUSEHOLD
P07,HOUSEHOLD_2_001,2014-07-20,3,182,HOUSEHOLD
P07,HOUSEHOLD_2_001,2014-07-21,1,182,HOUSEHOLD
P07,HOUSEHOLD_2_001,2014-07-22,2,182,HOUSEHOLD
P07,HOUSEHOLD_2_001,2014-07-23,2,182,HOUSEHOLD
P07,HOUSEHOLD_2_001,2014-07-24,2,182,HOUSEHOLD
P07,HOUSEHOLD_2_001,2014-07-25,3,182,HOUSEHOLD
P07,HOUSEHOLD_2_001,2014-07-26,4,183,HOUSEHOLD
P07,HOUSEHOLD_2_001,2014-07-27,1,183,HOUSEHOLD
P07,HOUSEHOLD_2_001,2014-07-28,1,183,HOUSEHOLD
P07,HOUSEHOLD_2_001,2014-07-29,2,183,HOUSEHOLD
P07,HOUSEHOLD_2_001,2014-07-30,3,183,HOUSEHOLD
P07,HOUSEHOLD_2_001,2014-07-31,2,183,HOUSEHOLD
P07,HOUSEHOLD_2_001,2014-08-01,1,183,HOUSEHOLD
P07,HOUSEHOLD_2_001,2014-08-02,3,184,HOUSEHOLD
P07,HOUSEHOLD_2_001,2014-08-03,3,184,HOUSEHOLD
P07,HOUSEHOLD_2_001,2014-08-04,2,184,HOUSEHOLD
P07,HOUSEHOLD_2_001,2014-08-05,2,184,HOUSEHOLD
P07,HOUSEHOLD_2_001,2014-08-06,2,184,HOUSEHOLD
P07,HOUSEHOLD_2_001,2014-08-07,3,184,HOUSEHOLD
P07,HOUSEHOLD_2_001,2014-08-08,1,184,HOUSEHOLD
P07,HOUSEHOLD_2_001,2014-08-09,6,185,HOUSEHOLD
P07,HOUSEHOLD_2_001,2014-08-10,3,185,HOUSEHOLD
P07,HOUSEHOLD_2_001,2014-08-11,0,185,HOUSEHOLD
P07,HOUSEHOLD_2_001,2014-08-12,5,185,HOUSEHOLD
P07,HOUSEHOLD_2_001,2014-08-13,2,185,HOUSEHOLD
P07,HOUSEHOLD_2_001,2014-08-14,1,185,HOUSEHOLD
P07,HOUSEHOLD_2_001,2014-08-15,4,185,HOUSEHOLD
P07,HOUSEHOLD_2_001,2014-08-16,5,186,HOUSEHOLD
P07,HOUSEHOLD_2_001,2014-08-17,3,186,HOUSEHOLD
P07,HOUSEHOLD_2_001,2014-08-18,6,186,HOUSEHOLD
P07,HOUSEHOLD_2_001,2014-08-19,4,186,HOUSEHOLD
P07,HOUSEHOLD_2_001,2014-08-20,1,186,HOUSEHOLD
P07,HOUSEHOLD_2_001,2014-08-21,0,186,HOUSEHOLD
P07,HOUSEHOLD_2_001,2014-08-22,4,186,HOUSEHOLD
P07,HOUSEHOLD_2_001,2014-08-23,4,187,HOUSEHOLD
P07,HOUSEHOLD_2_001,2014-08-24,2,187,HOUSEHOLD
P07,HOUSEHOLD_2_001,2014-08-25,2,187,HOUSEHOLD
P07,HOUSEHOLD_2_001,2014-08-26,5,187,HOUSEHOLD
P07,HOUSEHOLD_2_001,2014-08-27,5,187,HOUSEHOLD
P07,HOUSEHOLD_2_001,2014-08-28,3,187,HOUSEHOLD
P07,HOUSEHOLD_2_001,2014-08-29,1,187,HOUSEHOLD
P07,HOUSEHOLD_2_001,2014-08-30,6,188,HOUSEHOLD
P07,HOUSEHOLD_2_001,2014-08-31,3,188,HOUSEHOLD
P07,HOUSEHOLD_2_001,2014-09-01,2,188,HOUSEHOLD
P07,HOUSEHOLD_2_001,2014-09-02,2,188,HOUSEHOLD
P07,HOUSEHOLD_2_001,2014-09-03,2,188,HOUSEHOLD
P07,HOUSEHOLD_2_001,2014-09-04,2,188,HOUSEHOLD
P07,HOUSEHOLD_2_001,2014-09-05,3,188,HOUSEHOLD
P07,HOUSEHOLD_2_001,2014-09-06,2,189,HOUSEHOLD
P07,HOUSEHOLD_2_001,2014-09-07,3,189,HOUSEHOLD
P07,HOUSEHOLD_2_001,2014-09-08,0,189,HOUSEHOLD
P07,HOUSEHOLD_2_001,2014-09-09,5,189,HOUSEHOLD
P07,HOUSEHOLD_2_001,2014-09-10,4,189,HOUSEHOLD
P07,HOUSEHOLD_2_001,2014-09-11,3,189,HOUSEHOLD
P07,HOUSEHOLD_2_001,2014-09-12,1,189,HOUSEHOLD
P07,HOUSEHOLD_2_001,2014-09-13,6,190,HOUSEHOLD
P07,HOUSEHOLD_2_001,2014-09-14,1,190,HOUSEHOLD
P07,HOUSEHOLD_2_001,2014-09-15,1,190,HOUSEHOLD
P07,HOUSEHOLD_2_001,2014-09-16,3,190,HOUSEHOLD
P07,HOUSEHOLD_2_001,2014-09-17,2,190,HOUSEHOLD
P07,HOUSEHOLD_2_001,2014-09-18,2,190,HOUSEHOLD
P07,HOUSEHOLD_2_001,2014-09-19,1,190,HOUSEHOLD
P07,HOUSEHOLD_2_001,2014-09-20,3,191,HOUSEHOLD
P07,HOUSEHOLD_2_001,2014-09-21,7,191,HOUSEHOLD
P07,HOUSEHOLD_2_001,2014-09-22,4,191,HOUSEHOLD
P07,HOUSEHOLD_2_001,2014-09-23,2,191,HOUSEHOLD
P07,HOUSEHOLD_2_001,2014-09-24,3,191,HOUSEHOLD
P07,HOUSEHOLD_2_001,2014-09-25,1,191,HOUSEHOLD
P07,HOUSEHOLD_2_001,2014-09-26,3,191,HOUSEHOLD
P07,HOUSEHOLD_2_001,2014-09-27,2,192,HOUSEHOLD
P07,HOUSEHOLD_2_001,2014-09-28,3,192,HOUSEHOLD
P07,HOUSEHOLD_2_001,2014-09-29,1,192,HOUSEHOLD
P07,HOUSEHOLD_2_001,2014-09-30,4,192,HOUSEHOLD
P07,HOUSEHOLD_2_001,2014-10-01,3,192,HOUSEHOLD
P07,HOUSEHOLD_2_001,2014-10-02,2,192,HOUSEHOLD
P07,HOUSEHOLD_2_001,2014-10-03,2,192,HOUSEHOLD
P07,HOUSEHOLD_2_001,2014-10-04,2,193,HOUSEHOLD
P07,HOUSEHOLD_2_001,2014-10-05,5,193,HOUSEHOLD
P07,HOUSEHOLD_2_001,2014-10-06,0,193,HOUSEHOLD
P07,HOUSEHOLD_2_001,2014-10-07,5,193,HOUSEHOLD
P07,HOUSEHOLD_2_001,2014-10-08,1,193,HOUSEHOLD
P07,HOUSEHOLD_2_001,2014-10-09,1,193,HOUSEHOLD
P07,HOUSEHOLD_2_001,2014-10-10,4,193,HOUSEHOLD
P07,HOUSEHOLD_2_001,2014-10-11,5,194,HOUSEHOLD
P07,HOUSEHOLD_2_001,2014-10-12,7,194,HOUSEHOLD
P07,HOUSEHOLD_2_001,2014-10-13,4,194,HOUSEHOLD
P07,HOUSEHOLD_2_001,2014-10-14,3,194,HOUSEHOLD
P07,HOUSEHOLD_2_001,2014-10-15,0,194,HOUSEHOLD
P07,HOUSEHOLD_2_001,2014-10-16,1,194,HOUSEHOLD
P07,HOUSEHOLD_2_001,2014-10-17,4,194,HOUSEHOLD
P07,HOUSEHOLD_2_001,2014-10-18,0,195,HOUSEHOLD
P07,HOUSEHOLD_2_001,2014-10-19,3,195,HOUSEHOLD
P07,HOUSEHOLD_2_001,2014-10-20,1,195,HOUSEHOLD
P07,HOUSEHOLD_2_001,2014-10-21,3,195,HOUSEHOLD
P07,HOUSEHOLD_2_001,2014-10-22,1,195,HOUSEHOLD
P07,HOUSEHOLD_2_001,2014-10-23,3,195,HOUSEHOLD
P07,HOUSEHOLD_2_001,2014-10-24,4,195,HOUSEHOLD
P07,HOUSEHOLD_2_001,2014-10-25,3,196,HOUSEHOLD
P07,HOUSEHOLD_2_001,2014-10-26,7,196,HOUSEHOLD
P07,HOUSEHOLD_2_001,2014-10-27,2,196,HOUSEHOLD
P07,HOUSEHOLD_2_001,2014-10-28,0,196,HOUSEHOLD
P07,HOUSEHOLD_2_001,2014-10-29,3,196,HOUSEHOLD
P07,HOUSEHOLD_2_001,2014-10-30,4,196,HOUSEHOLD
P07,HOUSEHOLD_2_001,2014-10-31,1,196,HOUSEHOLD
P07,HOUSEHOLD_2_001,2014-11-01,2,197,HOUSEHOLD
P07,HOUSEHOLD_2_001,2014-11-02,3,197,HOUSEHOLD
P07,HOUSEHOLD_2_001,2014-11-03,5,197,HOUSEHOLD
P07,HOUSEHOLD_2_001,2014-11-04,2,197,HOUSEHOLD
P07,HOUSEHOLD_2_001,2014-11-05,0,197,HOUSEHOLD
P07,HOUSEHOLD_2_001,2014-11-06,4,197,HOUSEHOLD
P07,HOUSEHOLD_2_001,2014-11-07,6,197,HOUSEHOLD
P07,HOUSEHOLD_2_001,2014-11-08,3,198,HOUSEHOLD
P07,HOUSEHOLD_2_001,2014-11-09,7,198,HOUSEHOLD
P07,HOUSEHOLD_2_001,2014-11-10,1,198,HOUSEHOLD
P07,HOUSEHOLD_2_001,2014-11-11,0,198,HOUSEHOLD
P07,HOUSEHOLD_2_001,2014-11-12,4,198,HOUSEHOLD
P07,HOUSEHOLD_2_001,2014-11-13,6,198,HOUSEHOLD
P07,HOUSEHOLD_2_001,2014-11-14,2,198,HOUSEHOLD
P07,HOUSEHOLD_2_001,2014-11-15,3,199,HOUSEHOLD
P07,HOUSEHOLD_2_001,2014-11-16,6,199,HOUSEHOLD
P07,HOUSEHOLD_2_001,2014-11-17,0,199,HOUSEHOLD
P07,HOUSEHOLD_2_001,2014-11-18,3,199,HOUSEHOLD
P07,HOUSEHOLD_2_001,2014-11-19,3,199,HOUSEHOLD
P07,HOUSEHOLD_2_001,2014-11-20,1,199,HOUSEHOLD
P07,HOUSEHOLD_2_001,2014-11-21,2,199,HOUSEHOLD
P07,HOUSEHOLD_2_001,2014-11-22,3,200,HOUSEHOLD
P07,HOUSEHOLD_2_001,2014-11-23,5,200,HOUSEHOLD
P07,HOUSEHOLD_2_001,2014-11-24,1,200,HOUSEHOLD
P07,HOUSEHOLD_2_001,2014-11-25,1,200,HOUSEHOLD
P07,HOUSEHOLD_2_001,2014-11-26,5,200,HOUSEHOLD
P07,HOUSEHOLD_2_001,2014-11-27,1,200,HOUSEHOLD
P07,HOUSEHOLD_2_001,2014-11-28,0,200,HOUSEHOLD
P07,HOUSEHOLD_2_001,2014-11-29,6,201,HOUSEHOLD
P07,HOUSEHOLD_2_001,2014-11-30,4,201,HOUSEHOLD
P07,HOUSEHOLD_2_001,2014-12-01,4,201,HOUSEHOLD
P07,HOUSEHOLD_2_001,2014-12-02,2,201,HOUSEHOLD
P07,HOUSEHOLD_2_001,2014-12-03,4,201,HOUSEHOLD
P07,HOUSEHOLD_2_001,2014-12-04,3,201,HOUSEHOLD
P07,HOUSEHOLD_2_001,2014-12-05,5,201,HOUSEHOLD
P07,HOUSEHOLD_2_001,2014-12-06,3,202,HOUSEHOLD
P07,HOUSEHOLD_2_001,2014-12-07,3,202,HOUSEHOLD
P07,HOUSEHOLD_2_001,2014-12-08,0,202,HOUSEHOLD
P07,HOUSEHOLD_2_001,2014-12-09,1,202,HOUSEHOLD
P07,HOUSEHOLD_2_001,2014-12-10,2,202,HOUSEHOLD
P07,HOUSEHOLD_2_001,2014-12-11,2,202,HOUSEHOLD
P07,HOUSEHOLD_2_001,2014-12-12,8,202,HOUSEHOLD
P07,HOUSEHOLD_2_001,2014-12-13,3,203,HOUSEHOLD
P07,HOUSEHOLD_2_001,2014-12-14,6,203,HOUSEHOLD
P07,HOUSEHOLD_2_001,2014-12-15,2,203,HOUSEHOLD
P07,HOUSEHOLD_2_001,2014-12-16,2,203,HOUSEHOLD
P07,HOUSEHOLD_2_001,2014-12-17,2,203,HOUSEHOLD
P07,HOUSEHOLD_2_001,2014-12-18,2,203,HOUSEHOLD
P07,HOUSEHOLD_2_001,2014-12-19,4,203,HOUSEHOLD
P07,HOUSEHOLD_2_001,2014-12-20,4,204,HOUSEHOLD
P07,HOUSEHOLD_2_001,2014-12-21,2,204,HOUSEHOLD
P07,HOUSEHOLD_2_001,2014-12-22,3,204,HOUSEHOLD
P07,HOUSEHOLD_2_001,2014-12-23,2,204,HOUSEHOLD
P07,HOUSEHOLD_2_001,2014-12-24,2,204,HOUSEHOLD
P07,HOUSEHOLD_2_001,2014-12-25,0,204,HOUSEHOLD
P07,HOUSEHOLD_2_001,2014-12-26,6,204,HOUSEHOLD
P07,HOUSEHOLD_2_001,2014-12-27,4,205,HOUSEHOLD
P07,HOUSEHOLD_2_001,2014-12-28,2,205,HOUSEHOLD
P07,HOUSEHOLD_2_001,2014-12-29,4,205,HOUSEHOLD
P07,HOUSEHOLD_2_001,2014-12-30,7,205,HOUSEHOLD
P07,HOUSEHOLD_2_001,2014-12-31,3,205,HOUSEHOLD
P07,HOUSEHOLD_2_001,2015-01-01,5,205,HOUSEHOLD
P07,HOUSEHOLD_2_001,2015-01-02,1,205,HOUSEHOLD
P07,HOUSEHOLD_2_001,2015-01-03,3,206,HOUSEHOLD
P07,HOUSEHOLD_2_001,2015-01-04,3,206,HOUSEHOLD
P07,HOUSEHOLD_2_001,2015-01-05,1,206,HOUSEHOLD
P07,HOUSEHOLD_2_001,2015-01-06,2,206,HOUSEHOLD
P07,HOUSEHOLD_2_001,2015-01-07,3,206,HOUSEHOLD
P07,HOUSEHOLD_2_001,2015-01-08,5,206,HOUSEHOLD
P07,HOUSEHOLD_2_001,2015-01-09,3,206,HOUSEHOLD
P07,HOUSEHOLD_2_001,2015-01-10,3,207,HOUSEHOLD
P07,HOUSEHOLD_2_001,2015-01-11,7,207,HOUSEHOLD
P07,HOUSEHOLD_2_001,2015-01-12,0,207,HOUSEHOLD
P07,HOUSEHOLD_2_001,2015-01-13,6,207,HOUSEHOLD
P07,HOUSEHOLD_2_001,2015-01-14,2,207,HOUSEHOLD
P07,HOUSEHOLD_2_001,2015-01-15,3,207,HOUSEHOLD
P07,HOUSEHOLD_2_001,2015-01-16,1,207,HOUSEHOLD
P07,HOUSEHOLD_2_001,2015-01-17,1,208,HOUSEHOLD
P07,HOUSEHOLD_2_001,2015-01-18,6,208,HOUSEHOLD
P07,HOUSEHOLD_2_001,2015-01-19,0,208,HOUSEHOLD
P07,HOUSEHOLD_2_001,2015-01-20,2,208,HOUSEHOLD
P07,HOUSEHOLD_2_001,2015-01-21,0,208,HOUSEHOLD
P07,HOUSEHOLD_2_001,2015-01-22,1,208,HOUSEHOLD
P07,HOUSEHOLD_2_001,2015-01-23,3,208,HOUSEHOLD
P07,HOUSEHOLD_2_001,2015-01-24,4,209,HOUSEHOLD
P07,HOUSEHOLD_2_001,2015-01-25,6,209,HOUSEHOLD
P07,HOUSEHOLD_2_001,2015-01-26,6,209,HOUSEHOLD
P07,HOUSEHOLD_2_001,2015-01-27,6,209,HOUSEHOLD
P07,HOUSEHOLD_2_001,2015-01-28,4,209,HOUSEHOLD
P07,HOUSEHOLD_2_001,2015-01-29,3,209,HOUSEHOLD
P07,HOUSEHOLD_2_001,2015-01-30,2,209,HOUSEHOLD
P07,HOUSEHOLD_2_001,2015-01-31,4,210,HOUSEHOLD
P07,HOUSEHOLD_2_001,2015-02-01,6,210,HOUSEHOLD
P07,HOUSEHOLD_2_001,2015-02-02,2,210,HOUSEHOLD
P07,HOUSEHOLD_2_001,2015-02-03,3,210,HOUSEHOLD
P07,HOUSEHOLD_2_001,2015-02-04,3,210,HOUSEHOLD
P07,HOUSEHOLD_2_001,2015-02-05,6,210,HOUSEHOLD
P07,HOUSEHOLD_2_001,2015-02-06,4,210,HOUSEHOLD
P07,HOUSEHOLD_2_001,2015-02-07,3,211,HOUSEHOLD
P07,HOUSEHOLD_2_001,2015-02-08,0,211,HOUSEHOLD
P07,HOUSEHOLD_2_001,2015-02-09,5,211,HOUSEHOLD
P07,HOUSEHOLD_2_001,2015-02-10,4,211,HOUSEHOLD
P07,HOUSEHOLD_2_001,2015-02-11,1,211,HOUSEHOLD
P07,HOUSEHOLD_2_001,2015-02-12,5,211,HOUSEHOLD
P07,HOUSEHOLD_2_001,2015-02-13,0,211,HOUSEHOLD
P07,HOUSEHOLD_2_001,2015-02-14,3,212,HOUSEHOLD
P07,HOUSEHOLD_2_001,2015-02-15,1,212,HOUSEHOLD
P07,HOUSEHOLD_2_001,2015-02-16,4,212,HOUSEHOLD
P07,HOUSEHOLD_2_001,2015-02-17,3,212,HOUSEHOLD
P07,HOUSEHOLD_2_001,2015-02-18,3,212,HOUSEHOLD
P07,HOUSEHOLD_2_001,2015-02-19,4,212,HOUSEHOLD
P07,HOUSEHOLD_2_001,2015-02-20,5,212,HOUSEHOLD
P07,HOUSEHOLD_2_001,2015-02-21,1,213,HOUSEHOLD
P07,HOUSEHOLD_2_001,2015-02-22,7,213,HOUSEHOLD
P07,HOUSEHOLD_2_001,2015-02-23,1,213,HOUSEHOLD
P07,HOUSEHOLD_2_001,2015-02-24,2,213,HOUSEHOLD
P07,HOUSEHOLD_2_001,2015-02-25,4,213,HOUSEHOLD
P07,HOUSEHOLD_2_001,2015-02-26,1,213,HOUSEHOLD
P07,HOUSEHOLD_2_001,2015-02-27,2,213,HOUSEHOLD
P07,HOUSEHOLD_2_001,2015-02-28,5,214,HOUSEHOLD
P07,HOUSEHOLD_2_001,2015-03-01,3,214,HOUSEHOLD
P07,HOUSEHOLD_2_001,2015-03-02,1,214,HOUSEHOLD
P07,HOUSEHOLD_2_001,2015-03-03,2,214,HOUSEHOLD
P07,HOUSEHOLD_2_001,2015-03-04,0,214,HOUSEHOLD
P07,HOUSEHOLD_2_001,2015-03-05,2,214,HOUSEHOLD
P07,HOUSEHOLD_2_001,2015-03-06,2,214,HOUSEHOLD
P07,HOUSEHOLD_2_001,2015-03-07,3,215,HOUSEHOLD
P07,HOUSEHOLD_2_001,2015-03-08,4,215,HOUSEHOLD
P07,HOUSEHOLD_2_001,2015-03-09,5,215,HOUSEHOLD
P07,HOUSEHOLD_2_001,2015-03-10,6,215,HOUSEHOLD
P07,HOUSEHOLD_2_001,2015-03-11,4,215,HOUSEHOLD
P07,HOUSEHOLD_2_001,2015-03-12,1,215,HOUSEHOLD
P07,HOUSEHOLD_2_001,2015-03-13,4,215,HOUSEHOLD
P07,HOUSEHOLD_2_001,2015-03-14,4,216,HOUSEHOLD
P07,HOUSEHOLD_2_001,2015-03-15,4,216,HOUSEHOLD
P07,HOUSEHOLD_2_001,2015-03-16,4,216,HOUSEHOLD
P07,HOUSEHOLD_2_001,2015-03-17,4,216,HOUSEHOLD
P07,HOUSEHOLD_2_001,2015-03-18,2,216,HOUSEHOLD
P07,HOUSEHOLD_2_001,2015-03-19,3,216,HOUSEHOLD
P07,HOUSEHOLD_2_001,2015-03-20,1,216,HOUSEHOLD
P07,HOUSEHOLD_2_001,2015-03-21,9,217,HOUSEHOLD
P07,HOUSEHOLD_2_001,2015-03-22,5,217,HOUSEHOLD
P07,HOUSEHOLD_2_001,2015-03-23,0,217,HOUSEHOLD
P07,HOUSEHOLD_2_001,2015-03-24,3,217,HOUSEHOLD
P07,HOUSEHOLD_2_001,2015-03-25,3,217,HOUSEHOLD
P07,HOUSEHOLD_2_001,2015-03-26,3,217,HOUSEHOLD
P07,HOUSEHOLD_2_001,2015-03-27,1,217,HOUSEHOLD
P07,HOUSEHOLD_2_001,2015-03-28,3,218,HOUSEHOLD
P07,HOUSEHOLD_2_001,2015-03-29,5,218,HOUSEHOLD
P07,HOUSEHOLD_2_001,2015-03-30,1,218,HOUSEHOLD
P07,HOUSEHOLD_2_001,2015-03-31,1,218,HOUSEHOLD
P07,HOUSEHOLD_2_001,2015-04-01,1,218,HOUSEHOLD
P07,HOUSEHOLD_2_001,2015-04-02,2,218,HOUSEHOLD
P07,HOUSEHOLD_2_001,2015-04-03,2,218,HOUSEHOLD
P07,HOUSEHOLD_2_001,2015-04-04,6,219,HOUSEHOLD
P07,HOUSEHOLD_2_001,2015-04-05,6,219,HOUSEHOLD
P07,HOUSEHOLD_2_001,2015-04-06,6,219,HOUSEHOLD
P07,HOUSEHOLD_2_001,2015-04-07,2,219,HOUSEHOLD
P07,HOUSEHOLD_2_001,2015-04-08,2,219,HOUSEHOLD
P07,HOUSEHOLD_2_001,2015-04-09,3,219,HOUSEHOLD
P07,HOUSEHOLD_2_001,2015-04-10,5,219,HOUSEHOLD
P07,HOUSEHOLD_2_001,2015-04-11,2,220,HOUSEHOLD
P07,HOUSEHOLD_2_001,2015-04-12,6,220,HOUSEHOLD
P07,HOUSEHOLD_2_001,2015-04-13,3,220,HOUSEHOLD
P07,HOUSEHOLD_2_001,2015-04-14,2,220,HOUSEHOLD
P07,HOUSEHOLD_2_001,2015-04-15,3,220,HOUSEHOLD
P07,HOUSEHOLD_2_001,2015-04-16,1,220,HOUSEHOLD
P07,HOUSEHOLD_2_001,2015-04-17,0,220,HOUSEHOLD
P07,HOUSEHOLD_2_001,2015-04-18,2,221,HOUSEHOLD
P07,HOUSEHOLD_2_001,2015-04-19,8,221,HOUSEHOLD
P07,HOUSEHOLD_2_001,2015-04-20,1,221,HOUSEHOLD
P07,HOUSEHOLD_2_001,2015-04-21,2,221,HOUSEHOLD
P07,HOUSEHOLD_2_001,2015-04-22,1,221,HOUSEHOLD
P07,HOUSEHOLD_2_001,2015-04-23,4,221,HOUSEHOLD
P07,HOUSEHOLD_2_001,2015-04-24,2,221,HOUSEHOLD
P07,HOUSEHOLD_2_001,2015-04-25,4,222,HOUSEHOLD
P07,HOUSEHOLD_2_001,2015-04-26,3,222,HOUSEHOLD
P07,HOUSEHOLD_2_001,2015-04-27,2,222,HOUSEHOLD
P07,HOUSEHOLD_2_001,2015-04-28,6,222,HOUSEHOLD
P07,HOUSEHOLD_2_001,2015-04-29,5,222,HOUSEHOLD
P07,HOUSEHOLD_2_001,2015-04-30,5,222,HOUSEHOLD
P07,HOUSEHOLD_2_001,2015-05-01,2,222,HOUSEHOLD
P07,HOUSEHOLD_2_001,2015-05-02,3,223,HOUSEHOLD
P07,HOUSEHOLD_2_001,2015-05-03,10,223,HOUSEHOLD
P07,HOUSEHOLD_2_001,2015-05-04,5,223,HOUSEHOLD
P07,HOUSEHOLD_2_001,2015-05-05,2,223,HOUSEHOLD
P07,HOUSEHOLD_2_001,2015-05-06,1,223,HOUSEHOLD
P07,HOUSEHOLD_2_001,2015-05-07,1,223,HOUSEHOLD
P07,HOUSEHOLD_2_001,2015-05-08,1,223,HOUSEHOLD
P07,HOUSEHOLD_2_001,2015-05-09,1,224,HOUSEHOLD
P07,HOUSEHOLD_2_001,2015-05-10,6,224,HOUSEHOLD
P07,HOUSEHOLD_2_001,2015-05-11,1,224,HOUSEHOLD
P07,HOUSEHOLD_2_001,2015-05-12,2,224,HOUSEHOLD
P07,HOUSEHOLD_2_001,2015-05-13,3,224,HOUSEHOLD
P07,HOUSEHOLD_2_001,2015-05-14,2,224,HOUSEHOLD
P07,HOUSEHOLD_2_001,2015-05-15,4,224,HOUSEHOLD
P07,HOUSEHOLD_2_001,2015-05-16,1,225,HOUSEHOLD
P07,HOUSEHOLD_2_001,2015-05-17,4,225,HOUSEHOLD
P07,HOUSEHOLD_2_001,2015-05-18,0,225,HOUSEHOLD
P07,HOUSEHOLD_2_001,2015-05-19,3,225,HOUSEHOLD
P07,HOUSEHOLD_2_001,2015-05-20,3,225,HOUSEHOLD
P07,HOUSEHOLD_2_001,2015-05-21,3,225,HOUSEHOLD
P07,HOUSEHOLD_2_001,2015-05-22,3,225,HOUSEHOLD
P07,HOUSEHOLD_2_001,2015-05-23,2,226,HOUSEHOLD
P07,HOUSEHOLD_2_001,2015-05-24,4,226,HOUSEHOLD
P07,HOUSEHOLD_2_001,2015-05-25,4,226,HOUSEHOLD
P07,HOUSEHOLD_2_001,2015-05-26,3,226,HOUSEHOLD
P07,HOUSEHOLD_2_001,2015-05-27,3,226,HOUSEHOLD
P07,HOUSEHOLD_2_001,2015-05-28,4,226,HOUSEHOLD
P07,HOUSEHOLD_2_001,2015-05-29,3,226,HOUSEHOLD
P07,HOUSEHOLD_2_001,2015-05-30,4,227,HOUSEHOLD
P07,HOUSEHOLD_2_001,2015-05-31,2,227,HOUSEHOLD
P07,HOUSEHOLD_2_001,2015-06-01,0,227,HOUSEHOLD
P07,HOUSEHOLD_2_001,2015-06-02,2,227,HOUSEHOLD
P07,HOUSEHOLD_2_001,2015-06-03,4,227,HOUSEHOLD
P07,HOUSEHOLD_2_001,2015-06-04,3,227,HOUSEHOLD
P07,HOUSEHOLD_2_001,2015-06-05,0,227,HOUSEHOLD
P07,HOUSEHOLD_2_001,2015-06-06,1,228,HOUSEHOLD
P07,HOUSEHOLD_2_001,2015-06-07,4,228,HOUSEHOLD
P07,HOUSEHOLD_2_001,2015-06-08,3,228,HOUSEHOLD
P07,HOUSEHOLD_2_001,2015-06-09,3,228,HOUSEHOLD
P07,HOUSEHOLD_2_001,2015-06-10,2,228,HOUSEHOLD
P07,HOUSEHOLD_2_001,2015-06-11,2,228,HOUSEHOLD
P07,HOUSEHOLD_2_001,2015-06-12,4,228,HOUSEHOLD
P07,HOUSEHOLD_2_001,2015-06-13,1,229,HOUSEHOLD
P07,HOUSEHOLD_2_001,2015-06-14,3,229,HOUSEHOLD
P07,HOUSEHOLD_2_001,2015-06-15,3,229,HOUSEHOLD
P07,HOUSEHOLD_2_001,2015-06-16,0,229,HOUSEHOLD
P07,HOUSEHOLD_2_001,2015-06-17,2,229,HOUSEHOLD
P07,HOUSEHOLD_2_001,2015-06-18,4,229,HOUSEHOLD
P07,HOUSEHOLD_2_001,2015-06-19,5,229,HOUSEHOLD
P07,HOUSEHOLD_2_001,2015-06-20,7,230,HOUSEHOLD
P07,HOUSEHOLD_2_001,2015-06-21,2,230,HOUSEHOLD
P07,HOUSEHOLD_2_001,2015-06-22,1,230,HOUSEHOLD
P07,HOUSEHOLD_2_001,2015-06-23,4,230,HOUSEHOLD
P07,HOUSEHOLD_2_001,2015-06-24,4,230,HOUSEHOLD
P07,HOUSEHOLD_2_001,2015-06-25,1,230,HOUSEHOLD
P07,HOUSEHOLD_2_001,2015-06-26,3,230,HOUSEHOLD
P07,HOUSEHOLD_2_001,2015-06-27,1,231,HOUSEHOLD
P07,HOUSEHOLD_2_001,2015-06-28,3,231,HOUSEHOLD
P07,HOUSEHOLD_2_001,2015-06-29,9,231,HOUSEHOLD
P07,HOUSEHOLD_2_001,2015-06-30,4,231,HOUSEHOLD
P07,HOUSEHOLD_2_001,2015-07-01,1,231,HOUSEHOLD
P07,HOUSEHOLD_2_001,2015-07-02,6,231,HOUSEHOLD
P07,HOUSEHOLD_2_001,2015-07-03,2,231,HOUSEHOLD
P07,HOUSEHOLD_2_001,2015-07-04,3,232,HOUSEHOLD
P07,HOUSEHOLD_2_001,2015-07-05,3,232,HOUSEHOLD
P07,HOUSEHOLD_2_001,2015-07-06,5,232,HOUSEHOLD
P07,HOUSEHOLD_2_001,2015-07-07,5,232,HOUSEHOLD
P07,HOUSEHOLD_2_001,2015-07-08,3,232,HOUSEHOLD
P07,HOUSEHOLD_2_001,2015-07-09,4,232,HOUSEHOLD
P07,HOUSEHOLD_2_001,2015-07-10,1,232,HOUSEHOLD
P07,HOUSEHOLD_2_001,2015-07-11,3,233,HOUSEHOLD
P07,HOUSEHOLD_2_001,2015-07-12,0,233,HOUSEHOLD
P07,HOUSEHOLD_2_001,2015-07-13,2,233,HOUSEHOLD
P07,HOUSEHOLD_2_001,2015-07-14,2,233,HOUSEHOLD
P07,HOUSEHOLD_2_001,2015-07-15,3,233,HOUSEHOLD
P07,HOUSEHOLD_2_001,2015-07-16,1,233,HOUSEHOLD
P07,HOUSEHOLD_2_001,2015-07-17,2,233,HOUSEHOLD
P07,HOUSEHOLD_2_001,2015-07-18,0,234,HOUSEHOLD
P07,HOUSEHOLD_2_001,2015-07-19,4,234,HOUSEHOLD
P07,HOUSEHOLD_2_001,2015-07-20,3,234,HOUSEHOLD
P07,HOUSEHOLD_2_001,2015-07-21,3,234,HOUSEHOLD
P07,HOUSEHOLD_2_001,2015-07-22,5,234,HOUSEHOLD
P07,HOUSEHOLD_2_001,2015-07-23,0,234,HOUSEHOLD
P07,HOUSEHOLD_2_001,2015-07-24,7,234,HOUSEHOLD
P07,HOUSEHOLD_2_001,2015-07-25,4,235,HOUSEHOLD
P07,HOUSEHOLD_2_001,2015-07-26,2,235,HOUSEHOLD
P07,HOUSEHOLD_2_001,2015-07-27,4,235,HOUSEHOLD
P07,HOUSEHOLD_2_001,2015-07-28,5,235,HOUSEHOLD
P07,HOUSEHOLD_2_001,2015-07-29,2,235,HOUSEHOLD
P07,HOUSEHOLD_2_001,2015-07-30,2,235,HOUSEHOLD
P07,HOUSEHOLD_2_001,2015-07-31,2,235,HOUSEHOLD
P07,HOUSEHOLD_2_001,2015-08-01,2,236,HOUSEHOLD
P07,HOUSEHOLD_2_001,2015-08-02,4,236,HOUSEHOLD
P07,HOUSEHOLD_2_001,2015-08-03,3,236,HOUSEHOLD
P07,HOUSEHOLD_2_001,2015-08-04,1,236,HOUSEHOLD
P07,HOUSEHOLD_2_001,2015-08-05,2,236,HOUSEHOLD
P07,HOUSEHOLD_2_001,2015-08-06,4,236,HOUSEHOLD
P07,HOUSEHOLD_2_001,2015-08-07,2,236,HOUSEHOLD
P07,HOUSEHOLD_2_001,2015-08-08,3,237,HOUSEHOLD
P07,HOUSEHOLD_2_001,2015-08-09,3,237,HOUSEHOLD
P07,HOUSEHOLD_2_001,2015-08-10,5,237,HOUSEHOLD
P07,HOUSEHOLD_2_001,2015-08-11,1,237,HOUSEHOLD
P07,HOUSEHOLD_2_001,2015-08-12,3,237,HOUSEHOLD
P07,HOUSEHOLD_2_001,2015-08-13,4,237,HOUSEHOLD
P07,HOUSEHOLD_2_001,2015-08-14,1,237,HOUSEHOLD
P07,HOUSEHOLD_2_001,2015-08-15,6,238,HOUSEHOLD
P07,HOUSEHOLD_2_001,2015-08-16,3,238,HOUSEHOLD
P07,HOUSEHOLD_2_001,2015-08-17,3,238,HOUSEHOLD
P07,HOUSEHOLD_2_001,2015-08-18,1,238,HOUSEHOLD
P07,HOUSEHOLD_2_001,2015-08-19,4,238,HOUSEHOLD
P07,HOUSEHOLD_2_001,2015-08-20,3,238,HOUSEHOLD
P07,HOUSEHOLD_2_001,2015-08-21,1,238,HOUSEHOLD
P07,HOUSEHOLD_2_001,2015-08-22,5,239,HOUSEHOLD
P07,HOUSEHOLD_2_001,2015-08-23,5,239,HOUSEHOLD
P07,HOUSEHOLD_2_001,2015-08-24,1,239,HOUSEHOLD
P07,HOUSEHOLD_2_001,2015-08-25,9,239,HOUSEHOLD
P07,HOUSEHOLD_2_001,2015-08-26,2,239,HOUSEHOLD
P07,HOUSEHOLD_2_001,2015-08-27,1,239,HOUSEHOLD
P07,HOUSEHOLD_2_001,2015-08-28,2,239,HOUSEHOLD
P07,HOUSEHOLD_2_001,2015-08-29,2,240,HOUSEHOLD
P07,HOUSEHOLD_2_001,2015-08-30,7,240,HOUSEHOLD
P07,HOUSEHOLD_2_001,2015-08-31,0,240,HOUSEHOLD
P07,HOUSEHOLD_2_001,2015-09-01,3,240,HOUSEHOLD
P07,HOUSEHOLD_2_001,2015-09-02,1,240,HOUSEHOLD
P07,HOUSEHOLD_2_001,2015-09-03,2,240,HOUSEHOLD
P07,HOUSEHOLD_2_001,2015-09-04,2,240,HOUSEHOLD
P07,HOUSEHOLD_2_001,2015-09-05,1,241,HOUSEHOLD
P07,HOUSEHOLD_2_001,2015-09-06,4,241,HOUSEHOLD
P07,HOUSEHOLD_2_001,2015-09-07,4,241,HOUSEHOLD
P07,HOUSEHOLD_2_001,2015-09-08,4,241,HOUSEHOLD
P07,HOUSEHOLD_2_001,2015-09-09,3,241,HOUSEHOLD
P07,HOUSEHOLD_2_001,2015-09-10,6,241,HOUSEHOLD
P07,HOUSEHOLD_2_001,2015-09-11,5,241,HOUSEHOLD
P07,HOUSEHOLD_2_001,2015-09-12,2,242,HOUSEHOLD
P07,HOUSEHOLD_2_001,2015-09-13,3,242,HOUSEHOLD
P07,HOUSEHOLD_2_001,2015-09-14,1,242,HOUSEHOLD
P07,HOUSEHOLD_2_001,2015-09-15,3,242,HOUSEHOLD
P07,HOUSEHOLD_2_001,2015-09-16,5,242,HOUSEHOLD
P07,HOUSEHOLD_2_001,2015-09-17,5,242,HOUSEHOLD
P07,HOUSEHOLD_2_001,2015-09-18,0,242,HOUSEHOLD
P07,HOUSEHOLD_2_001,2015-09-19,2,243,HOUSEHOLD
P07,HOUSEHOLD_2_001,2015-09-20,5,243,HOUSEHOLD
P07,HOUSEHOLD_2_001,2015-09-21,1,243,HOUSEHOLD
P07,HOUSEHOLD_2_001,2015-09-22,1,243,HOUSEHOLD
P07,HOUSEHOLD_2_001,2015-09-23,2,243,HOUSEHOLD
P07,HOUSEHOLD_2_001,2015-09-24,1,243,HOUSEHOLD
P07,HOUSEHOLD_2_001,2015-09-25,2,243,HOUSEHOLD
P07,HOUSEHOLD_2_001,2015-09-26,6,244,HOUSEHOLD
P07,HOUSEHOLD_2_001,2015-09-27,3,244,HOUSEHOLD
P07,HOUSEHOLD_2_001,2015-09-28,5,244,HOUSEHOLD
P07,HOUSEHOLD_2_001,2015-09-29,1,244,HOUSEHOLD
P07,HOUSEHOLD_2_001,2015-09-30,2,244,HOUSEHOLD
P07,HOUSEHOLD_2_001,2015-10-01,3,244,HOUSEHOLD
P07,HOUSEHOLD_2_001,2015-10-02,1,244,HOUSEHOLD
P07,HOUSEHOLD_2_001,2015-10-03,3,245,HOUSEHOLD
P07,HOUSEHOLD_2_001,2015-10-04,3,245,HOUSEHOLD
P07,HOUSEHOLD_2_001,2015-10-05,0,245,HOUSEHOLD
P07,HOUSEHOLD_2_001,2015-10-06,3,245,HOUSEHOLD
P07,HOUSEHOLD_2_001,2015-10-07,2,245,HOUSEHOLD
P07,HOUSEHOLD_2_001,2015-10-08,0,245,HOUSEHOLD
P07,HOUSEHOLD_2_001,2015-10-09,4,245,HOUSEHOLD
P07,HOUSEHOLD_2_001,2015-10-10,2,246,HOUSEHOLD
P07,HOUSEHOLD_2_001,2015-10-11,0,246,HOUSEHOLD
P07,HOUSEHOLD_2_001,2015-10-12,1,246,HOUSEHOLD
P07,HOUSEHOLD_2_001,2015-10-13,4,246,HOUSEHOLD
P07,HOUSEHOLD_2_001,2015-10-14,1,246,HOUSEHOLD
P07,HOUSEHOLD_2_001,2015-10-15,2,246,HOUSEHOLD
P07,HOUSEHOLD_2_001,2015-10-16,1,246,HOUSEHOLD
P07,HOUSEHOLD_2_001,2015-10-17,5,247,HOUSEHOLD
P07,HOUSEHOLD_2_001,2015-10-18,5,247,HOUSEHOLD
P07,HOUSEHOLD_2_001,2015-10-19,5,247,HOUSEHOLD
P07,HOUSEHOLD_2_001,2015-10-20,4,247,HOUSEHOLD
P07,HOUSEHOLD_2_001,2015-10-21,1,247,HOUSEHOLD
P07,HOUSEHOLD_2_001,2015-10-22,0,247,HOUSEHOLD
P07,HOUSEHOLD_2_001,2015-10-23,4,247,HOUSEHOLD
P07,HOUSEHOLD_2_001,2015-10-24,1,248,HOUSEHOLD
P07,HOUSEHOLD_2_001,2015-10-25,4,248,HOUSEHOLD
P07,HOUSEHOLD_2_001,2015-10-26,4,248,HOUSEHOLD
P07,HOUSEHOLD_2_001,2015-10-27,1,248,HOUSEHOLD
P07,HOUSEHOLD_2_001,2015-10-28,2,248,HOUSEHOLD
P07,HOUSEHOLD_2_001,2015-10-29,0,248,HOUSEHOLD
P07,HOUSEHOLD_2_001,2015-10-30,4,248,HOUSEHOLD
P07,HOUSEHOLD_2_001,2015-10-31,4,249,HOUSEHOLD
P07,HOUSEHOLD_2_001,2015-11-01,2,249,HOUSEHOLD
P07,HOUSEHOLD_2_001,2015-11-02,3,249,HOUSEHOLD
P07,HOUSEHOLD_2_001,2015-11-03,2,249,HOUSEHOLD
P07,HOUSEHOLD_2_001,2015-11-04,2,249,HOUSEHOLD
P07,HOUSEHOLD_2_001,2015-11-05,4,249,HOUSEHOLD
P07,HOUSEHOLD_2_001,2015-11-06,2,249,HOUSEHOLD
P07,HOUSEHOLD_2_001,2015-11-07,3,250,HOUSEHOLD
P07,HOUSEHOLD_2_001,2015-11-08,1,250,HOUSEHOLD
P07,HOUSEHOLD_2_001,2015-11-09,2,250,HOUSEHOLD
P07,HOUSEHOLD_2_001,2015-11-10,6,250,HOUSEHOLD
P07,HOUSEHOLD_2_001,2015-11-11,1,250,HOUSEHOLD
P07,HOUSEHOLD_2_001,2015-11-12,1,250,HOUSEHOLD
P07,HOUSEHOLD_2_001,2015-11-13,0,250,HOUSEHOLD
P07,HOUSEHOLD_2_001,2015-11-14,2,251,HOUSEHOLD
P07,HOUSEHOLD_2_001,2015-11-15,5,251,HOUSEHOLD
P07,HOUSEHOLD_2_001,2015-11-16,1,251,HOUSEHOLD
P07,HOUSEHOLD_2_001,2015-11-17,1,251,HOUSEHOLD
P07,HOUSEHOLD_2_001,2015-11-18,1,251,HOUSEHOLD
P07,HOUSEHOLD_2_001,2015-11-19,2,251,HOUSEHOLD
P07,HOUSEHOLD_2_001,2015-11-20,0,251,HOUSEHOLD
P07,HOUSEHOLD_2_001,2015-11-21,4,252,HOUSEHOLD
P07,HOUSEHOLD_2_001,2015-11-22,5,252,HOUSEHOLD
P07,HOUSEHOLD_2_001,2015-11-23,5,252,HOUSEHOLD
P07,HOUSEHOLD_2_001,2015-11-24,3,252,HOUSEHOLD
P07,HOUSEHOLD_2_001,2015-11-25,4,252,HOUSEHOLD
P07,HOUSEHOLD_2_001,2015-11-26,0,252,HOUSEHOLD
P07,HOUSEHOLD_2_001,2015-11-27,3,252,HOUSEHOLD
P07,HOUSEHOLD_2_001,2015-11-28,3,253,HOUSEHOLD
P07,HOUSEHOLD_2_001,2015-11-29,0,253,HOUSEHOLD
P07,HOUSEHOLD_2_001,2015-11-30,0,253,HOUSEHOLD
P07,HOUSEHOLD_2_001,2015-12-01,1,253,HOUSEHOLD
P07,HOUSEHOLD_2_001,2015-12-02,2,253,HOUSEHOLD
P07,HOUSEHOLD_2_001,2015-12-03,5,253,HOUSEHOLD
P07,HOUSEHOLD_2_001,2015-12-04,5,253,HOUSEHOLD
P07,HOUSEHOLD_2_001,2015-12-05,5,254,HOUSEHOLD
P07,HOUSEHOLD_2_001,2015-12-06,5,254,HOUSEHOLD
P07,HOUSEHOLD_2_001,2015-12-07,2,254,HOUSEHOLD
P07,HOUSEHOLD_2_001,2015-12-08,2,254,HOUSEHOLD
P07,HOUSEHOLD_2_001,2015-12-09,0,254,HOUSEHOLD
P07,HOUSEHOLD_2_001,2015-12-10,1,254,HOUSEHOLD
P07,HOUSEHOLD_2_001,2015-12-11,7,254,HOUSEHOLD
P07,HOUSEHOLD_2_001,2015-12-12,8,255,HOUSEHOLD
P07,HOUSEHOLD_2_001,2015-12-13,6,255,HOUSEHOLD
P07,HOUSEHOLD_2_001,2015-12-14,2,255,HOUSEHOLD
P07,HOUSEHOLD_2_001,2015-12-15,3,255,HOUSEHOLD
P07,HOUSEHOLD_2_001,2015-12-16,3,255,HOUSEHOLD
P07,HOUSEHOLD_2_001,2015-12-17,2,255,HOUSEHOLD
P07,HOUSEHOLD_2_001,2015-12-18,7,255,HOUSEHOLD
P07,HOUSEHOLD_2_001,2015-12-19,5,256,HOUSEHOLD
P07,HOUSEHOLD_2_001,2015-12-20,1,256,HOUSEHOLD
P07,HOUSEHOLD_2_001,2015-12-21,0,256,HOUSEHOLD
P07,HOUSEHOLD_2_001,2015-12-22,1,256,HOUSEHOLD
P07,HOUSEHOLD_2_001,2015-12-23,2,256,HOUSEHOLD
P07,HOUSEHOLD_2_001,2015-12-24,3,256,HOUSEHOLD
P07,HOUSEHOLD_2_001,2015-12-25,0,256,HOUSEHOLD
P07,HOUSEHOLD_2_001,2015-12-26,2,257,HOUSEHOLD
P07,HOUSEHOLD_2_001,2015-12-27,2,257,HOUSEHOLD
P07,HOUSEHOLD_2_001,2015-12-28,5,257,HOUSEHOLD
P07,HOUSEHOLD_2_001,2015-12-29,4,257,HOUSEHOLD
P07,HOUSEHOLD_2_001,2015-12-30,3,257,HOUSEHOLD
P07,HOUSEHOLD_2_001,2015-12-31,3,257,HOUSEHOLD
P07,HOUSEHOLD_2_001,2016-01-01,2,257,HOUSEHOLD
P07,HOUSEHOLD_2_001,2016-01-02,5,258,HOUSEHOLD
P07,HOUSEHOLD_2_001,2016-01-03,7,258,HOUSEHOLD
P07,HOUSEHOLD_2_001,2016-01-04,0,258,HOUSEHOLD
P07,HOUSEHOLD_2_001,2016-01-05,0,258,HOUSEHOLD
P07,HOUSEHOLD_2_001,2016-01-06,2,258,HOUSEHOLD
P07,HOUSEHOLD_2_001,2016-01-07,1,258,HOUSEHOLD
P07,HOUSEHOLD_2_001,2016-01-08,1,258,HOUSEHOLD
P07,HOUSEHOLD_2_001,2016-01-09,6,259,HOUSEHOLD
P07,HOUSEHOLD_2_001,2016-01-10,2,259,HOUSEHOLD
P07,HOUSEHOLD_2_001,2016-01-11,2,259,HOUSEHOLD
P07,HOUSEHOLD_2_001,2016-01-12,0,259,HOUSEHOLD
P07,HOUSEHOLD_2_001,2016-01-13,1,259,HOUSEHOLD
P07,HOUSEHOLD_2_001,2016-01-14,3,259,HOUSEHOLD
P07,HOUSEHOLD_2_001,2016-01-15,4,259,HOUSEHOLD
P07,HOUSEHOLD_2_001,2016-01-16,3,260,HOUSEHOLD
P07,HOUSEHOLD_2_001,2016-01-17,2,260,HOUSEHOLD
P07,HOUSEHOLD_2_001,2016-01-18,3,260,HOUSEHOLD
P07,HOUSEHOLD_2_001,2016-01-19,2,260,HOUSEHOLD
P07,HOUSEHOLD_2_001,2016-01-20,1,260,HOUSEHOLD
P07,HOUSEHOLD_2_001,2016-01-21,1,260,HOUSEHOLD
P07,HOUSEHOLD_2_001,2016-01-22,0,260,HOUSEHOLD
P07,HOUSEHOLD_2_001,2016-01-23,2,261,HOUSEHOLD
P07,HOUSEHOLD_2_001,2016-01-24,5,261,HOUSEHOLD
P07,HOUSEHOLD_2_001,2016-01-25,1,261,HOUSEHOLD
P07,HOUSEHOLD_2_001,2016-01-26,6,261,HOUSEHOLD
P07,HOUSEHOLD_2_001,2016-01-27,3,261,HOUSEHOLD
P07,HOUSEHOLD_2_001,2016-01-28,4,261,HOUSEHOLD
P07,HOUSEHOLD_2_001,2016-01-29,5,261,HOUSEHOLD
P07,HOUSEHOLD_2_001,2016-01-30,5,262,HOUSEHOLD
P07,HOUSEHOLD_2_001,2016-01-31,2,262,HOUSEHOLD
P07,HOUSEHOLD_2_001,2016-02-01,1,262,HOUSEHOLD
P07,HOUSEHOLD_2_001,2016-02-02,3,262,HOUSEHOLD
P07,HOUSEHOLD_2_001,2016-02-03,1,262,HOUSEHOLD
P07,HOUSEHOLD_2_001,2016-02-04,3,262,HOUSEHOLD
P07,HOUSEHOLD_2_001,2016-02-05,2,262,HOUSEHOLD
P07,HOUSEHOLD_2_001,2016-02-06,2,263,HOUSEHOLD
P07,HOUSEHOLD_2_001,2016-02-07,3,263,HOUSEHOLD
P07,HOUSEHOLD_2_001,2016-02-08,2,263,HOUSEHOLD
P07,HOUSEHOLD_2_001,2016-02-09,2,263,HOUSEHOLD
P07,HOUSEHOLD_2_001,2016-02-10,6,263,HOUSEHOLD
P07,HOUSEHOLD_2_001,2016-02-11,6,263,HOUSEHOLD
P07,HOUSEHOLD_2_001,2016-02-12,5,263,HOUSEHOLD
P07,HOUSEHOLD_2_001,2016-02-13,7,264,HOUSEHOLD
P07,HOUSEHOLD_2_001,2016-02-14,2,264,HOUSEHOLD
P07,HOUSEHOLD_2_001,2016-02-15,8,264,HOUSEHOLD
P07,HOUSEHOLD_2_001,2016-02-16,3,264,HOUSEHOLD
P07,HOUSEHOLD_2_001,2016-02-17,5,264,HOUSEHOLD
P07,HOUSEHOLD_2_001,2016-02-18,4,264,HOUSEHOLD
P07,HOUSEHOLD_2_001,2016-02-19,1,264,HOUSEHOLD
P07,HOUSEHOLD_2_001,2016-02-20,5,265,HOUSEHOLD
P07,HOUSEHOLD_2_001,2016-02-21,6,265,HOUSEHOLD
P07,HOUSEHOLD_2_001,2016-02-22,6,265,HOUSEHOLD
P07,HOUSEHOLD_2_001,2016-02-23,0,265,HOUSEHOLD
P07,HOUSEHOLD_2_001,2016-02-24,2,265,HOUSEHOLD
P07,HOUSEHOLD_2_001,2016-02-25,7,265,HOUSEHOLD
P07,HOUSEHOLD_2_001,2016-02-26,1,265,HOUSEHOLD
P07,HOUSEHOLD_2_001,2016-02-27,3,266,HOUSEHOLD
P07,HOUSEHOLD_2_001,2016-02-28,3,266,HOUSEHOLD
P07,HOUSEHOLD_2_001,2016-02-29,7,266,HOUSEHOLD
P07,HOUSEHOLD_2_001,2016-03-01,1,266,HOUSEHOLD
P07,HOUSEHOLD_2_001,2016-03-02,4,266,HOUSEHOLD
P07,HOUSEHOLD_2_001,2016-03-03,3,266,HOUSEHOLD
P07,HOUSEHOLD_2_001,2016-03-04,2,266,HOUSEHOLD
P07,HOUSEHOLD_2_001,2016-03-05,1,267,HOUSEHOLD
P07,HOUSEHOLD_2_001,2016-03-06,2,267,HOUSEHOLD
P07,HOUSEHOLD_2_001,2016-03-07,2,267,HOUSEHOLD
P07,HOUSEHOLD_2_001,2016-03-08,4,267,HOUSEHOLD
P07,HOUSEHOLD_2_001,2016-03-09,3,267,HOUSEHOLD
P07,HOUSEHOLD_2_001,2016-03-10,1,267,HOUSEHOLD
P07,HOUSEHOLD_2_001,2016-03-11,3,267,HOUSEHOLD
P07,HOUSEHOLD_2_001,2016-03-12,0,268,HOUSEHOLD
P07,HOUSEHOLD_2_001,2016-03-13,2,268,HOUSEHOLD
P07,HOUSEHOLD_2_001,2016-03-14,2,268,HOUSEHOLD
P07,HOUSEHOLD_2_001,2016-03-15,3,268,HOUSEHOLD
P07,HOUSEHOLD_2_001,2016-03-16,1,268,HOUSEHOLD
P07,HOUSEHOLD_2_001,2016-03-17,4,268,HOUSEHOLD
P07,HOUSEHOLD_2_001,2016-03-18,1,268,HOUSEHOLD
P07,HOUSEHOLD_2_001,2016-03-19,1,269,HOUSEHOLD
P07,HOUSEHOLD_2_001,2016-03-20,6,269,HOUSEHOLD
P07,HOUSEHOLD_2_001,2016-03-21,2,269,HOUSEHOLD
P07,HOUSEHOLD_2_001,2016-03-22,4,269,HOUSEHOLD
P07,HOUSEHOLD_2_001,2016-03-23,3,269,HOUSEHOLD
P07,HOUSEHOLD_2_001,2016-03-24,3,269,HOUSEHOLD
P07,HOUSEHOLD_2_001,2016-03-25,0,269,HOUSEHOLD
P07,HOUSEHOLD_2_001,2016-03-26,7,270,HOUSEHOLD
P07,HOUSEHOLD_2_001,2016-03-27,3,270,HOUSEHOLD
P07,HOUSEHOLD_2_001,2016-03-28,1,270,HOUSEHOLD
P07,HOUSEHOLD_2_001,2016-03-29,1,270,HOUSEHOLD
P07,HOUSEHOLD_2_001,2016-03-30,3,270,HOUSEHOLD
P07,HOUSEHOLD_2_001,2016-03-31,1,270,HOUSEHOLD
P07,HOUSEHOLD_2_001,2016-04-01,2,270,HOUSEHOLD
P07,HOUSEHOLD_2_001,2016-04-02,3,271,HOUSEHOLD
P07,HOUSEHOLD_2_001,2016-04-03,5,271,HOUSEHOLD
P07,HOUSEHOLD_2_001,2016-04-04,2,271,HOUSEHOLD
P07,HOUSEHOLD_2_001,2016-04-05,2,271,HOUSEHOLD
P07,HOUSEHOLD_2_001,2016-04-06,4,271,HOUSEHOLD
P07,HOUSEHOLD_2_001,2016-04-07,4,271,HOUSEHOLD
P07,HOUSEHOLD_2_001,2016-04-08,1,271,HOUSEHOLD
P07,HOUSEHOLD_2_001,2016-04-09,10,272,HOUSEHOLD
P07,HOUSEHOLD_2_001,2016-04-10,2,272,HOUSEHOLD
P07,HOUSEHOLD_2_001,2016-04-11,1,272,HOUSEHOLD
P07,HOUSEHOLD_2_001,2016-04-12,1,272,HOUSEHOLD
P07,HOUSEHOLD_2_001,2016-04-13,2,272,HOUSEHOLD
P07,HOUSEHOLD_2_001,2016-04-14,1,272,HOUSEHOLD
P07,HOUSEHOLD_2_001,2016-04-15,2,272,HOUSEHOLD
P07,HOUSEHOLD_2_001,2016-04-16,3,273,HOUSEHOLD
P07,HOUSEHOLD_2_001,2016-04-17,0,273,HOUSEHOLD
P07,HOUSEHOLD_2_001,2016-04-18,6,273,HOUSEHOLD
P07,HOUSEHOLD_2_001,2016-04-19,1,273,HOUSEHOLD
P07,HOUSEHOLD_2_001,2016-04-20,3,273,HOUSEHOLD
P07,HOUSEHOLD_2_001,2016-04-21,0,273,HOUSEHOLD
P07,HOUSEHOLD_2_001,2016-04-22,4,273,HOUSEHOLD
P08,HOBBIES_1_371,2011-01-29,77,1,HOBBIES
P08,HOBBIES_1_371,2011-01-30,81,1,HOBBIES
P08,HOBBIES_1_371,2011-01-31,150,1,HOBBIES
P08,HOBBIES_1_371,2011-02-01,113,1,HOBBIES
P08,HOBBIES_1_371,2011-02-02,55,1,HOBBIES
P08,HOBBIES_1_371,2011-02-03,172,1,HOBBIES
P08,HOBBIES_1_371,2011-02-04,136,1,HOBBIES
P08,HOBBIES_1_371,2011-02-05,146,2,HOBBIES
P08,HOBBIES_1_371,2011-02-06,80,2,HOBBIES
P08,HOBBIES_1_371,2011-02-07,84,2,HOBBIES
P08,HOBBIES_1_371,2011-02-08,32,2,HOBBIES
P08,HOBBIES_1_371,2011-02-09,38,2,HOBBIES
P08,HOBBIES_1_371,2011-02-10,213,2,HOBBIES
P08,HOBBIES_1_371,2011-02-11,67,2,HOBBIES
P08,HOBBIES_1_371,2011-02-12,99,3,HOBBIES
P08,HOBBIES_1_371,2011-02-13,48,3,HOBBIES
P08,HOBBIES_1_371,2011-02-14,24,3,HOBBIES
P08,HOBBIES_1_371,2011-02-15,22,3,HOBBIES
P08,HOBBIES_1_371,2011-02-16,64,3,HOBBIES
P08,HOBBIES_1_371,2011-02-17,46,3,HOBBIES
P08,HOBBIES_1_371,2011-02-18,59,3,HOBBIES
P08,HOBBIES_1_371,2011-02-19,132,4,HOBBIES
P08,HOBBIES_1_371,2011-02-20,80,4,HOBBIES
P08,HOBBIES_1_371,2011-02-21,63,4,HOBBIES
P08,HOBBIES_1_371,2011-02-22,84,4,HOBBIES
P08,HOBBIES_1_371,2011-02-23,107,4,HOBBIES
P08,HOBBIES_1_371,2011-02-24,78,4,HOBBIES
P08,HOBBIES_1_371,2011-02-25,98,4,HOBBIES
P08,HOBBIES_1_371,2011-02-26,176,5,HOBBIES
P08,HOBBIES_1_371,2011-02-27,10,5,HOBBIES
P08,HOBBIES_1_371,2011-02-28,0,5,HOBBIES
P08,HOBBIES_1_371,2011-03-01,17,5,HOBBIES
P08,HOBBIES_1_371,2011-03-02,2,5,HOBBIES
P08,HOBBIES_1_371,2011-03-03,9,5,HOBBIES
P08,HOBBIES_1_371,2011-03-04,15,5,HOBBIES
P08,HOBBIES_1_371,2011-03-05,18,6,HOBBIES
P08,HOBBIES_1_371,2011-03-06,86,6,HOBBIES
P08,HOBBIES_1_371,2011-03-07,59,6,HOBBIES
P08,HOBBIES_1_371,2011-03-08,72,6,HOBBIES
P08,HOBBIES_1_371,2011-03-09,94,6,HOBBIES
P08,HOBBIES_1_371,2011-03-10,97,6,HOBBIES
P08,HOBBIES_1_371,2011-03-11,61,6,HOBBIES
P08,HOBBIES_1_371,2011-03-12,91,7,HOBBIES
P08,HOBBIES_1_371,2011-03-13,60,7,HOBBIES
P08,HOBBIES_1_371,2011-03-14,15,7,HOBBIES
P08,HOBBIES_1_371,2011-03-15,89,7,HOBBIES
P08,HOBBIES_1_371,2011-03-16,98,7,HOBBIES
P08,HOBBIES_1_371,2011-03-17,44,7,HOBBIES
P08,HOBBIES_1_371,2011-03-18,54,7,HOBBIES
P08,HOBBIES_1_371,2011-03-19,56,8,HOBBIES
P08,HOBBIES_1_371,2011-03-20,40,8,HOBBIES
P08,HOBBIES_1_371,2011-03-21,59,8,HOBBIES
P08,HOBBIES_1_371,2011-03-22,31,8,HOBBIES
P08,HOBBIES_1_371,2011-03-23,54,8,HOBBIES
P08,HOBBIES_1_371,2011-03-24,79,8,HOBBIES
P08,HOBBIES_1_371,2011-03-25,120,8,HOBBIES
P08,HOBBIES_1_371,2011-03-26,98,9,HOBBIES
P08,HOBBIES_1_371,2011-03-27,108,9,HOBBIES
P08,HOBBIES_1_371,2011-03-28,70,9,HOBBIES
P08,HOBBIES_1_371,2011-03-29,51,9,HOBBIES
P08,HOBBIES_1_371,2011-03-30,69,9,HOBBIES
P08,HOBBIES_1_371,2011-03-31,103,9,HOBBIES
P08,HOBBIES_1_371,2011-04-01,125,9,HOBBIES
P08,HOBBIES_1_371,2011-04-02,112,10,HOBBIES
P08,HOBBIES_1_371,2011-04-03,106,10,HOBBIES
P08,HOBBIES_1_371,2011-04-04,85,10,HOBBIES
P08,HOBBIES_1_371,2011-04-05,70,10,HOBBIES
P08,HOBBIES_1_371,2011-04-06,75,10,HOBBIES
P08,HOBBIES_1_371,2011-04-07,83,10,HOBBIES
P08,HOBBIES_1_371,2011-04-08,125,10,HOBBIES
P08,HOBBIES_1_371,2011-04-09,118,11,HOBBIES
P08,HOBBIES_1_371,2011-04-10,86,11,HOBBIES
P08,HOBBIES_1_371,2011-04-11,106,11,HOBBIES
P08,HOBBIES_1_371,2011-04-12,95,11,HOBBIES
P08,HOBBIES_1_371,2011-04-13,109,11,HOBBIES
P08,HOBBIES_1_371,2011-04-14,88,11,HOBBIES
P08,HOBBIES_1_371,2011-04-15,51,11,HOBBIES
P08,HOBBIES_1_371,2011-04-16,126,12,HOBBIES
P08,HOBBIES_1_371,2011-04-17,107,12,HOBBIES
P08,HOBBIES_1_371,2011-04-18,100,12,HOBBIES
P08,HOBBIES_1_371,2011-04-19,55,12,HOBBIES
P08,HOBBIES_1_371,2011-04-20,43,12,HOBBIES
P08,HOBBIES_1_371,2011-04-21,30,12,HOBBIES
P08,HOBBIES_1_371,2011-04-22,8,12,HOBBIES
P08,HOBBIES_1_371,2011-04-23,110,13,HOBBIES
P08,HOBBIES_1_371,2011-04-24,94,13,HOBBIES
P08,HOBBIES_1_371,2011-04-25,61,13,HOBBIES
P08,HOBBIES_1_371,2011-04-26,133,13,HOBBIES
P08,HOBBIES_1_371,2011-04-27,67,13,HOBBIES
P08,HOBBIES_1_371,2011-04-28,117,13,HOBBIES
P08,HOBBIES_1_371,2011-04-29,106,13,HOBBIES
P08,HOBBIES_1_371,2011-04-30,103,14,HOBBIES
P08,HOBBIES_1_371,2011-05-01,116,14,HOBBIES
P08,HOBBIES_1_371,2011-05-02,72,14,HOBBIES
P08,HOBBIES_1_371,2011-05-03,146,14,HOBBIES
P08,HOBBIES_1_371,2011-05-04,79,14,HOBBIES
P08,HOBBIES_1_371,2011-05-05,54,14,HOBBIES
P08,HOBBIES_1_371,2011-05-06,66,14,HOBBIES
P08,HOBBIES_1_371,2011-05-07,132,15,HOBBIES
P08,HOBBIES_1_371,2011-05-08,103,15,HOBBIES
P08,HOBBIES_1_371,2011-05-09,36,15,HOBBIES
P08,HOBBIES_1_371,2011-05-10,85,15,HOBBIES
P08,HOBBIES_1_371,2011-05-11,100,15,HOBBIES
P08,HOBBIES_1_371,2011-05-12,67,15,HOBBIES
P08,HOBBIES_1_371,2011-05-13,129,15,HOBBIES
P08,HOBBIES_1_371,2011-05-14,123,16,HOBBIES
P08,HOBBIES_1_371,2011-05-15,82,16,HOBBIES
P08,HOBBIES_1_371,2011-05-16,90,16,HOBBIES
P08,HOBBIES_1_371,2011-05-17,55,16,HOBBIES
P08,HOBBIES_1_371,2011-05-18,110,16,HOBBIES
P08,HOBBIES_1_371,2011-05-19,29,16,HOBBIES
P08,HOBBIES_1_371,2011-05-20,50,16,HOBBIES
P08,HOBBIES_1_371,2011-05-21,132,17,HOBBIES
P08,HOBBIES_1_371,2011-05-22,70,17,HOBBIES
P08,HOBBIES_1_371,2011-05-23,77,17,HOBBIES
P08,HOBBIES_1_371,2011-05-24,80,17,HOBBIES
P08,HOBBIES_1_371,2011-05-25,31,17,HOBBIES
P08,HOBBIES_1_371,2011-05-26,66,17,HOBBIES
P08,HOBBIES_1_371,2011-05-27,31,17,HOBBIES
P08,HOBBIES_1_371,2011-05-28,110,18,HOBBIES
P08,HOBBIES_1_371,2011-05-29,65,18,HOBBIES
P08,HOBBIES_1_371,2011-05-30,69,18,HOBBIES
P08,HOBBIES_1_371,2011-05-31,82,18,HOBBIES
P08,HOBBIES_1_371,2011-06-01,62,18,HOBBIES
P08,HOBBIES_1_371,2011-06-02,70,18,HOBBIES
P08,HOBBIES_1_371,2011-06-03,115,18,HOBBIES
P08,HOBBIES_1_371,2011-06-04,121,19,HOBBIES
P08,HOBBIES_1_371,2011-06-05,65,19,HOBBIES
P08,HOBBIES_1_371,2011-06-06,63,19,HOBBIES
P08,HOBBIES_1_371,2011-06-07,70,19,HOBBIES
P08,HOBBIES_1_371,2011-06-08,31,19,HOBBIES
P08,HOBBIES_1_371,2011-06-09,64,19,HOBBIES
P08,HOBBIES_1_371,2011-06-10,99,19,HOBBIES
P08,HOBBIES_1_371,2011-06-11,148,20,HOBBIES
P08,HOBBIES_1_371,2011-06-12,48,20,HOBBIES
P08,HOBBIES_1_371,2011-06-13,66,20,HOBBIES
P08,HOBBIES_1_371,2011-06-14,105,20,HOBBIES
P08,HOBBIES_1_371,2011-06-15,53,20,HOBBIES
P08,HOBBIES_1_371,2011-06-16,80,20,HOBBIES
P08,HOBBIES_1_371,2011-06-17,55,20,HOBBIES
P08,HOBBIES_1_371,2011-06-18,189,21,HOBBIES
P08,HOBBIES_1_371,2011-06-19,47,21,HOBBIES
P08,HOBBIES_1_371,2011-06-20,112,21,HOBBIES
P08,HOBBIES_1_371,2011-06-21,71,21,HOBBIES
P08,HOBBIES_1_371,2011-06-22,84,21,HOBBIES
P08,HOBBIES_1_371,2011-06-23,82,21,HOBBIES
P08,HOBBIES_1_371,2011-06-24,124,21,HOBBIES
P08,HOBBIES_1_371,2011-06-25,139,22,HOBBIES
P08,HOBBIES_1_371,2011-06-26,55,22,HOBBIES
P08,HOBBIES_1_371,2011-06-27,92,22,HOBBIES
P08,HOBBIES_1_371,2011-06-28,68,22,HOBBIES
P08,HOBBIES_1_371,2011-06-29,149,22,HOBBIES
P08,HOBBIES_1_371,2011-06-30,69,22,HOBBIES
P08,HOBBIES_1_371,2011-07-01,154,22,HOBBIES
P08,HOBBIES_1_371,2011-07-02,146,23,HOBBIES
P08,HOBBIES_1_371,2011-07-03,54,23,HOBBIES
P08,HOBBIES_1_371,2011-07-04,30,23,HOBBIES
P08,HOBBIES_1_371,2011-07-05,67,23,HOBBIES
P08,HOBBIES_1_371,2011-07-06,68,23,HOBBIES
P08,HOBBIES_1_371,2011-07-07,83,23,HOBBIES
P08,HOBBIES_1_371,2011-07-08,16,23,HOBBIES
P08,HOBBIES_1_371,2011-07-09,160,24,HOBBIES
P08,HOBBIES_1_371,2011-07-10,65,24,HOBBIES
P08,HOBBIES_1_371,2011-07-11,88,24,HOBBIES
P08,HOBBIES_1_371,2011-07-12,126,24,HOBBIES
P08,HOBBIES_1_371,2011-07-13,71,24,HOBBIES
P08,HOBBIES_1_371,2011-07-14,41,24,HOBBIES
P08,HOBBIES_1_371,2011-07-15,67,24,HOBBIES
P08,HOBBIES_1_371,2011-07-16,198,25,HOBBIES
P08,HOBBIES_1_371,2011-07-17,107,25,HOBBIES
P08,HOBBIES_1_371,2011-07-18,122,25,HOBBIES
P08,HOBBIES_1_371,2011-07-19,90,25,HOBBIES
P08,HOBBIES_1_371,2011-07-20,51,25,HOBBIES
P08,HOBBIES_1_371,2011-07-21,74,25,HOBBIES
P08,HOBBIES_1_371,2011-07-22,110,25,HOBBIES
P08,HOBBIES_1_371,2011-07-23,159,26,HOBBIES
P08,HOBBIES_1_371,2011-07-24,92,26,HOBBIES
P08,HOBBIES_1_371,2011-07-25,60,26,HOBBIES
P08,HOBBIES_1_371,2011-07-26,99,26,HOBBIES
P08,HOBBIES_1_371,2011-07-27,82,26,HOBBIES
P08,HOBBIES_1_371,2011-07-28,99,26,HOBBIES
P08,HOBBIES_1_371,2011-07-29,67,26,HOBBIES
P08,HOBBIES_1_371,2011-07-30,152,27,HOBBIES
P08,HOBBIES_1_371,2011-07-31,40,27,HOBBIES
P08,HOBBIES_1_371,2011-08-01,130,27,HOBBIES
P08,HOBBIES_1_371,2011-08-02,99,27,HOBBIES
P08,HOBBIES_1_371,2011-08-03,117,27,HOBBIES
P08,HOBBIES_1_371,2011-08-04,53,27,HOBBIES
P08,HOBBIES_1_371,2011-08-05,65,27,HOBBIES
P08,HOBBIES_1_371,2011-08-06,149,28,HOBBIES
P08,HOBBIES_1_371,2011-08-07,74,28,HOBBIES
P08,HOBBIES_1_371,2011-08-08,46,28,HOBBIES
P08,HOBBIES_1_371,2011-08-09,105,28,HOBBIES
P08,HOBBIES_1_371,2011-08-10,147,28,HOBBIES
P08,HOBBIES_1_371,2011-08-11,43,28,HOBBIES
P08,HOBBIES_1_371,2011-08-12,87,28,HOBBIES
P08,HOBBIES_1_371,2011-08-13,102,29,HOBBIES
P08,HOBBIES_1_371,2011-08-14,142,29,HOBBIES
P08,HOBBIES_1_371,2011-08-15,94,29,HOBBIES
P08,HOBBIES_1_371,2011-08-16,76,29,HOBBIES
P08,HOBBIES_1_371,2011-08-17,67,29,HOBBIES
P08,HOBBIES_1_371,2011-08-18,66,29,HOBBIES
P08,HOBBIES_1_371,2011-08-19,106,29,HOBBIES
P08,HOBBIES_1_371,2011-08-20,167,30,HOBBIES
P08,HOBBIES_1_371,2011-08-21,139,30,HOBBIES
P08,HOBBIES_1_371,2011-08-22,76,30,HOBBIES
P08,HOBBIES_1_371,2011-08-23,69,30,HOBBIES
P08,HOBBIES_1_371,2011-08-24,135,30,HOBBIES
P08,HOBBIES_1_371,2011-08-25,68,30,HOBBIES
P08,HOBBIES_1_371,2011-08-26,54,30,HOBBIES
P08,HOBBIES_1_371,2011-08-27,167,31,HOBBIES
P08,HOBBIES_1_371,2011-08-28,60,31,HOBBIES
P08,HOBBIES_1_371,2011-08-29,57,31,HOBBIES
P08,HOBBIES_1_371,2011-08-30,61,31,HOBBIES
P08,HOBBIES_1_371,2011-08-31,52,31,HOBBIES
P08,HOBBIES_1_371,2011-09-01,75,31,HOBBIES
P08,HOBBIES_1_371,2011-09-02,120,31,HOBBIES
P08,HOBBIES_1_371,2011-09-03,234,32,HOBBIES
P08,HOBBIES_1_371,2011-09-04,56,32,HOBBIES
P08,HOBBIES_1_371,2011-09-05,124,32,HOBBIES
P08,HOBBIES_1_371,2011-09-06,149,32,HOBBIES
P08,HOBBIES_1_371,2011-09-07,83,32,HOBBIES
P08,HOBBIES_1_371,2011-09-08,70,32,HOBBIES
P08,HOBBIES_1_371,2011-09-09,67,32,HOBBIES
P08,HOBBIES_1_371,2011-09-10,100,33,HOBBIES
P08,HOBBIES_1_371,2011-09-11,76,33,HOBBIES
P08,HOBBIES_1_371,2011-09-12,97,33,HOBBIES
P08,HOBBIES_1_371,2011-09-13,76,33,HOBBIES
P08,HOBBIES_1_371,2011-09-14,27,33,HOBBIES
P08,HOBBIES_1_371,2011-09-15,68,33,HOBBIES
P08,HOBBIES_1_371,2011-09-16,99,33,HOBBIES
P08,HOBBIES_1_371,2011-09-17,139,34,HOBBIES
P08,HOBBIES_1_371,2011-09-18,73,34,HOBBIES
P08,HOBBIES_1_371,2011-09-19,64,34,HOBBIES
P08,HOBBIES_1_371,2011-09-20,63,34,HOBBIES
P08,HOBBIES_1_371,2011-09-21,67,34,HOBBIES
P08,HOBBIES_1_371,2011-09-22,53,34,HOBBIES
P08,HOBBIES_1_371,2011-09-23,69,34,HOBBIES
P08,HOBBIES_1_371,2011-09-24,103,35,HOBBIES
P08,HOBBIES_1_371,2011-09-25,96,35,HOBBIES
P08,HOBBIES_1_371,2011-09-26,74,35,HOBBIES
P08,HOBBIES_1_371,2011-09-27,62,35,HOBBIES
P08,HOBBIES_1_371,2011-09-28,36,35,HOBBIES
P08,HOBBIES_1_371,2011-09-29,86,35,HOBBIES
P08,HOBBIES_1_371,2011-09-30,66,35,HOBBIES
P08,HOBBIES_1_371,2011-10-01,204,36,HOBBIES
P08,HOBBIES_1_371,2011-10-02,82,36,HOBBIES
P08,HOBBIES_1_371,2011-10-03,130,36,HOBBIES
P08,HOBBIES_1_371,2011-10-04,68,36,HOBBIES
P08,HOBBIES_1_371,2011-10-05,60,36,HOBBIES
P08,HOBBIES_1_371,2011-10-06,53,36,HOBBIES
P08,HOBBIES_1_371,2011-10-07,120,36,HOBBIES
P08,HOBBIES_1_371,2011-10-08,131,37,HOBBIES
P08,HOBBIES_1_371,2011-10-09,86,37,HOBBIES
P08,HOBBIES_1_371,2011-10-10,42,37,HOBBIES
P08,HOBBIES_1_371,2011-10-11,98,37,HOBBIES
P08,HOBBIES_1_371,2011-10-12,70,37,HOBBIES
P08,HOBBIES_1_371,2011-10-13,78,37,HOBBIES
P08,HOBBIES_1_371,2011-10-14,95,37,HOBBIES
P08,HOBBIES_1_371,2011-10-15,126,38,HOBBIES
P08,HOBBIES_1_371,2011-10-16,120,38,HOBBIES
P08,HOBBIES_1_371,2011-10-17,42,38,HOBBIES
P08,HOBBIES_1_371,2011-10-18,75,38,HOBBIES
P08,HOBBIES_1_371,2011-10-19,70,38,HOBBIES
P08,HOBBIES_1_371,2011-10-20,52,38,HOBBIES
P08,HOBBIES_1_371,2011-10-21,75,38,HOBBIES
P08,HOBBIES_1_371,2011-10-22,88,39,HOBBIES
P08,HOBBIES_1_371,2011-10-23,47,39,HOBBIES
P08,HOBBIES_1_371,2011-10-24,71,39,HOBBIES
P08,HOBBIES_1_371,2011-10-25,76,39,HOBBIES
P08,HOBBIES_1_371,2011-10-26,81,39,HOBBIES
P08,HOBBIES_1_371,2011-10-27,59,39,HOBBIES
P08,HOBBIES_1_371,2011-10-28,136,39,HOBBIES
P08,HOBBIES_1_371,2011-10-29,127,40,HOBBIES
P08,HOBBIES_1_371,2011-10-30,60,40,HOBBIES
P08,HOBBIES_1_371,2011-10-31,117,40,HOBBIES
P08,HOBBIES_1_371,2011-11-01,112,40,HOBBIES
P08,HOBBIES_1_371,2011-11-02,70,40,HOBBIES
P08,HOBBIES_1_371,2011-11-03,71,40,HOBBIES
P08,HOBBIES_1_371,2011-11-04,68,40,HOBBIES
P08,HOBBIES_1_371,2011-11-05,116,41,HOBBIES
P08,HOBBIES_1_371,2011-11-06,72,41,HOBBIES
P08,HOBBIES_1_371,2011-11-07,44,41,HOBBIES
P08,HOBBIES_1_371,2011-11-08,50,41,HOBBIES
P08,HOBBIES_1_371,2011-11-09,90,41,HOBBIES
P08,HOBBIES_1_371,2011-11-10,68,41,HOBBIES
P08,HOBBIES_1_371,2011-11-11,45,41,HOBBIES
P08,HOBBIES_1_371,2011-11-12,113,42,HOBBIES
P08,HOBBIES_1_371,2011-11-13,52,42,HOBBIES
P08,HOBBIES_1_371,2011-11-14,79,42,HOBBIES
P08,HOBBIES_1_371,2011-11-15,81,42,HOBBIES
P08,HOBBIES_1_371,2011-11-16,53,42,HOBBIES
P08,HOBBIES_1_371,2011-11-17,56,42,HOBBIES
P08,HOBBIES_1_371,2011-11-18,69,42,HOBBIES
P08,HOBBIES_1_371,2011-11-19,86,43,HOBBIES
P08,HOBBIES_1_371,2011-11-20,73,43,HOBBIES
P08,HOBBIES_1_371,2011-11-21,168,43,HOBBIES
P08,HOBBIES_1_371,2011-11-22,71,43,HOBBIES
P08,HOBBIES_1_371,2011-11-23,63,43,HOBBIES
P08,HOBBIES_1_371,2011-11-24,20,43,HOBBIES
P08,HOBBIES_1_371,2011-11-25,99,43,HOBBIES
P08,HOBBIES_1_371,2011-11-26,180,44,HOBBIES
P08,HOBBIES_1_371,2011-11-27,92,44,HOBBIES
P08,HOBBIES_1_371,2011-11-28,69,44,HOBBIES
P08,HOBBIES_1_371,2011-11-29,85,44,HOBBIES
P08,HOBBIES_1_371,2011-11-30,64,44,HOBBIES
P08,HOBBIES_1_371,2011-12-01,84,44,HOBBIES
P08,HOBBIES_1_371,2011-12-02,75,44,HOBBIES
P08,HOBBIES_1_371,2011-12-03,205,45,HOBBIES
P08,HOBBIES_1_371,2011-12-04,80,45,HOBBIES
P08,HOBBIES_1_371,2011-12-05,56,45,HOBBIES
P08,HOBBIES_1_371,2011-12-06,51,45,HOBBIES
P08,HOBBIES_1_371,2011-12-07,78,45,HOBBIES
P08,HOBBIES_1_371,2011-12-08,113,45,HOBBIES
P08,HOBBIES_1_371,2011-12-09,62,45,HOBBIES
P08,HOBBIES_1_371,2011-12-10,145,46,HOBBIES
P08,HOBBIES_1_371,2011-12-11,66,46,HOBBIES
P08,HOBBIES_1_371,2011-12-12,68,46,HOBBIES
P08,HOBBIES_1_371,2011-12-13,49,46,HOBBIES
P08,HOBBIES_1_371,2011-12-14,55,46,HOBBIES
P08,HOBBIES_1_371,2011-12-15,71,46,HOBBIES
P08,HOBBIES_1_371,2011-12-16,96,46,HOBBIES
P08,HOBBIES_1_371,2011-12-17,142,47,HOBBIES
P08,HOBBIES_1_371,2011-12-18,68,47,HOBBIES
P08,HOBBIES_1_371,2011-12-19,66,47,HOBBIES
P08,HOBBIES_1_371,2011-12-20,80,47,HOBBIES
P08,HOBBIES_1_371,2011-12-21,86,47,HOBBIES
P08,HOBBIES_1_371,2011-12-22,74,47,HOBBIES
P08,HOBBIES_1_371,2011-12-23,42,47,HOBBIES
P08,HOBBIES_1_371,2011-12-24,91,48,HOBBIES
P08,HOBBIES_1_371,2011-12-25,0,48,HOBBIES
P08,HOBBIES_1_371,2011-12-26,79,48,HOBBIES
P08,HOBBIES_1_371,2011-12-27,114,48,HOBBIES
P08,HOBBIES_1_371,2011-12-28,99,48,HOBBIES
P08,HOBBIES_1_371,2011-12-29,78,48,HOBBIES
P08,HOBBIES_1_371,2011-12-30,106,48,HOBBIES
P08,HOBBIES_1_371,2011-12-31,132,49,HOBBIES
P08,HOBBIES_1_371,2012-01-01,41,49,HOBBIES
P08,HOBBIES_1_371,2012-01-02,71,49,HOBBIES
P08,HOBBIES_1_371,2012-01-03,117,49,HOBBIES
P08,HOBBIES_1_371,2012-01-04,44,49,HOBBIES
P08,HOBBIES_1_371,2012-01-05,54,49,HOBBIES
P08,HOBBIES_1_371,2012-01-06,131,49,HOBBIES
P08,HOBBIES_1_371,2012-01-07,114,50,HOBBIES
P08,HOBBIES_1_371,2012-01-08,49,50,HOBBIES
P08,HOBBIES_1_371,2012-01-09,40,50,HOBBIES
P08,HOBBIES_1_371,2012-01-10,59,50,HOBBIES
P08,HOBBIES_1_371,2012-01-11,62,50,HOBBIES
P08,HOBBIES_1_371,2012-01-12,32,50,HOBBIES
P08,HOBBIES_1_371,2012-01-13,71,50,HOBBIES
P08,HOBBIES_1_371,2012-01-14,155,51,HOBBIES
P08,HOBBIES_1_371,2012-01-15,95,51,HOBBIES
P08,HOBBIES_1_371,2012-01-16,54,51,HOBBIES
P08,HOBBIES_1_371,2012-01-17,44,51,HOBBIES
P08,HOBBIES_1_371,2012-01-18,71,51,HOBBIES
P08,HOBBIES_1_371,2012-01-19,47,51,HOBBIES
P08,HOBBIES_1_371,2012-01-20,48,51,HOBBIES
P08,HOBBIES_1_371,2012-01-21,109,52,HOBBIES
P08,HOBBIES_1_371,2012-01-22,36,52,HOBBIES
P08,HOBBIES_1_371,2012-01-23,25,52,HOBBIES
P08,HOBBIES_1_371,2012-01-24,72,52,HOBBIES
P08,HOBBIES_1_371,2012-01-25,42,52,HOBBIES
P08,HOBBIES_1_371,2012-01-26,78,52,HOBBIES
P08,HOBBIES_1_371,2012-01-27,76,52,HOBBIES
P08,HOBBIES_1_371,2012-01-28,118,53,HOBBIES
P08,HOBBIES_1_371,2012-01-29,31,53,HOBBIES
P08,HOBBIES_1_371,2012-01-30,22,53,HOBBIES
P08,HOBBIES_1_371,2012-01-31,63,53,HOBBIES
P08,HOBBIES_1_371,2012-02-01,47,53,HOBBIES
P08,HOBBIES_1_371,2012-02-02,36,53,HOBBIES
P08,HOBBIES_1_371,2012-02-03,139,53,HOBBIES
P08,HOBBIES_1_371,2012-02-04,145,54,HOBBIES
P08,HOBBIES_1_371,2012-02-05,85,54,HOBBIES
P08,HOBBIES_1_371,2012-02-06,109,54,HOBBIES
P08,HOBBIES_1_371,2012-02-07,53,54,HOBBIES
P08,HOBBIES_1_371,2012-02-08,78,54,HOBBIES
P08,HOBBIES_1_371,2012-02-09,31,54,HOBBIES
P08,HOBBIES_1_371,2012-02-10,79,54,HOBBIES
P08,HOBBIES_1_371,2012-02-11,139,55,HOBBIES
P08,HOBBIES_1_371,2012-02-12,79,55,HOBBIES
P08,HOBBIES_1_371,2012-02-13,31,55,HOBBIES
P08,HOBBIES_1_371,2012-02-14,72,55,HOBBIES
P08,HOBBIES_1_371,2012-02-15,58,55,HOBBIES
P08,HOBBIES_1_371,2012-02-16,115,55,HOBBIES
P08,HOBBIES_1_371,2012-02-17,47,55,HOBBIES
P08,HOBBIES_1_371,2012-02-18,158,56,HOBBIES
P08,HOBBIES_1_371,2012-02-19,57,56,HOBBIES
P08,HOBBIES_1_371,2012-02-20,43,56,HOBBIES
P08,HOBBIES_1_371,2012-02-21,100,56,HOBBIES
P08,HOBBIES_1_371,2012-02-22,60,56,HOBBIES
P08,HOBBIES_1_371,2012-02-23,93,56,HOBBIES
P08,HOBBIES_1_371,2012-02-24,71,56,HOBBIES
P08,HOBBIES_1_371,2012-02-25,196,57,HOBBIES
P08,HOBBIES_1_371,2012-02-26,92,57,HOBBIES
P08,HOBBIES_1_371,2012-02-27,81,57,HOBBIES
P08,HOBBIES_1_371,2012-02-28,95,57,HOBBIES
P08,HOBBIES_1_371,2012-02-29,66,57,HOBBIES
P08,HOBBIES_1_371,2012-03-01,90,57,HOBBIES
P08,HOBBIES_1_371,2012-03-02,81,57,HOBBIES
P08,HOBBIES_1_371,2012-03-03,168,58,HOBBIES
P08,HOBBIES_1_371,2012-03-04,128,58,HOBBIES
P08,HOBBIES_1_371,2012-03-05,125,58,HOBBIES
P08,HOBBIES_1_371,2012-03-06,67,58,HOBBIES
P08,HOBBIES_1_371,2012-03-07,60,58,HOBBIES
P08,HOBBIES_1_371,2012-03-08,79,58,HOBBIES
P08,HOBBIES_1_371,2012-03-09,51,58,HOBBIES
P08,HOBBIES_1_371,2012-03-10,127,59,HOBBIES
P08,HOBBIES_1_371,2012-03-11,150,59,HOBBIES
P08,HOBBIES_1_371,2012-03-12,52,59,HOBBIES
P08,HOBBIES_1_371,2012-03-13,50,59,HOBBIES
P08,HOBBIES_1_371,2012-03-14,69,59,HOBBIES
P08,HOBBIES_1_371,2012-03-15,79,59,HOBBIES
P08,HOBBIES_1_371,2012-03-16,72,59,HOBBIES
P08,HOBBIES_1_371,2012-03-17,166,60,HOBBIES
P08,HOBBIES_1_371,2012-03-18,94,60,HOBBIES
P08,HOBBIES_1_371,2012-03-19,53,60,HOBBIES
P08,HOBBIES_1_371,2012-03-20,31,60,HOBBIES
P08,HOBBIES_1_371,2012-03-21,58,60,HOBBIES
P08,HOBBIES_1_371,2012-03-22,41,60,HOBBIES
P08,HOBBIES_1_371,2012-03-23,98,60,HOBBIES
P08,HOBBIES_1_371,2012-03-24,142,61,HOBBIES
P08,HOBBIES_1_371,2012-03-25,59,61,HOBBIES
P08,HOBBIES_1_371,2012-03-26,48,61,HOBBIES
P08,HOBBIES_1_371,2012-03-27,83,61,HOBBIES
P08,HOBBIES_1_371,2012-03-28,54,61,HOBBIES
P08,HOBBIES_1_371,2012-03-29,49,61,HOBBIES
P08,HOBBIES_1_371,2012-03-30,74,61,HOBBIES
P08,HOBBIES_1_371,2012-03-31,134,62,HOBBIES
P08,HOBBIES_1_371,2012-04-01,41,62,HOBBIES
P08,HOBBIES_1_371,2012-04-02,73,62,HOBBIES
P08,HOBBIES_1_371,2012-04-03,64,62,HOBBIES
P08,HOBBIES_1_371,2012-04-04,62,62,HOBBIES
P08,HOBBIES_1_371,2012-04-05,60,62,HOBBIES
P08,HOBBIES_1_371,2012-04-06,102,62,HOBBIES
P08,HOBBIES_1_371,2012-04-07,112,63,HOBBIES
P08,HOBBIES_1_371,2012-04-08,28,63,HOBBIES
P08,HOBBIES_1_371,2012-04-09,61,63,HOBBIES
P08,HOBBIES_1_371,2012-04-10,75,63,HOBBIES
P08,HOBBIES_1_371,2012-04-11,79,63,HOBBIES
P08,HOBBIES_1_371,2012-04-12,49,63,HOBBIES
P08,HOBBIES_1_371,2012-04-13,67,63,HOBBIES
P08,HOBBIES_1_371,2012-04-14,114,64,HOBBIES
P08,HOBBIES_1_371,2012-04-15,70,64,HOBBIES
P08,HOBBIES_1_371,2012-04-16,111,64,HOBBIES
P08,HOBBIES_1_371,2012-04-17,50,64,HOBBIES
P08,HOBBIES_1_371,2012-04-18,87,64,HOBBIES
P08,HOBBIES_1_371,2012-04-19,87,64,HOBBIES
P08,HOBBIES_1_371,2012-04-20,74,64,HOBBIES
P08,HOBBIES_1_371,2012-04-21,141,65,HOBBIES
P08,HOBBIES_1_371,2012-04-22,73,65,HOBBIES
P08,HOBBIES_1_371,2012-04-23,75,65,HOBBIES
P08,HOBBIES_1_371,2012-04-24,42,65,HOBBIES
P08,HOBBIES_1_371,2012-04-25,76,65,HOBBIES
P08,HOBBIES_1_371,2012-04-26,63,65,HOBBIES
P08,HOBBIES_1_371,2012-04-27,109,65,HOBBIES
P08,HOBBIES_1_371,2012-04-28,82,66,HOBBIES
P08,HOBBIES_1_371,2012-04-29,100,66,HOBBIES
P08,HOBBIES_1_371,2012-04-30,34,66,HOBBIES
P08,HOBBIES_1_371,2012-05-01,46,66,HOBBIES
P08,HOBBIES_1_371,2012-05-02,73,66,HOBBIES
P08,HOBBIES_1_371,2012-05-03,49,66,HOBBIES
P08,HOBBIES_1_371,2012-05-04,130,66,HOBBIES
P08,HOBBIES_1_371,2012-05-05,134,67,HOBBIES
P08,HOBBIES_1_371,2012-05-06,78,67,HOBBIES
P08,HOBBIES_1_371,2012-05-07,7,67,HOBBIES
P08,HOBBIES_1_371,2012-05-08,6,67,HOBBIES
P08,HOBBIES_1_371,2012-05-09,1,67,HOBBIES
P08,HOBBIES_1_371,2012-05-10,0,67,HOBBIES
P08,HOBBIES_1_371,2012-05-11,3,67,HOBBIES
P08,HOBBIES_1_371,2012-05-12,24,68,HOBBIES
P08,HOBBIES_1_371,2012-05-13,0,68,HOBBIES
P08,HOBBIES_1_371,2012-05-14,5,68,HOBBIES
P08,HOBBIES_1_371,2012-05-15,3,68,HOBBIES
P08,HOBBIES_1_371,2012-05-16,6,68,HOBBIES
P08,HOBBIES_1_371,2012-05-17,1,68,HOBBIES
P08,HOBBIES_1_371,2012-05-18,0,68,HOBBIES
P08,HOBBIES_1_371,2012-05-19,37,69,HOBBIES
P08,HOBBIES_1_371,2012-05-20,0,69,HOBBIES
P08,HOBBIES_1_371,2012-05-21,0,69,HOBBIES
P08,HOBBIES_1_371,2012-05-22,7,69,HOBBIES
P08,HOBBIES_1_371,2012-05-23,4,69,HOBBIES
P08,HOBBIES_1_371,2012-05-24,0,69,HOBBIES
P08,HOBBIES_1_371,2012-05-25,5,69,HOBBIES
P08,HOBBIES_1_371,2012-05-26,26,70,HOBBIES
P08,HOBBIES_1_371,2012-05-27,81,70,HOBBIES
P08,HOBBIES_1_371,2012-05-28,45,70,HOBBIES
P08,HOBBIES_1_371,2012-05-29,66,70,HOBBIES
P08,HOBBIES_1_371,2012-05-30,68,70,HOBBIES
P08,HOBBIES_1_371,2012-05-31,85,70,HOBBIES
P08,HOBBIES_1_371,2012-06-01,118,70,HOBBIES
P08,HOBBIES_1_371,2012-06-02,125,71,HOBBIES
P08,HOBBIES_1_371,2012-06-03,71,71,HOBBIES
P08,HOBBIES_1_371,2012-06-04,75,71,HOBBIES
P08,HOBBIES_1_371,2012-06-05,29,71,HOBBIES
P08,HOBBIES_1_371,2012-06-06,80,71,HOBBIES
P08,HOBBIES_1_371,2012-06-07,43,71,HOBBIES
P08,HOBBIES_1_371,2012-06-08,129,71,HOBBIES
P08,HOBBIES_1_371,2012-06-09,73,72,HOBBIES
P08,HOBBIES_1_371,2012-06-10,90,72,HOBBIES
P08,HOBBIES_1_371,2012-06-11,82,72,HOBBIES
P08,HOBBIES_1_371,2012-06-12,72,72,HOBBIES
P08,HOBBIES_1_371,2012-06-13,44,72,HOBBIES
P08,HOBBIES_1_371,2012-06-14,26,72,HOBBIES
P08,HOBBIES_1_371,2012-06-15,82,72,HOBBIES
P08,HOBBIES_1_371,2012-06-16,95,73,HOBBIES
P08,HOBBIES_1_371,2012-06-17,102,73,HOBBIES
P08,HOBBIES_1_371,2012-06-18,60,73,HOBBIES
P08,HOBBIES_1_371,2012-06-19,77,73,HOBBIES
P08,HOBBIES_1_371,2012-06-20,83,73,HOBBIES
P08,HOBBIES_1_371,2012-06-21,51,73,HOBBIES
P08,HOBBIES_1_371,2012-06-22,149,73,HOBBIES
P08,HOBBIES_1_371,2012-06-23,98,74,HOBBIES
P08,HOBBIES_1_371,2012-06-24,83,74,HOBBIES
P08,HOBBIES_1_371,2012-06-25,83,74,HOBBIES
P08,HOBBIES_1_371,2012-06-26,80,74,HOBBIES
P08,HOBBIES_1_371,2012-06-27,59,74,HOBBIES
P08,HOBBIES_1_371,2012-06-28,37,74,HOBBIES
P08,HOBBIES_1_371,2012-06-29,49,74,HOBBIES
P08,HOBBIES_1_371,2012-06-30,161,75,HOBBIES
P08,HOBBIES_1_371,2012-07-01,0,75,HOBBIES
P08,HOBBIES_1_371,2012-07-02,0,75,HOBBIES
P08,HOBBIES_1_371,2012-07-03,0,75,HOBBIES
P08,HOBBIES_1_371,2012-07-04,0,75,HOBBIES
P08,HOBBIES_1_371,2012-07-05,0,75,HOBBIES
P08,HOBBIES_1_371,2012-07-06,0,75,HOBBIES
P08,HOBBIES_1_371,2012-07-07,0,76,HOBBIES
P08,HOBBIES_1_371,2012-07-08,93,76,HOBBIES
P08,HOBBIES_1_371,2012-07-09,89,76,HOBBIES
P08,HOBBIES_1_371,2012-07-10,40,76,HOBBIES
P08,HOBBIES_1_371,2012-07-11,60,76,HOBBIES
P08,HOBBIES_1_371,2012-07-12,70,76,HOBBIES
P08,HOBBIES_1_371,2012-07-13,81,76,HOBBIES
P08,HOBBIES_1_371,2012-07-14,115,77,HOBBIES
P08,HOBBIES_1_371,2012-07-15,65,77,HOBBIES
P08,HOBBIES_1_371,2012-07-16,100,77,HOBBIES
P08,HOBBIES_1_371,2012-07-17,81,77,HOBBIES
P08,HOBBIES_1_371,2012-07-18,54,77,HOBBIES
P08,HOBBIES_1_371,2012-07-19,69,77,HOBBIES
P08,HOBBIES_1_371,2012-07-20,41,77,HOBBIES
P08,HOBBIES_1_371,2012-07-21,180,78,HOBBIES
P08,HOBBIES_1_371,2012-07-22,43,78,HOBBIES
P08,HOBBIES_1_371,2012-07-23,82,78,HOBBIES
P08,HOBBIES_1_371,2012-07-24,44,78,HOBBIES
P08,HOBBIES_1_371,2012-07-25,5,78,HOBBIES
P08,HOBBIES_1_371,2012-07-26,16,78,HOBBIES
P08,HOBBIES_1_371,2012-07-27,4,78,HOBBIES
P08,HOBBIES_1_371,2012-07-28,0,79,HOBBIES
P08,HOBBIES_1_371,2012-07-29,0,79,HOBBIES
P08,HOBBIES_1_371,2012-07-30,0,79,HOBBIES
P08,HOBBIES_1_371,2012-07-31,0,79,HOBBIES
P08,HOBBIES_1_371,2012-08-01,0,79,HOBBIES
P08,HOBBIES_1_371,2012-08-02,0,79,HOBBIES
P08,HOBBIES_1_371,2012-08-03,0,79,HOBBIES
P08,HOBBIES_1_371,2012-08-04,0,80,HOBBIES
P08,HOBBIES_1_371,2012-08-05,0,80,HOBBIES
P08,HOBBIES_1_371,2012-08-06,0,80,HOBBIES
P08,HOBBIES_1_371,2012-08-07,0,80,HOBBIES
P08,HOBBIES_1_371,2012-08-08,0,80,HOBBIES
P08,HOBBIES_1_371,2012-08-09,0,80,HOBBIES
P08,HOBBIES_1_371,2012-08-10,0,80,HOBBIES
P08,HOBBIES_1_371,2012-08-11,0,81,HOBBIES
P08,HOBBIES_1_371,2012-08-12,0,81,HOBBIES
P08,HOBBIES_1_371,2012-08-13,0,81,HOBBIES
P08,HOBBIES_1_371,2012-08-14,1,81,HOBBIES
P08,HOBBIES_1_371,2012-08-15,0,81,HOBBIES
P08,HOBBIES_1_371,2012-08-16,0,81,HOBBIES
P08,HOBBIES_1_371,2012-08-17,0,81,HOBBIES
P08,HOBBIES_1_371,2012-08-18,3,82,HOBBIES
P08,HOBBIES_1_371,2012-08-19,0,82,HOBBIES
P08,HOBBIES_1_371,2012-08-20,0,82,HOBBIES
P08,HOBBIES_1_371,2012-08-21,0,82,HOBBIES
P08,HOBBIES_1_371,2012-08-22,0,82,HOBBIES
P08,HOBBIES_1_371,2012-08-23,0,82,HOBBIES
P08,HOBBIES_1_371,2012-08-24,0,82,HOBBIES
P08,HOBBIES_1_371,2012-08-25,0,83,HOBBIES
P08,HOBBIES_1_371,2012-08-26,0,83,HOBBIES
P08,HOBBIES_1_371,2012-08-27,0,83,HOBBIES
P08,HOBBIES_1_371,2012-08-28,0,83,HOBBIES
P08,HOBBIES_1_371,2012-08-29,0,83,HOBBIES
P08,HOBBIES_1_371,2012-08-30,0,83,HOBBIES
P08,HOBBIES_1_371,2012-08-31,0,83,HOBBIES
P08,HOBBIES_1_371,2012-09-01,0,84,HOBBIES
P08,HOBBIES_1_371,2012-09-02,0,84,HOBBIES
P08,HOBBIES_1_371,2012-09-03,0,84,HOBBIES
P08,HOBBIES_1_371,2012-09-04,0,84,HOBBIES
P08,HOBBIES_1_371,2012-09-05,0,84,HOBBIES
P08,HOBBIES_1_371,2012-09-06,0,84,HOBBIES
P08,HOBBIES_1_371,2012-09-07,0,84,HOBBIES
P08,HOBBIES_1_371,2012-09-08,5,85,HOBBIES
P08,HOBBIES_1_371,2012-09-09,0,85,HOBBIES
P08,HOBBIES_1_371,2012-09-10,0,85,HOBBIES
P08,HOBBIES_1_371,2012-09-11,0,85,HOBBIES
P08,HOBBIES_1_371,2012-09-12,0,85,HOBBIES
P08,HOBBIES_1_371,2012-09-13,0,85,HOBBIES
P08,HOBBIES_1_371,2012-09-14,0,85,HOBBIES
P08,HOBBIES_1_371,2012-09-15,0,86,HOBBIES
P08,HOBBIES_1_371,2012-09-16,0,86,HOBBIES
P08,HOBBIES_1_371,2012-09-17,0,86,HOBBIES
P08,HOBBIES_1_371,2012-09-18,2,86,HOBBIES
P08,HOBBIES_1_371,2012-09-19,0,86,HOBBIES
P08,HOBBIES_1_371,2012-09-20,0,86,HOBBIES
P08,HOBBIES_1_371,2012-09-21,0,86,HOBBIES
P08,HOBBIES_1_371,2012-09-22,0,87,HOBBIES
P08,HOBBIES_1_371,2012-09-23,0,87,HOBBIES
P08,HOBBIES_1_371,2012-09-24,0,87,HOBBIES
P08,HOBBIES_1_371,2012-09-25,0,87,HOBBIES
P08,HOBBIES_1_371,2012-09-26,0,87,HOBBIES
P08,HOBBIES_1_371,2012-09-27,5,87,HOBBIES
P08,HOBBIES_1_371,2012-09-28,0,87,HOBBIES
P08,HOBBIES_1_371,2012-09-29,0,88,HOBBIES
P08,HOBBIES_1_371,2012-09-30,0,88,HOBBIES
P08,HOBBIES_1_371,2012-10-01,0,88,HOBBIES
P08,HOBBIES_1_371,2012-10-02,0,88,HOBBIES
P08,HOBBIES_1_371,2012-10-03,0,88,HOBBIES
P08,HOBBIES_1_371,2012-10-04,0,88,HOBBIES
P08,HOBBIES_1_371,2012-10-05,0,88,HOBBIES
P08,HOBBIES_1_371,2012-10-06,0,89,HOBBIES
P08,HOBBIES_1_371,2012-10-07,0,89,HOBBIES
P08,HOBBIES_1_371,2012-10-08,0,89,HOBBIES
P08,HOBBIES_1_371,2012-10-09,2,89,HOBBIES
P08,HOBBIES_1_371,2012-10-10,0,89,HOBBIES
P08,HOBBIES_1_371,2012-10-11,0,89,HOBBIES
P08,HOBBIES_1_371,2012-10-12,0,89,HOBBIES
P08,HOBBIES_1_371,2012-10-13,0,90,HOBBIES
P08,HOBBIES_1_371,2012-10-14,0,90,HOBBIES
P08,HOBBIES_1_371,2012-10-15,0,90,HOBBIES
P08,HOBBIES_1_371,2012-10-16,0,90,HOBBIES
P08,HOBBIES_1_371,2012-10-17,0,90,HOBBIES
P08,HOBBIES_1_371,2012-10-18,0,90,HOBBIES
P08,HOBBIES_1_371,2012-10-19,0,90,HOBBIES
P08,HOBBIES_1_371,2012-10-20,0,91,HOBBIES
P08,HOBBIES_1_371,2012-10-21,0,91,HOBBIES
P08,HOBBIES_1_371,2012-10-22,0,91,HOBBIES
P08,HOBBIES_1_371,2012-10-23,0,91,HOBBIES
P08,HOBBIES_1_371,2012-10-24,0,91,HOBBIES
P08,HOBBIES_1_371,2012-10-25,0,91,HOBBIES
P08,HOBBIES_1_371,2012-10-26,0,91,HOBBIES
P08,HOBBIES_1_371,2012-10-27,0,92,HOBBIES
P08,HOBBIES_1_371,2012-10-28,0,92,HOBBIES
P08,HOBBIES_1_371,2012-10-29,0,92,HOBBIES
P08,HOBBIES_1_371,2012-10-30,0,92,HOBBIES
P08,HOBBIES_1_371,2012-10-31,0,92,HOBBIES
P08,HOBBIES_1_371,2012-11-01,0,92,HOBBIES
P08,HOBBIES_1_371,2012-11-02,0,92,HOBBIES
P08,HOBBIES_1_371,2012-11-03,0,93,HOBBIES
P08,HOBBIES_1_371,2012-11-04,0,93,HOBBIES
P08,HOBBIES_1_371,2012-11-05,0,93,HOBBIES
P08,HOBBIES_1_371,2012-11-06,2,93,HOBBIES
P08,HOBBIES_1_371,2012-11-07,0,93,HOBBIES
P08,HOBBIES_1_371,2012-11-08,0,93,HOBBIES
P08,HOBBIES_1_371,2012-11-09,0,93,HOBBIES
P08,HOBBIES_1_371,2012-11-10,0,94,HOBBIES
P08,HOBBIES_1_371,2012-11-11,0,94,HOBBIES
P08,HOBBIES_1_371,2012-11-12,0,94,HOBBIES
P08,HOBBIES_1_371,2012-11-13,0,94,HOBBIES
P08,HOBBIES_1_371,2012-11-14,0,94,HOBBIES
P08,HOBBIES_1_371,2012-11-15,0,94,HOBBIES
P08,HOBBIES_1_371,2012-11-16,0,94,HOBBIES
P08,HOBBIES_1_371,2012-11-17,0,95,HOBBIES
P08,HOBBIES_1_371,2012-11-18,0,95,HOBBIES
P08,HOBBIES_1_371,2012-11-19,0,95,HOBBIES
P08,HOBBIES_1_371,2012-11-20,0,95,HOBBIES
P08,HOBBIES_1_371,2012-11-21,0,95,HOBBIES
P08,HOBBIES_1_371,2012-11-22,0,95,HOBBIES
P08,HOBBIES_1_371,2012-11-23,0,95,HOBBIES
P08,HOBBIES_1_371,2012-11-24,0,96,HOBBIES
P08,HOBBIES_1_371,2012-11-25,0,96,HOBBIES
P08,HOBBIES_1_371,2012-11-26,0,96,HOBBIES
P08,HOBBIES_1_371,2012-11-27,0,96,HOBBIES
P08,HOBBIES_1_371,2012-11-28,0,96,HOBBIES
P08,HOBBIES_1_371,2012-11-29,0,96,HOBBIES
P08,HOBBIES_1_371,2012-11-30,0,96,HOBBIES
P08,HOBBIES_1_371,2012-12-01,0,97,HOBBIES
P08,HOBBIES_1_371,2012-12-02,0,97,HOBBIES
P08,HOBBIES_1_371,2012-12-03,0,97,HOBBIES
P08,HOBBIES_1_371,2012-12-04,2,97,HOBBIES
P08,HOBBIES_1_371,2012-12-05,0,97,HOBBIES
P08,HOBBIES_1_371,2012-12-06,0,97,HOBBIES
P08,HOBBIES_1_371,2012-12-07,0,97,HOBBIES
P08,HOBBIES_1_371,2012-12-08,0,98,HOBBIES
P08,HOBBIES_1_371,2012-12-09,0,98,HOBBIES
P08,HOBBIES_1_371,2012-12-10,0,98,HOBBIES
P08,HOBBIES_1_371,2012-12-11,0,98,HOBBIES
P08,HOBBIES_1_371,2012-12-12,0,98,HOBBIES
P08,HOBBIES_1_371,2012-12-13,0,98,HOBBIES
P08,HOBBIES_1_371,2012-12-14,0,98,HOBBIES
P08,HOBBIES_1_371,2012-12-15,0,99,HOBBIES
P08,HOBBIES_1_371,2012-12-16,0,99,HOBBIES
P08,HOBBIES_1_371,2012-12-17,0,99,HOBBIES
P08,HOBBIES_1_371,2012-12-18,0,99,HOBBIES
P08,HOBBIES_1_371,2012-12-19,0,99,HOBBIES
P08,HOBBIES_1_371,2012-12-20,0,99,HOBBIES
P08,HOBBIES_1_371,2012-12-21,0,99,HOBBIES
P08,HOBBIES_1_371,2012-12-22,5,100,HOBBIES
P08,HOBBIES_1_371,2012-12-23,0,100,HOBBIES
P08,HOBBIES_1_371,2012-12-24,0,100,HOBBIES
P08,HOBBIES_1_371,2012-12-25,0,100,HOBBIES
P08,HOBBIES_1_371,2012-12-26,0,100,HOBBIES
P08,HOBBIES_1_371,2012-12-27,0,100,HOBBIES
P08,HOBBIES_1_371,2012-12-28,0,100,HOBBIES
P08,HOBBIES_1_371,2012-12-29,0,101,HOBBIES
P08,HOBBIES_1_371,2012-12-30,0,101,HOBBIES
P08,HOBBIES_1_371,2012-12-31,0,101,HOBBIES
P08,HOBBIES_1_371,2013-01-01,0,101,HOBBIES
P08,HOBBIES_1_371,2013-01-02,0,101,HOBBIES
P08,HOBBIES_1_371,2013-01-03,0,101,HOBBIES
P08,HOBBIES_1_371,2013-01-04,0,101,HOBBIES
P08,HOBBIES_1_371,2013-01-05,6,102,HOBBIES
P08,HOBBIES_1_371,2013-01-06,0,102,HOBBIES
P08,HOBBIES_1_371,2013-01-07,1,102,HOBBIES
P08,HOBBIES_1_371,2013-01-08,0,102,HOBBIES
P08,HOBBIES_1_371,2013-01-09,0,102,HOBBIES
P08,HOBBIES_1_371,2013-01-10,0,102,HOBBIES
P08,HOBBIES_1_371,2013-01-11,0,102,HOBBIES
P08,HOBBIES_1_371,2013-01-12,0,103,HOBBIES
P08,HOBBIES_1_371,2013-01-13,0,103,HOBBIES
P08,HOBBIES_1_371,2013-01-14,0,103,HOBBIES
P08,HOBBIES_1_371,2013-01-15,0,103,HOBBIES
P08,HOBBIES_1_371,2013-01-16,0,103,HOBBIES
P08,HOBBIES_1_371,2013-01-17,0,103,HOBBIES
P08,HOBBIES_1_371,2013-01-18,0,103,HOBBIES
P08,HOBBIES_1_371,2013-01-19,0,104,HOBBIES
P08,HOBBIES_1_371,2013-01-20,0,104,HOBBIES
P08,HOBBIES_1_371,2013-01-21,0,104,HOBBIES
P08,HOBBIES_1_371,2013-01-22,0,104,HOBBIES
P08,HOBBIES_1_371,2013-01-23,83,104,HOBBIES
P08,HOBBIES_1_371,2013-01-24,62,104,HOBBIES
P08,HOBBIES_1_371,2013-01-25,86,104,HOBBIES
P08,HOBBIES_1_371,2013-01-26,191,105,HOBBIES
P08,HOBBIES_1_371,2013-01-27,62,105,HOBBIES
P08,HOBBIES_1_371,2013-01-28,52,105,HOBBIES
P08,HOBBIES_1_371,2013-01-29,53,105,HOBBIES
P08,HOBBIES_1_371,2013-01-30,53,105,HOBBIES
P08,HOBBIES_1_371,2013-01-31,64,105,HOBBIES
P08,HOBBIES_1_371,2013-02-01,135,105,HOBBIES
P08,HOBBIES_1_371,2013-02-02,204,106,HOBBIES
P08,HOBBIES_1_371,2013-02-03,13,106,HOBBIES
P08,HOBBIES_1_371,2013-02-04,28,106,HOBBIES
P08,HOBBIES_1_371,2013-02-05,25,106,HOBBIES
P08,HOBBIES_1_371,2013-02-06,2,106,HOBBIES
P08,HOBBIES_1_371,2013-02-07,2,106,HOBBIES
P08,HOBBIES_1_371,2013-02-08,2,106,HOBBIES
P08,HOBBIES_1_371,2013-02-09,6,107,HOBBIES
P08,HOBBIES_1_371,2013-02-10,132,107,HOBBIES
P08,HOBBIES_1_371,2013-02-11,103,107,HOBBIES
P08,HOBBIES_1_371,2013-02-12,35,107,HOBBIES
P08,HOBBIES_1_371,2013-02-13,75,107,HOBBIES
P08,HOBBIES_1_371,2013-02-14,53,107,HOBBIES
P08,HOBBIES_1_371,2013-02-15,81,107,HOBBIES
P08,HOBBIES_1_371,2013-02-16,165,108,HOBBIES
P08,HOBBIES_1_371,2013-02-17,67,108,HOBBIES
P08,HOBBIES_1_371,2013-02-18,41,108,HOBBIES
P08,HOBBIES_1_371,2013-02-19,56,108,HOBBIES
P08,HOBBIES_1_371,2013-02-20,57,108,HOBBIES
P08,HOBBIES_1_371,2013-02-21,41,108,HOBBIES
P08,HOBBIES_1_371,2013-02-22,83,108,HOBBIES
P08,HOBBIES_1_371,2013-02-23,174,109,HOBBIES
P08,HOBBIES_1_371,2013-02-24,91,109,HOBBIES
P08,HOBBIES_1_371,2013-02-25,73,109,HOBBIES
P08,HOBBIES_1_371,2013-02-26,59,109,HOBBIES
P08,HOBBIES_1_371,2013-02-27,86,109,HOBBIES
P08,HOBBIES_1_371,2013-02-28,127,109,HOBBIES
P08,HOBBIES_1_371,2013-03-01,92,109,HOBBIES
P08,HOBBIES_1_371,2013-03-02,171,110,HOBBIES
P08,HOBBIES_1_371,2013-03-03,6,110,HOBBIES
P08,HOBBIES_1_371,2013-03-04,16,110,HOBBIES
P08,HOBBIES_1_371,2013-03-05,1,110,HOBBIES
P08,HOBBIES_1_371,2013-03-06,4,110,HOBBIES
P08,HOBBIES_1_371,2013-03-07,4,110,HOBBIES
P08,HOBBIES_1_371,2013-03-08,7,110,HOBBIES
P08,HOBBIES_1_371,2013-03-09,17,111,HOBBIES
P08,HOBBIES_1_371,2013-03-10,116,111,HOBBIES
P08,HOBBIES_1_371,2013-03-11,102,111,HOBBIES
P08,HOBBIES_1_371,2013-03-12,87,111,HOBBIES
P08,HOBBIES_1_371,2013-03-13,55,111,HOBBIES
P08,HOBBIES_1_371,2013-03-14,60,111,HOBBIES
P08,HOBBIES_1_371,2013-03-15,84,111,HOBBIES
P08,HOBBIES_1_371,2013-03-16,136,112,HOBBIES
P08,HOBBIES_1_371,2013-03-17,80,112,HOBBIES
P08,HOBBIES_1_371,2013-03-18,55,112,HOBBIES
P08,HOBBIES_1_371,2013-03-19,102,112,HOBBIES
P08,HOBBIES_1_371,2013-03-20,99,112,HOBBIES
P08,HOBBIES_1_371,2013-03-21,81,112,HOBBIES
P08,HOBBIES_1_371,2013-03-22,97,112,HOBBIES
P08,HOBBIES_1_371,2013-03-23,150,113,HOBBIES
P08,HOBBIES_1_371,2013-03-24,0,113,HOBBIES
P08,HOBBIES_1_371,2013-03-25,0,113,HOBBIES
P08,HOBBIES_1_371,2013-03-26,0,113,HOBBIES
P08,HOBBIES_1_371,2013-03-27,0,113,HOBBIES
P08,HOBBIES_1_371,2013-03-28,0,113,HOBBIES
P08,HOBBIES_1_371,2013-03-29,0,113,HOBBIES
P08,HOBBIES_1_371,2013-03-30,0,114,HOBBIES
P08,HOBBIES_1_371,2013-03-31,68,114,HOBBIES
P08,HOBBIES_1_371,2013-04-01,85,114,HOBBIES
P08,HOBBIES_1_371,2013-04-02,80,114,HOBBIES
P08,HOBBIES_1_371,2013-04-03,106,114,HOBBIES
P08,HOBBIES_1_371,2013-04-04,62,114,HOBBIES
P08,HOBBIES_1_371,2013-04-05,79,114,HOBBIES
P08,HOBBIES_1_371,2013-04-06,128,115,HOBBIES
P08,HOBBIES_1_371,2013-04-07,61,115,HOBBIES
P08,HOBBIES_1_371,2013-04-08,114,115,HOBBIES
P08,HOBBIES_1_371,2013-04-09,101,115,HOBBIES
P08,HOBBIES_1_371,2013-04-10,44,115,HOBBIES
P08,HOBBIES_1_371,2013-04-11,83,115,HOBBIES
P08,HOBBIES_1_371,2013-04-12,92,115,HOBBIES
P08,HOBBIES_1_371,2013-04-13,162,116,HOBBIES
P08,HOBBIES_1_371,2013-04-14,92,116,HOBBIES
P08,HOBBIES_1_371,2013-04-15,88,116,HOBBIES
P08,HOBBIES_1_371,2013-04-16,94,116,HOBBIES
P08,HOBBIES_1_371,2013-04-17,67,116,HOBBIES
P08,HOBBIES_1_371,2013-04-18,80,116,HOBBIES
P08,HOBBIES_1_371,2013-04-19,76,116,HOBBIES
P08,HOBBIES_1_371,2013-04-20,109,117,HOBBIES
P08,HOBBIES_1_371,2013-04-21,82,117,HOBBIES
P08,HOBBIES_1_371,2013-04-22,59,117,HOBBIES
P08,HOBBIES_1_371,2013-04-23,65,117,HOBBIES
P08,HOBBIES_1_371,2013-04-24,102,117,HOBBIES
P08,HOBBIES_1_371,2013-04-25,126,117,HOBBIES
P08,HOBBIES_1_371,2013-04-26,97,117,HOBBIES
P08,HOBBIES_1_371,2013-04-27,142,118,HOBBIES
P08,HOBBIES_1_371,2013-04-28,22,118,HOBBIES
P08,HOBBIES_1_371,2013-04-29,0,118,HOBBIES
P08,HOBBIES_1_371,2013-04-30,14,118,HOBBIES
P08,HOBBIES_1_371,2013-05-01,5,118,HOBBIES
P08,HOBBIES_1_371,2013-05-02,4,118,HOBBIES
P08,HOBBIES_1_371,2013-05-03,3,118,HOBBIES
P08,HOBBIES_1_371,2013-05-04,4,119,HOBBIES
P08,HOBBIES_1_371,2013-05-05,92,119,HOBBIES
P08,HOBBIES_1_371,2013-05-06,44,119,HOBBIES
P08,HOBBIES_1_371,2013-05-07,44,119,HOBBIES
P08,HOBBIES_1_371,2013-05-08,87,119,HOBBIES
P08,HOBBIES_1_371,2013-05-09,94,119,HOBBIES
P08,HOBBIES_1_371,2013-05-10,121,119,HOBBIES
P08,HOBBIES_1_371,2013-05-11,201,120,HOBBIES
P08,HOBBIES_1_371,2013-05-12,53,120,HOBBIES
P08,HOBBIES_1_371,2013-05-13,39,120,HOBBIES
P08,HOBBIES_1_371,2013-05-14,57,120,HOBBIES
P08,HOBBIES_1_371,2013-05-15,109,120,HOBBIES
P08,HOBBIES_1_371,2013-05-16,69,120,HOBBIES
P08,HOBBIES_1_371,2013-05-17,100,120,HOBBIES
P08,HOBBIES_1_371,2013-05-18,128,121,HOBBIES
P08,HOBBIES_1_371,2013-05-19,77,121,HOBBIES
P08,HOBBIES_1_371,2013-05-20,68,121,HOBBIES
P08,HOBBIES_1_371,2013-05-21,57,121,HOBBIES
P08,HOBBIES_1_371,2013-05-22,35,121,HOBBIES
P08,HOBBIES_1_371,2013-05-23,122,121,HOBBIES
P08,HOBBIES_1_371,2013-05-24,47,121,HOBBIES
P08,HOBBIES_1_371,2013-05-25,132,122,HOBBIES
P08,HOBBIES_1_371,2013-05-26,79,122,HOBBIES
P08,HOBBIES_1_371,2013-05-27,70,122,HOBBIES
P08,HOBBIES_1_371,2013-05-28,32,122,HOBBIES
P08,HOBBIES_1_371,2013-05-29,113,122,HOBBIES
P08,HOBBIES_1_371,2013-05-30,49,122,HOBBIES
P08,HOBBIES_1_371,2013-05-31,59,122,HOBBIES
P08,HOBBIES_1_371,2013-06-01,116,123,HOBBIES
P08,HOBBIES_1_371,2013-06-02,67,123,HOBBIES
P08,HOBBIES_1_371,2013-06-03,29,123,HOBBIES
P08,HOBBIES_1_371,2013-06-04,43,123,HOBBIES
P08,HOBBIES_1_371,2013-06-05,128,123,HOBBIES
P08,HOBBIES_1_371,2013-06-06,114,123,HOBBIES
P08,HOBBIES_1_371,2013-06-07,37,123,HOBBIES
P08,HOBBIES_1_371,2013-06-08,114,124,HOBBIES
P08,HOBBIES_1_371,2013-06-09,91,124,HOBBIES
P08,HOBBIES_1_371,2013-06-10,59,124,HOBBIES
P08,HOBBIES_1_371,2013-06-11,76,124,HOBBIES
P08,HOBBIES_1_371,2013-06-12,74,124,HOBBIES
P08,HOBBIES_1_371,2013-06-13,100,124,HOBBIES
P08,HOBBIES_1_371,2013-06-14,71,124,HOBBIES
P08,HOBBIES_1_371,2013-06-15,77,125,HOBBIES
P08,HOBBIES_1_371,2013-06-16,55,125,HOBBIES
P08,HOBBIES_1_371,2013-06-17,62,125,HOBBIES
P08,HOBBIES_1_371,2013-06-18,62,125,HOBBIES
P08,HOBBIES_1_371,2013-06-19,75,125,HOBBIES
P08,HOBBIES_1_371,2013-06-20,64,125,HOBBIES
P08,HOBBIES_1_371,2013-06-21,111,125,HOBBIES
P08,HOBBIES_1_371,2013-06-22,98,126,HOBBIES
P08,HOBBIES_1_371,2013-06-23,84,126,HOBBIES
P08,HOBBIES_1_371,2013-06-24,127,126,HOBBIES
P08,HOBBIES_1_371,2013-06-25,75,126,HOBBIES
P08,HOBBIES_1_371,2013-06-26,96,126,HOBBIES
P08,HOBBIES_1_371,2013-06-27,70,126,HOBBIES
P08,HOBBIES_1_371,2013-06-28,80,126,HOBBIES
P08,HOBBIES_1_371,2013-06-29,125,127,HOBBIES
P08,HOBBIES_1_371,2013-06-30,75,127,HOBBIES
P08,HOBBIES_1_371,2013-07-01,112,127,HOBBIES
P08,HOBBIES_1_371,2013-07-02,95,127,HOBBIES
P08,HOBBIES_1_371,2013-07-03,116,127,HOBBIES
P08,HOBBIES_1_371,2013-07-04,71,127,HOBBIES
P08,HOBBIES_1_371,2013-07-05,127,127,HOBBIES
P08,HOBBIES_1_371,2013-07-06,138,128,HOBBIES
P08,HOBBIES_1_371,2013-07-07,58,128,HOBBIES
P08,HOBBIES_1_371,2013-07-08,128,128,HOBBIES
P08,HOBBIES_1_371,2013-07-09,51,128,HOBBIES
P08,HOBBIES_1_371,2013-07-10,74,128,HOBBIES
P08,HOBBIES_1_371,2013-07-11,55,128,HOBBIES
P08,HOBBIES_1_371,2013-07-12,82,128,HOBBIES
P08,HOBBIES_1_371,2013-07-13,120,129,HOBBIES
P08,HOBBIES_1_371,2013-07-14,64,129,HOBBIES
P08,HOBBIES_1_371,2013-07-15,52,129,HOBBIES
P08,HOBBIES_1_371,2013-07-16,89,129,HOBBIES
P08,HOBBIES_1_371,2013-07-17,78,129,HOBBIES
P08,HOBBIES_1_371,2013-07-18,66,129,HOBBIES
P08,HOBBIES_1_371,2013-07-19,68,129,HOBBIES
P08,HOBBIES_1_371,2013-07-20,186,130,HOBBIES
P08,HOBBIES_1_371,2013-07-21,77,130,HOBBIES
P08,HOBBIES_1_371,2013-07-22,80,130,HOBBIES
P08,HOBBIES_1_371,2013-07-23,74,130,HOBBIES
P08,HOBBIES_1_371,2013-07-24,49,130,HOBBIES
P08,HOBBIES_1_371,2013-07-25,111,130,HOBBIES
P08,HOBBIES_1_371,2013-07-26,112,130,HOBBIES
P08,HOBBIES_1_371,2013-07-27,153,131,HOBBIES
P08,HOBBIES_1_371,2013-07-28,63,131,HOBBIES
P08,HOBBIES_1_371,2013-07-29,97,131,HOBBIES
P08,HOBBIES_1_371,2013-07-30,53,131,HOBBIES
P08,HOBBIES_1_371,2013-07-31,57,131,HOBBIES
P08,HOBBIES_1_371,2013-08-01,98,131,HOBBIES
P08,HOBBIES_1_371,2013-08-02,84,131,HOBBIES
P08,HOBBIES_1_371,2013-08-03,120,132,HOBBIES
P08,HOBBIES_1_371,2013-08-04,73,132,HOBBIES
P08,HOBBIES_1_371,2013-08-05,115,132,HOBBIES
P08,HOBBIES_1_371,2013-08-06,56,132,HOBBIES
P08,HOBBIES_1_371,2013-08-07,52,132,HOBBIES
P08,HOBBIES_1_371,2013-08-08,68,132,HOBBIES
P08,HOBBIES_1_371,2013-08-09,60,132,HOBBIES
P08,HOBBIES_1_371,2013-08-10,75,133,HOBBIES
P08,HOBBIES_1_371,2013-08-11,97,133,HOBBIES
P08,HOBBIES_1_371,2013-08-12,88,133,HOBBIES
P08,HOBBIES_1_371,2013-08-13,85,133,HOBBIES
P08,HOBBIES_1_371,2013-08-14,77,133,HOBBIES
P08,HOBBIES_1_371,2013-08-15,54,133,HOBBIES
P08,HOBBIES_1_371,2013-08-16,66,133,HOBBIES
P08,HOBBIES_1_371,2013-08-17,151,134,HOBBIES
P08,HOBBIES_1_371,2013-08-18,42,134,HOBBIES
P08,HOBBIES_1_371,2013-08-19,59,134,HOBBIES
P08,HOBBIES_1_371,2013-08-20,56,134,HOBBIES
P08,HOBBIES_1_371,2013-08-21,106,134,HOBBIES
P08,HOBBIES_1_371,2013-08-22,66,134,HOBBIES
P08,HOBBIES_1_371,2013-08-23,160,134,HOBBIES
P08,HOBBIES_1_371,2013-08-24,78,135,HOBBIES
P08,HOBBIES_1_371,2013-08-25,120,135,HOBBIES
P08,HOBBIES_1_371,2013-08-26,75,135,HOBBIES
P08,HOBBIES_1_371,2013-08-27,109,135,HOBBIES
P08,HOBBIES_1_371,2013-08-28,134,135,HOBBIES
P08,HOBBIES_1_371,2013-08-29,71,135,HOBBIES
P08,HOBBIES_1_371,2013-08-30,134,135,HOBBIES
P08,HOBBIES_1_371,2013-08-31,84,136,HOBBIES
P08,HOBBIES_1_371,2013-09-01,2,136,HOBBIES
P08,HOBBIES_1_371,2013-09-02,16,136,HOBBIES
P08,HOBBIES_1_371,2013-09-03,0,136,HOBBIES
P08,HOBBIES_1_371,2013-09-04,0,136,HOBBIES
P08,HOBBIES_1_371,2013-09-05,0,136,HOBBIES
P08,HOBBIES_1_371,2013-09-06,0,136,HOBBIES
P08,HOBBIES_1_371,2013-09-07,0,137,HOBBIES
P08,HOBBIES_1_371,2013-09-08,106,137,HOBBIES
P08,HOBBIES_1_371,2013-09-09,59,137,HOBBIES
P08,HOBBIES_1_371,2013-09-10,66,137,HOBBIES
P08,HOBBIES_1_371,2013-09-11,76,137,HOBBIES
P08,HOBBIES_1_371,2013-09-12,43,137,HOBBIES
P08,HOBBIES_1_371,2013-09-13,112,137,HOBBIES
P08,HOBBIES_1_371,2013-09-14,156,138,HOBBIES
P08,HOBBIES_1_371,2013-09-15,52,138,HOBBIES
P08,HOBBIES_1_371,2013-09-16,69,138,HOBBIES
P08,HOBBIES_1_371,2013-09-17,70,138,HOBBIES
P08,HOBBIES_1_371,2013-09-18,42,138,HOBBIES
P08,HOBBIES_1_371,2013-09-19,44,138,HOBBIES
P08,HOBBIES_1_371,2013-09-20,108,138,HOBBIES
P08,HOBBIES_1_371,2013-09-21,129,139,HOBBIES
P08,HOBBIES_1_371,2013-09-22,93,139,HOBBIES
P08,HOBBIES_1_371,2013-09-23,76,139,HOBBIES
P08,HOBBIES_1_371,2013-09-24,62,139,HOBBIES
P08,HOBBIES_1_371,2013-09-25,76,139,HOBBIES
P08,HOBBIES_1_371,2013-09-26,107,139,HOBBIES
P08,HOBBIES_1_371,2013-09-27,86,139,HOBBIES
P08,HOBBIES_1_371,2013-09-28,116,140,HOBBIES
P08,HOBBIES_1_371,2013-09-29,71,140,HOBBIES
P08,HOBBIES_1_371,2013-09-30,61,140,HOBBIES
P08,HOBBIES_1_371,2013-10-01,111,140,HOBBIES
P08,HOBBIES_1_371,2013-10-02,80,140,HOBBIES
P08,HOBBIES_1_371,2013-10-03,188,140,HOBBIES
P08,HOBBIES_1_371,2013-10-04,93,140,HOBBIES
P08,HOBBIES_1_371,2013-10-05,106,141,HOBBIES
P08,HOBBIES_1_371,2013-10-06,90,141,HOBBIES
P08,HOBBIES_1_371,2013-10-07,84,141,HOBBIES
P08,HOBBIES_1_371,2013-10-08,78,141,HOBBIES
P08,HOBBIES_1_371,2013-10-09,69,141,HOBBIES
P08,HOBBIES_1_371,2013-10-10,91,141,HOBBIES
P08,HOBBIES_1_371,2013-10-11,114,141,HOBBIES
P08,HOBBIES_1_371,2013-10-12,101,142,HOBBIES
P08,HOBBIES_1_371,2013-10-13,110,142,HOBBIES
P08,HOBBIES_1_371,2013-10-14,108,142,HOBBIES
P08,HOBBIES_1_371,2013-10-15,62,142,HOBBIES
P08,HOBBIES_1_371,2013-10-16,45,142,HOBBIES
P08,HOBBIES_1_371,2013-10-17,141,142,HOBBIES
P08,HOBBIES_1_371,2013-10-18,89,142,HOBBIES
P08,HOBBIES_1_371,2013-10-19,93,143,HOBBIES
P08,HOBBIES_1_371,2013-10-20,135,143,HOBBIES
P08,HOBBIES_1_371,2013-10-21,42,143,HOBBIES
P08,HOBBIES_1_371,2013-10-22,56,143,HOBBIES
P08,HOBBIES_1_371,2013-10-23,72,143,HOBBIES
P08,HOBBIES_1_371,2013-10-24,90,143,HOBBIES
P08,HOBBIES_1_371,2013-10-25,42,143,HOBBIES
P08,HOBBIES_1_371,2013-10-26,106,144,HOBBIES
P08,HOBBIES_1_371,2013-10-27,47,144,HOBBIES
P08,HOBBIES_1_371,2013-10-28,86,144,HOBBIES
P08,HOBBIES_1_371,2013-10-29,126,144,HOBBIES
P08,HOBBIES_1_371,2013-10-30,61,144,HOBBIES
P08,HOBBIES_1_371,2013-10-31,50,144,HOBBIES
P08,HOBBIES_1_371,2013-11-01,111,144,HOBBIES
P08,HOBBIES_1_371,2013-11-02,148,145,HOBBIES
P08,HOBBIES_1_371,2013-11-03,103,145,HOBBIES
P08,HOBBIES_1_371,2013-11-04,93,145,HOBBIES
P08,HOBBIES_1_371,2013-11-05,95,145,HOBBIES
P08,HOBBIES_1_371,2013-11-06,60,145,HOBBIES
P08,HOBBIES_1_371,2013-11-07,78,145,HOBBIES
P08,HOBBIES_1_371,2013-11-08,84,145,HOBBIES
P08,HOBBIES_1_371,2013-11-09,151,146,HOBBIES
P08,HOBBIES_1_371,2013-11-10,98,146,HOBBIES
P08,HOBBIES_1_371,2013-11-11,44,146,HOBBIES
P08,HOBBIES_1_371,2013-11-12,147,146,HOBBIES
P08,HOBBIES_1_371,2013-11-13,57,146,HOBBIES
P08,HOBBIES_1_371,2013-11-14,51,146,HOBBIES
P08,HOBBIES_1_371,2013-11-15,77,146,HOBBIES
P08,HOBBIES_1_371,2013-11-16,125,147,HOBBIES
P08,HOBBIES_1_371,2013-11-17,74,147,HOBBIES
P08,HOBBIES_1_371,2013-11-18,88,147,HOBBIES
P08,HOBBIES_1_371,2013-11-19,96,147,HOBBIES
P08,HOBBIES_1_371,2013-11-20,121,147,HOBBIES
P08,HOBBIES_1_371,2013-11-21,76,147,HOBBIES
P08,HOBBIES_1_371,2013-11-22,105,147,HOBBIES
P08,HOBBIES_1_371,2013-11-23,101,148,HOBBIES
P08,HOBBIES_1_371,2013-11-24,90,148,HOBBIES
P08,HOBBIES_1_371,2013-11-25,77,148,HOBBIES
P08,HOBBIES_1_371,2013-11-26,60,148,HOBBIES
P08,HOBBIES_1_371,2013-11-27,82,148,HOBBIES
P08,HOBBIES_1_371,2013-11-28,17,148,HOBBIES
P08,HOBBIES_1_371,2013-11-29,63,148,HOBBIES
P08,HOBBIES_1_371,2013-11-30,124,149,HOBBIES
P08,HOBBIES_1_371,2013-12-01,78,149,HOBBIES
P08,HOBBIES_1_371,2013-12-02,120,149,HOBBIES
P08,HOBBIES_1_371,2013-12-03,64,149,HOBBIES
P08,HOBBIES_1_371,2013-12-04,70,149,HOBBIES
P08,HOBBIES_1_371,2013-12-05,81,149,HOBBIES
P08,HOBBIES_1_371,2013-12-06,125,149,HOBBIES
P08,HOBBIES_1_371,2013-12-07,150,150,HOBBIES
P08,HOBBIES_1_371,2013-12-08,63,150,HOBBIES
P08,HOBBIES_1_371,2013-12-09,24,150,HOBBIES
P08,HOBBIES_1_371,2013-12-10,57,150,HOBBIES
P08,HOBBIES_1_371,2013-12-11,130,150,HOBBIES
P08,HOBBIES_1_371,2013-12-12,55,150,HOBBIES
P08,HOBBIES_1_371,2013-12-13,83,150,HOBBIES
P08,HOBBIES_1_371,2013-12-14,73,151,HOBBIES
P08,HOBBIES_1_371,2013-12-15,82,151,HOBBIES
P08,HOBBIES_1_371,2013-12-16,74,151,HOBBIES
P08,HOBBIES_1_371,2013-12-17,87,151,HOBBIES
P08,HOBBIES_1_371,2013-12-18,120,151,HOBBIES
P08,HOBBIES_1_371,2013-12-19,50,151,HOBBIES
P08,HOBBIES_1_371,2013-12-20,62,151,HOBBIES
P08,HOBBIES_1_371,2013-12-21,121,152,HOBBIES
P08,HOBBIES_1_371,2013-12-22,95,152,HOBBIES
P08,HOBBIES_1_371,2013-12-23,30,152,HOBBIES
P08,HOBBIES_1_371,2013-12-24,50,152,HOBBIES
P08,HOBBIES_1_371,2013-12-25,0,152,HOBBIES
P08,HOBBIES_1_371,2013-12-26,93,152,HOBBIES
P08,HOBBIES_1_371,2013-12-27,101,152,HOBBIES
P08,HOBBIES_1_371,2013-12-28,72,153,HOBBIES
P08,HOBBIES_1_371,2013-12-29,71,153,HOBBIES
P08,HOBBIES_1_371,2013-12-30,82,153,HOBBIES
P08,HOBBIES_1_371,2013-12-31,41,153,HOBBIES
P08,HOBBIES_1_371,2014-01-01,55,153,HOBBIES
P08,HOBBIES_1_371,2014-01-02,85,153,HOBBIES
P08,HOBBIES_1_371,2014-01-03,93,153,HOBBIES
P08,HOBBIES_1_371,2014-01-04,165,154,HOBBIES
P08,HOBBIES_1_371,2014-01-05,119,154,HOBBIES
P08,HOBBIES_1_371,2014-01-06,86,154,HOBBIES
P08,HOBBIES_1_371,2014-01-07,103,154,HOBBIES
P08,HOBBIES_1_371,2014-01-08,68,154,HOBBIES
P08,HOBBIES_1_371,2014-01-09,60,154,HOBBIES
P08,HOBBIES_1_371,2014-01-10,58,154,HOBBIES
P08,HOBBIES_1_371,2014-01-11,131,155,HOBBIES
P08,HOBBIES_1_371,2014-01-12,93,155,HOBBIES
P08,HOBBIES_1_371,2014-01-13,56,155,HOBBIES
P08,HOBBIES_1_371,2014-01-14,51,155,HOBBIES
P08,HOBBIES_1_371,2014-01-15,63,155,HOBBIES
P08,HOBBIES_1_371,2014-01-16,60,155,HOBBIES
P08,HOBBIES_1_371,2014-01-17,107,155,HOBBIES
P08,HOBBIES_1_371,2014-01-18,90,156,HOBBIES
P08,HOBBIES_1_371,2014-01-19,37,156,HOBBIES
P08,HOBBIES_1_371,2014-01-20,114,156,HOBBIES
P08,HOBBIES_1_371,2014-01-21,60,156,HOBBIES
P08,HOBBIES_1_371,2014-01-22,73,156,HOBBIES
P08,HOBBIES_1_371,2014-01-23,59,156,HOBBIES
P08,HOBBIES_1_371,2014-01-24,72,156,HOBBIES
P08,HOBBIES_1_371,2014-01-25,38,157,HOBBIES
P08,HOBBIES_1_371,2014-01-26,71,157,HOBBIES
P08,HOBBIES_1_371,2014-01-27,53,157,HOBBIES
P08,HOBBIES_1_371,2014-01-28,54,157,HOBBIES
P08,HOBBIES_1_371,2014-01-29,60,157,HOBBIES
P08,HOBBIES_1_371,2014-01-30,101,157,HOBBIES
P08,HOBBIES_1_371,2014-01-31,131,157,HOBBIES
P08,HOBBIES_1_371,2014-02-01,127,158,HOBBIES
P08,HOBBIES_1_371,2014-02-02,69,158,HOBBIES
P08,HOBBIES_1_371,2014-02-03,60,158,HOBBIES
P08,HOBBIES_1_371,2014-02-04,92,158,HOBBIES
P08,HOBBIES_1_371,2014-02-05,70,158,HOBBIES
P08,HOBBIES_1_371,2014-02-06,81,158,HOBBIES
P08,HOBBIES_1_371,2014-02-07,149,158,HOBBIES
P08,HOBBIES_1_371,2014-02-08,117,159,HOBBIES
P08,HOBBIES_1_371,2014-02-09,55,159,HOBBIES
P08,HOBBIES_1_371,2014-02-10,22,159,HOBBIES
P08,HOBBIES_1_371,2014-02-11,43,159,HOBBIES
P08,HOBBIES_1_371,2014-02-12,98,159,HOBBIES
P08,HOBBIES_1_371,2014-02-13,79,159,HOBBIES
P08,HOBBIES_1_371,2014-02-14,66,159,HOBBIES
P08,HOBBIES_1_371,2014-02-15,122,160,HOBBIES
P08,HOBBIES_1_371,2014-02-16,47,160,HOBBIES
P08,HOBBIES_1_371,2014-02-17,65,160,HOBBIES
P08,HOBBIES_1_371,2014-02-18,101,160,HOBBIES
P08,HOBBIES_1_371,2014-02-19,69,160,HOBBIES
P08,HOBBIES_1_371,2014-02-20,110,160,HOBBIES
P08,HOBBIES_1_371,2014-02-21,66,160,HOBBIES
P08,HOBBIES_1_371,2014-02-22,69,161,HOBBIES
P08,HOBBIES_1_371,2014-02-23,79,161,HOBBIES
P08,HOBBIES_1_371,2014-02-24,88,161,HOBBIES
P08,HOBBIES_1_371,2014-02-25,109,161,HOBBIES
P08,HOBBIES_1_371,2014-02-26,43,161,HOBBIES
P08,HOBBIES_1_371,2014-02-27,61,161,HOBBIES
P08,HOBBIES_1_371,2014-02-28,90,161,HOBBIES
P08,HOBBIES_1_371,2014-03-01,143,162,HOBBIES
P08,HOBBIES_1_371,2014-03-02,70,162,HOBBIES
P08,HOBBIES_1_371,2014-03-03,70,162,HOBBIES
P08,HOBBIES_1_371,2014-03-04,41,162,HOBBIES
P08,HOBBIES_1_371,2014-03-05,54,162,HOBBIES
P08,HOBBIES_1_371,2014-03-06,108,162,HOBBIES
P08,HOBBIES_1_371,2014-03-07,82,162,HOBBIES
P08,HOBBIES_1_371,2014-03-08,97,163,HOBBIES
P08,HOBBIES_1_371,2014-03-09,67,163,HOBBIES
P08,HOBBIES_1_371,2014-03-10,57,163,HOBBIES
P08,HOBBIES_1_371,2014-03-11,21,163,HOBBIES
P08,HOBBIES_1_371,2014-03-12,55,163,HOBBIES
P08,HOBBIES_1_371,2014-03-13,69,163,HOBBIES
P08,HOBBIES_1_371,2014-03-14,95,163,HOBBIES
P08,HOBBIES_1_371,2014-03-15,106,164,HOBBIES
P08,HOBBIES_1_371,2014-03-16,79,164,HOBBIES
P08,HOBBIES_1_371,2014-03-17,53,164,HOBBIES
P08,HOBBIES_1_371,2014-03-18,70,164,HOBBIES
P08,HOBBIES_1_371,2014-03-19,53,164,HOBBIES
P08,HOBBIES_1_371,2014-03-20,48,164,HOBBIES
P08,HOBBIES_1_371,2014-03-21,35,164,HOBBIES
P08,HOBBIES_1_371,2014-03-22,77,165,HOBBIES
P08,HOBBIES_1_371,2014-03-23,55,165,HOBBIES
P08,HOBBIES_1_371,2014-03-24,58,165,HOBBIES
P08,HOBBIES_1_371,2014-03-25,73,165,HOBBIES
P08,HOBBIES_1_371,2014-03-26,73,165,HOBBIES
P08,HOBBIES_1_371,2014-03-27,128,165,HOBBIES
P08,HOBBIES_1_371,2014-03-28,65,165,HOBBIES
P08,HOBBIES_1_371,2014-03-29,79,166,HOBBIES
P08,HOBBIES_1_371,2014-03-30,64,166,HOBBIES
P08,HOBBIES_1_371,2014-03-31,102,166,HOBBIES
P08,HOBBIES_1_371,2014-04-01,68,166,HOBBIES
P08,HOBBIES_1_371,2014-04-02,117,166,HOBBIES
P08,HOBBIES_1_371,2014-04-03,55,166,HOBBIES
P08,HOBBIES_1_371,2014-04-04,76,166,HOBBIES
P08,HOBBIES_1_371,2014-04-05,57,167,HOBBIES
P08,HOBBIES_1_371,2014-04-06,96,167,HOBBIES
P08,HOBBIES_1_371,2014-04-07,64,167,HOBBIES
P08,HOBBIES_1_371,2014-04-08,45,167,HOBBIES
P08,HOBBIES_1_371,2014-04-09,72,167,HOBBIES
P08,HOBBIES_1_371,2014-04-10,68,167,HOBBIES
P08,HOBBIES_1_371,2014-04-11,65,167,HOBBIES
P08,HOBBIES_1_371,2014-04-12,70,168,HOBBIES
P08,HOBBIES_1_371,2014-04-13,51,168,HOBBIES
P08,HOBBIES_1_371,2014-04-14,67,168,HOBBIES
P08,HOBBIES_1_371,2014-04-15,41,168,HOBBIES
P08,HOBBIES_1_371,2014-04-16,73,168,HOBBIES
P08,HOBBIES_1_371,2014-04-17,111,168,HOBBIES
P08,HOBBIES_1_371,2014-04-18,50,168,HOBBIES
P08,HOBBIES_1_371,2014-04-19,57,169,HOBBIES
P08,HOBBIES_1_371,2014-04-20,51,169,HOBBIES
P08,HOBBIES_1_371,2014-04-21,73,169,HOBBIES
P08,HOBBIES_1_371,2014-04-22,74,169,HOBBIES
P08,HOBBIES_1_371,2014-04-23,53,169,HOBBIES
P08,HOBBIES_1_371,2014-04-24,127,169,HOBBIES
P08,HOBBIES_1_371,2014-04-25,65,169,HOBBIES
P08,HOBBIES_1_371,2014-04-26,78,170,HOBBIES
P08,HOBBIES_1_371,2014-04-27,72,170,HOBBIES
P08,HOBBIES_1_371,2014-04-28,65,170,HOBBIES
P08,HOBBIES_1_371,2014-04-29,43,170,HOBBIES
P08,HOBBIES_1_371,2014-04-30,110,170,HOBBIES
P08,HOBBIES_1_371,2014-05-01,62,170,HOBBIES
P08,HOBBIES_1_371,2014-05-02,61,170,HOBBIES
P08,HOBBIES_1_371,2014-05-03,84,171,HOBBIES
P08,HOBBIES_1_371,2014-05-04,50,171,HOBBIES
P08,HOBBIES_1_371,2014-05-05,59,171,HOBBIES
P08,HOBBIES_1_371,2014-05-06,36,171,HOBBIES
P08,HOBBIES_1_371,2014-05-07,59,171,HOBBIES
P08,HOBBIES_1_371,2014-05-08,77,171,HOBBIES
P08,HOBBIES_1_371,2014-05-09,62,171,HOBBIES
P08,HOBBIES_1_371,2014-05-10,86,172,HOBBIES
P08,HOBBIES_1_371,2014-05-11,78,172,HOBBIES
P08,HOBBIES_1_371,2014-05-12,59,172,HOBBIES
P08,HOBBIES_1_371,2014-05-13,79,172,HOBBIES
P08,HOBBIES_1_371,2014-05-14,84,172,HOBBIES
P08,HOBBIES_1_371,2014-05-15,43,172,HOBBIES
P08,HOBBIES_1_371,2014-05-16,85,172,HOBBIES
P08,HOBBIES_1_371,2014-05-17,79,173,HOBBIES
P08,HOBBIES_1_371,2014-05-18,68,173,HOBBIES
P08,HOBBIES_1_371,2014-05-19,70,173,HOBBIES
P08,HOBBIES_1_371,2014-05-20,57,173,HOBBIES
P08,HOBBIES_1_371,2014-05-21,52,173,HOBBIES
P08,HOBBIES_1_371,2014-05-22,81,173,HOBBIES
P08,HOBBIES_1_371,2014-05-23,51,173,HOBBIES
P08,HOBBIES_1_371,2014-05-24,77,174,HOBBIES
P08,HOBBIES_1_371,2014-05-25,76,174,HOBBIES
P08,HOBBIES_1_371,2014-05-26,67,174,HOBBIES
P08,HOBBIES_1_371,2014-05-27,74,174,HOBBIES
P08,HOBBIES_1_371,2014-05-28,41,174,HOBBIES
P08,HOBBIES_1_371,2014-05-29,54,174,HOBBIES
P08,HOBBIES_1_371,2014-05-30,81,174,HOBBIES
P08,HOBBIES_1_371,2014-05-31,35,175,HOBBIES
P08,HOBBIES_1_371,2014-06-01,65,175,HOBBIES
P08,HOBBIES_1_371,2014-06-02,91,175,HOBBIES
P08,HOBBIES_1_371,2014-06-03,85,175,HOBBIES
P08,HOBBIES_1_371,2014-06-04,91,175,HOBBIES
P08,HOBBIES_1_371,2014-06-05,65,175,HOBBIES
P08,HOBBIES_1_371,2014-06-06,55,175,HOBBIES
P08,HOBBIES_1_371,2014-06-07,64,176,HOBBIES
P08,HOBBIES_1_371,2014-06-08,45,176,HOBBIES
P08,HOBBIES_1_371,2014-06-09,34,176,HOBBIES
P08,HOBBIES_1_371,2014-06-10,97,176,HOBBIES
P08,HOBBIES_1_371,2014-06-11,30,176,HOBBIES
P08,HOBBIES_1_371,2014-06-12,89,176,HOBBIES
P08,HOBBIES_1_371,2014-06-13,50,176,HOBBIES
P08,HOBBIES_1_371,2014-06-14,101,177,HOBBIES
P08,HOBBIES_1_371,2014-06-15,74,177,HOBBIES
P08,HOBBIES_1_371,2014-06-16,82,177,HOBBIES
P08,HOBBIES_1_371,2014-06-17,93,177,HOBBIES
P08,HOBBIES_1_371,2014-06-18,73,177,HOBBIES
P08,HOBBIES_1_371,2014-06-19,58,177,HOBBIES
P08,HOBBIES_1_371,2014-06-20,65,177,HOBBIES
P08,HOBBIES_1_371,2014-06-21,117,178,HOBBIES
P08,HOBBIES_1_371,2014-06-22,103,178,HOBBIES
P08,HOBBIES_1_371,2014-06-23,63,178,HOBBIES
P08,HOBBIES_1_371,2014-06-24,64,178,HOBBIES
P08,HOBBIES_1_371,2014-06-25,33,178,HOBBIES
P08,HOBBIES_1_371,2014-06-26,82,178,HOBBIES
P08,HOBBIES_1_371,2014-06-27,67,178,HOBBIES
P08,HOBBIES_1_371,2014-06-28,82,179,HOBBIES
P08,HOBBIES_1_371,2014-06-29,49,179,HOBBIES
P08,HOBBIES_1_371,2014-06-30,71,179,HOBBIES
P08,HOBBIES_1_371,2014-07-01,51,179,HOBBIES
P08,HOBBIES_1_371,2014-07-02,73,179,HOBBIES
P08,HOBBIES_1_371,2014-07-03,101,179,HOBBIES
P08,HOBBIES_1_371,2014-07-04,18,179,HOBBIES
P08,HOBBIES_1_371,2014-07-05,65,180,HOBBIES
P08,HOBBIES_1_371,2014-07-06,107,180,HOBBIES
P08,HOBBIES_1_371,2014-07-07,30,180,HOBBIES
P08,HOBBIES_1_371,2014-07-08,102,180,HOBBIES
P08,HOBBIES_1_371,2014-07-09,92,180,HOBBIES
P08,HOBBIES_1_371,2014-07-10,78,180,HOBBIES
P08,HOBBIES_1_371,2014-07-11,56,180,HOBBIES
P08,HOBBIES_1_371,2014-07-12,69,181,HOBBIES
P08,HOBBIES_1_371,2014-07-13,39,181,HOBBIES
P08,HOBBIES_1_371,2014-07-14,47,181,HOBBIES
P08,HOBBIES_1_371,2014-07-15,39,181,HOBBIES
P08,HOBBIES_1_371,2014-07-16,75,181,HOBBIES
P08,HOBBIES_1_371,2014-07-17,74,181,HOBBIES
P08,HOBBIES_1_371,2014-07-18,69,181,HOBBIES
P08,HOBBIES_1_371,2014-07-19,79,182,HOBBIES
P08,HOBBIES_1_371,2014-07-20,61,182,HOBBIES
P08,HOBBIES_1_371,2014-07-21,40,182,HOBBIES
P08,HOBBIES_1_371,2014-07-22,45,182,HOBBIES
P08,HOBBIES_1_371,2014-07-23,70,182,HOBBIES
P08,HOBBIES_1_371,2014-07-24,49,182,HOBBIES
P08,HOBBIES_1_371,2014-07-25,60,182,HOBBIES
P08,HOBBIES_1_371,2014-07-26,34,183,HOBBIES
P08,HOBBIES_1_371,2014-07-27,55,183,HOBBIES
P08,HOBBIES_1_371,2014-07-28,57,183,HOBBIES
P08,HOBBIES_1_371,2014-07-29,81,183,HOBBIES
P08,HOBBIES_1_371,2014-07-30,45,183,HOBBIES
P08,HOBBIES_1_371,2014-07-31,47,183,HOBBIES
P08,HOBBIES_1_371,2014-08-01,48,183,HOBBIES
P08,HOBBIES_1_371,2014-08-02,113,184,HOBBIES
P08,HOBBIES_1_371,2014-08-03,70,184,HOBBIES
P08,HOBBIES_1_371,2014-08-04,37,184,HOBBIES
P08,HOBBIES_1_371,2014-08-05,61,184,HOBBIES
P08,HOBBIES_1_371,2014-08-06,59,184,HOBBIES
P08,HOBBIES_1_371,2014-08-07,52,184,HOBBIES
P08,HOBBIES_1_371,2014-08-08,54,184,HOBBIES
P08,HOBBIES_1_371,2014-08-09,81,185,HOBBIES
P08,HOBBIES_1_371,2014-08-10,71,185,HOBBIES
P08,HOBBIES_1_371,2014-08-11,72,185,HOBBIES
P08,HOBBIES_1_371,2014-08-12,65,185,HOBBIES
P08,HOBBIES_1_371,2014-08-13,58,185,HOBBIES
P08,HOBBIES_1_371,2014-08-14,54,185,HOBBIES
P08,HOBBIES_1_371,2014-08-15,80,185,HOBBIES
P08,HOBBIES_1_371,2014-08-16,61,186,HOBBIES
P08,HOBBIES_1_371,2014-08-17,72,186,HOBBIES
P08,HOBBIES_1_371,2014-08-18,78,186,HOBBIES
P08,HOBBIES_1_371,2014-08-19,24,186,HOBBIES
P08,HOBBIES_1_371,2014-08-20,68,186,HOBBIES
P08,HOBBIES_1_371,2014-08-21,73,186,HOBBIES
P08,HOBBIES_1_371,2014-08-22,59,186,HOBBIES
P08,HOBBIES_1_371,2014-08-23,75,187,HOBBIES
P08,HOBBIES_1_371,2014-08-24,33,187,HOBBIES
P08,HOBBIES_1_371,2014-08-25,62,187,HOBBIES
P08,HOBBIES_1_371,2014-08-26,43,187,HOBBIES
P08,HOBBIES_1_371,2014-08-27,47,187,HOBBIES
P08,HOBBIES_1_371,2014-08-28,67,187,HOBBIES
P08,HOBBIES_1_371,2014-08-29,87,187,HOBBIES
P08,HOBBIES_1_371,2014-08-30,90,188,HOBBIES
P08,HOBBIES_1_371,2014-08-31,48,188,HOBBIES
P08,HOBBIES_1_371,2014-09-01,63,188,HOBBIES
P08,HOBBIES_1_371,2014-09-02,58,188,HOBBIES
P08,HOBBIES_1_371,2014-09-03,81,188,HOBBIES
P08,HOBBIES_1_371,2014-09-04,61,188,HOBBIES
P08,HOBBIES_1_371,2014-09-05,111,188,HOBBIES
P08,HOBBIES_1_371,2014-09-06,75,189,HOBBIES
P08,HOBBIES_1_371,2014-09-07,43,189,HOBBIES
P08,HOBBIES_1_371,2014-09-08,48,189,HOBBIES
P08,HOBBIES_1_371,2014-09-09,51,189,HOBBIES
P08,HOBBIES_1_371,2014-09-10,41,189,HOBBIES
P08,HOBBIES_1_371,2014-09-11,88,189,HOBBIES
P08,HOBBIES_1_371,2014-09-12,77,189,HOBBIES
P08,HOBBIES_1_371,2014-09-13,61,190,HOBBIES
P08,HOBBIES_1_371,2014-09-14,66,190,HOBBIES
P08,HOBBIES_1_371,2014-09-15,65,190,HOBBIES
P08,HOBBIES_1_371,2014-09-16,55,190,HOBBIES
P08,HOBBIES_1_371,2014-09-17,58,190,HOBBIES
P08,HOBBIES_1_371,2014-09-18,76,190,HOBBIES
P08,HOBBIES_1_371,2014-09-19,58,190,HOBBIES
P08,HOBBIES_1_371,2014-09-20,90,191,HOBBIES
P08,HOBBIES_1_371,2014-09-21,97,191,HOBBIES
P08,HOBBIES_1_371,2014-09-22,39,191,HOBBIES
P08,HOBBIES_1_371,2014-09-23,55,191,HOBBIES
P08,HOBBIES_1_371,2014-09-24,53,191,HOBBIES
P08,HOBBIES_1_371,2014-09-25,107,191,HOBBIES
P08,HOBBIES_1_371,2014-09-26,65,191,HOBBIES
P08,HOBBIES_1_371,2014-09-27,68,192,HOBBIES
P08,HOBBIES_1_371,2014-09-28,84,192,HOBBIES
P08,HOBBIES_1_371,2014-09-29,113,192,HOBBIES
P08,HOBBIES_1_371,2014-09-30,83,192,HOBBIES
P08,HOBBIES_1_371,2014-10-01,83,192,HOBBIES
P08,HOBBIES_1_371,2014-10-02,65,192,HOBBIES
P08,HOBBIES_1_371,2014-10-03,58,192,HOBBIES
P08,HOBBIES_1_371,2014-10-04,70,193,HOBBIES
P08,HOBBIES_1_371,2014-10-05,42,193,HOBBIES
P08,HOBBIES_1_371,2014-10-06,77,193,HOBBIES
P08,HOBBIES_1_371,2014-10-07,51,193,HOBBIES
P08,HOBBIES_1_371,2014-10-08,102,193,HOBBIES
P08,HOBBIES_1_371,2014-10-09,45,193,HOBBIES
P08,HOBBIES_1_371,2014-10-10,82,193,HOBBIES
P08,HOBBIES_1_371,2014-10-11,105,194,HOBBIES
P08,HOBBIES_1_371,2014-10-12,76,194,HOBBIES
P08,HOBBIES_1_371,2014-10-13,52,194,HOBBIES
P08,HOBBIES_1_371,2014-10-14,71,194,HOBBIES
P08,HOBBIES_1_371,2014-10-15,68,194,HOBBIES
P08,HOBBIES_1_371,2014-10-16,77,194,HOBBIES
P08,HOBBIES_1_371,2014-10-17,95,194,HOBBIES
P08,HOBBIES_1_371,2014-10-18,77,195,HOBBIES
P08,HOBBIES_1_371,2014-10-19,22,195,HOBBIES
P08,HOBBIES_1_371,2014-10-20,94,195,HOBBIES
P08,HOBBIES_1_371,2014-10-21,72,195,HOBBIES
P08,HOBBIES_1_371,2014-10-22,57,195,HOBBIES
P08,HOBBIES_1_371,2014-10-23,93,195,HOBBIES
P08,HOBBIES_1_371,2014-10-24,39,195,HOBBIES
P08,HOBBIES_1_371,2014-10-25,91,196,HOBBIES
P08,HOBBIES_1_371,2014-10-26,66,196,HOBBIES
P08,HOBBIES_1_371,2014-10-27,53,196,HOBBIES
P08,HOBBIES_1_371,2014-10-28,103,196,HOBBIES
P08,HOBBIES_1_371,2014-10-29,52,196,HOBBIES
P08,HOBBIES_1_371,2014-10-30,78,196,HOBBIES
P08,HOBBIES_1_371,2014-10-31,46,196,HOBBIES
P08,HOBBIES_1_371,2014-11-01,119,197,HOBBIES
P08,HOBBIES_1_371,2014-11-02,45,197,HOBBIES
P08,HOBBIES_1_371,2014-11-03,114,197,HOBBIES
P08,HOBBIES_1_371,2014-11-04,73,197,HOBBIES
P08,HOBBIES_1_371,2014-11-05,46,197,HOBBIES
P08,HOBBIES_1_371,2014-11-06,70,197,HOBBIES
P08,HOBBIES_1_371,2014-11-07,86,197,HOBBIES
P08,HOBBIES_1_371,2014-11-08,59,198,HOBBIES
P08,HOBBIES_1_371,2014-11-09,58,198,HOBBIES
P08,HOBBIES_1_371,2014-11-10,59,198,HOBBIES
P08,HOBBIES_1_371,2014-11-11,61,198,HOBBIES
P08,HOBBIES_1_371,2014-11-12,70,198,HOBBIES
P08,HOBBIES_1_371,2014-11-13,58,198,HOBBIES
P08,HOBBIES_1_371,2014-11-14,71,198,HOBBIES
P08,HOBBIES_1_371,2014-11-15,81,199,HOBBIES
P08,HOBBIES_1_371,2014-11-16,41,199,HOBBIES
P08,HOBBIES_1_371,2014-11-17,82,199,HOBBIES
P08,HOBBIES_1_371,2014-11-18,43,199,HOBBIES
P08,HOBBIES_1_371,2014-11-19,66,199,HOBBIES
P08,HOBBIES_1_371,2014-11-20,55,199,HOBBIES
P08,HOBBIES_1_371,2014-11-21,105,199,HOBBIES
P08,HOBBIES_1_371,2014-11-22,56,200,HOBBIES
P08,HOBBIES_1_371,2014-11-23,56,200,HOBBIES
P08,HOBBIES_1_371,2014-11-24,50,200,HOBBIES
P08,HOBBIES_1_371,2014-11-25,109,200,HOBBIES
P08,HOBBIES_1_371,2014-11-26,78,200,HOBBIES
P08,HOBBIES_1_371,2014-11-27,12,200,HOBBIES
P08,HOBBIES_1_371,2014-11-28,41,200,HOBBIES
P08,HOBBIES_1_371,2014-11-29,72,201,HOBBIES
P08,HOBBIES_1_371,2014-11-30,33,201,HOBBIES
P08,HOBBIES_1_371,2014-12-01,129,201,HOBBIES
P08,HOBBIES_1_371,2014-12-02,78,201,HOBBIES
P08,HOBBIES_1_371,2014-12-03,37,201,HOBBIES
P08,HOBBIES_1_371,2014-12-04,81,201,HOBBIES
P08,HOBBIES_1_371,2014-12-05,77,201,HOBBIES
P08,HOBBIES_1_371,2014-12-06,73,202,HOBBIES
P08,HOBBIES_1_371,2014-12-07,62,202,HOBBIES
P08,HOBBIES_1_371,2014-12-08,50,202,HOBBIES
P08,HOBBIES_1_371,2014-12-09,76,202,HOBBIES
P08,HOBBIES_1_371,2014-12-10,58,202,HOBBIES
P08,HOBBIES_1_371,2014-12-11,16,202,HOBBIES
P08,HOBBIES_1_371,2014-12-12,69,202,HOBBIES
P08,HOBBIES_1_371,2014-12-13,50,203,HOBBIES
P08,HOBBIES_1_371,2014-12-14,49,203,HOBBIES
P08,HOBBIES_1_371,2014-12-15,94,203,HOBBIES
P08,HOBBIES_1_371,2014-12-16,114,203,HOBBIES
P08,HOBBIES_1_371,2014-12-17,56,203,HOBBIES
P08,HOBBIES_1_371,2014-12-18,43,203,HOBBIES
P08,HOBBIES_1_371,2014-12-19,49,203,HOBBIES
P08,HOBBIES_1_371,2014-12-20,92,204,HOBBIES
P08,HOBBIES_1_371,2014-12-21,52,204,HOBBIES
P08,HOBBIES_1_371,2014-12-22,27,204,HOBBIES
P08,HOBBIES_1_371,2014-12-23,89,204,HOBBIES
P08,HOBBIES_1_371,2014-12-24,47,204,HOBBIES
P08,HOBBIES_1_371,2014-12-25,0,204,HOBBIES
P08,HOBBIES_1_371,2014-12-26,49,204,HOBBIES
P08,HOBBIES_1_371,2014-12-27,58,205,HOBBIES
P08,HOBBIES_1_371,2014-12-28,38,205,HOBBIES
P08,HOBBIES_1_371,2014-12-29,60,205,HOBBIES
P08,HOBBIES_1_371,2014-12-30,56,205,HOBBIES
P08,HOBBIES_1_371,2014-12-31,86,205,HOBBIES
P08,HOBBIES_1_371,2015-01-01,34,205,HOBBIES
P08,HOBBIES_1_371,2015-01-02,137,205,HOBBIES
P08,HOBBIES_1_371,2015-01-03,33,206,HOBBIES
P08,HOBBIES_1_371,2015-01-04,32,206,HOBBIES
P08,HOBBIES_1_371,2015-01-05,58,206,HOBBIES
P08,HOBBIES_1_371,2015-01-06,101,206,HOBBIES
P08,HOBBIES_1_371,2015-01-07,72,206,HOBBIES
P08,HOBBIES_1_371,2015-01-08,42,206,HOBBIES
P08,HOBBIES_1_371,2015-01-09,48,206,HOBBIES
P08,HOBBIES_1_371,2015-01-10,51,207,HOBBIES
P08,HOBBIES_1_371,2015-01-11,49,207,HOBBIES
P08,HOBBIES_1_371,2015-01-12,39,207,HOBBIES
P08,HOBBIES_1_371,2015-01-13,62,207,HOBBIES
P08,HOBBIES_1_371,2015-01-14,85,207,HOBBIES
P08,HOBBIES_1_371,2015-01-15,58,207,HOBBIES
P08,HOBBIES_1_371,2015-01-16,88,207,HOBBIES
P08,HOBBIES_1_371,2015-01-17,95,208,HOBBIES
P08,HOBBIES_1_371,2015-01-18,43,208,HOBBIES
P08,HOBBIES_1_371,2015-01-19,74,208,HOBBIES
P08,HOBBIES_1_371,2015-01-20,52,208,HOBBIES
P08,HOBBIES_1_371,2015-01-21,60,208,HOBBIES
P08,HOBBIES_1_371,2015-01-22,47,208,HOBBIES
P08,HOBBIES_1_371,2015-01-23,43,208,HOBBIES
P08,HOBBIES_1_371,2015-01-24,94,209,HOBBIES
P08,HOBBIES_1_371,2015-01-25,51,209,HOBBIES
P08,HOBBIES_1_371,2015-01-26,39,209,HOBBIES
P08,HOBBIES_1_371,2015-01-27,62,209,HOBBIES
P08,HOBBIES_1_371,2015-01-28,51,209,HOBBIES
P08,HOBBIES_1_371,2015-01-29,47,209,HOBBIES
P08,HOBBIES_1_371,2015-01-30,81,209,HOBBIES
P08,HOBBIES_1_371,2015-01-31,88,210,HOBBIES
P08,HOBBIES_1_371,2015-02-01,29,210,HOBBIES
P08,HOBBIES_1_371,2015-02-02,47,210,HOBBIES
P08,HOBBIES_1_371,2015-02-03,56,210,HOBBIES
P08,HOBBIES_1_371,2015-02-04,66,210,HOBBIES
P08,HOBBIES_1_371,2015-02-05,99,210,HOBBIES
P08,HOBBIES_1_371,2015-02-06,72,210,HOBBIES
P08,HOBBIES_1_371,2015-02-07,100,211,HOBBIES
P08,HOBBIES_1_371,2015-02-08,54,211,HOBBIES
P08,HOBBIES_1_371,2015-02-09,75,211,HOBBIES
P08,HOBBIES_1_371,2015-02-10,80,211,HOBBIES
P08,HOBBIES_1_371,2015-02-11,58,211,HOBBIES
P08,HOBBIES_1_371,2015-02-12,78,211,HOBBIES
P08,HOBBIES_1_371,2015-02-13,54,211,HOBBIES
P08,HOBBIES_1_371,2015-02-14,50,212,HOBBIES
P08,HOBBIES_1_371,2015-02-15,73,212,HOBBIES
P08,HOBBIES_1_371,2015-02-16,56,212,HOBBIES
P08,HOBBIES_1_371,2015-02-17,40,212,HOBBIES
P08,HOBBIES_1_371,2015-02-18,52,212,HOBBIES
P08,HOBBIES_1_371,2015-02-19,50,212,HOBBIES
P08,HOBBIES_1_371,2015-02-20,51,212,HOBBIES
P08,HOBBIES_1_371,2015-02-21,52,213,HOBBIES
P08,HOBBIES_1_371,2015-02-22,52,213,HOBBIES
P08,HOBBIES_1_371,2015-02-23,61,213,HOBBIES
P08,HOBBIES_1_371,2015-02-24,34,213,HOBBIES
P08,HOBBIES_1_371,2015-02-25,63,213,HOBBIES
P08,HOBBIES_1_371,2015-02-26,41,213,HOBBIES
P08,HOBBIES_1_371,2015-02-27,84,213,HOBBIES
P08,HOBBIES_1_371,2015-02-28,45,214,HOBBIES
P08,HOBBIES_1_371,2015-03-01,100,214,HOBBIES
P08,HOBBIES_1_371,2015-03-02,57,214,HOBBIES
P08,HOBBIES_1_371,2015-03-03,74,214,HOBBIES
P08,HOBBIES_1_371,2015-03-04,85,214,HOBBIES
P08,HOBBIES_1_371,2015-03-05,90,214,HOBBIES
P08,HOBBIES_1_371,2015-03-06,75,214,HOBBIES
P08,HOBBIES_1_371,2015-03-07,59,215,HOBBIES
P08,HOBBIES_1_371,2015-03-08,48,215,HOBBIES
P08,HOBBIES_1_371,2015-03-09,56,215,HOBBIES
P08,HOBBIES_1_371,2015-03-10,58,215,HOBBIES
P08,HOBBIES_1_371,2015-03-11,50,215,HOBBIES
P08,HOBBIES_1_371,2015-03-12,56,215,HOBBIES
P08,HOBBIES_1_371,2015-03-13,76,215,HOBBIES
P08,HOBBIES_1_371,2015-03-14,37,216,HOBBIES
P08,HOBBIES_1_371,2015-03-15,62,216,HOBBIES
P08,HOBBIES_1_371,2015-03-16,93,216,HOBBIES
P08,HOBBIES_1_371,2015-03-17,64,216,HOBBIES
P08,HOBBIES_1_371,2015-03-18,47,216,HOBBIES
P08,HOBBIES_1_371,2015-03-19,58,216,HOBBIES
P08,HOBBIES_1_371,2015-03-20,79,216,HOBBIES
P08,HOBBIES_1_371,2015-03-21,68,217,HOBBIES
P08,HOBBIES_1_371,2015-03-22,54,217,HOBBIES
P08,HOBBIES_1_371,2015-03-23,27,217,HOBBIES
P08,HOBBIES_1_371,2015-03-24,60,217,HOBBIES
P08,HOBBIES_1_371,2015-03-25,33,217,HOBBIES
P08,HOBBIES_1_371,2015-03-26,62,217,HOBBIES
P08,HOBBIES_1_371,2015-03-27,60,217,HOBBIES
P08,HOBBIES_1_371,2015-03-28,59,218,HOBBIES
P08,HOBBIES_1_371,2015-03-29,42,218,HOBBIES
P08,HOBBIES_1_371,2015-03-30,43,218,HOBBIES
P08,HOBBIES_1_371,2015-03-31,42,218,HOBBIES
P08,HOBBIES_1_371,2015-04-01,42,218,HOBBIES
P08,HOBBIES_1_371,2015-04-02,74,218,HOBBIES
P08,HOBBIES_1_371,2015-04-03,50,218,HOBBIES
P08,HOBBIES_1_371,2015-04-04,70,219,HOBBIES
P08,HOBBIES_1_371,2015-04-05,49,219,HOBBIES
P08,HOBBIES_1_371,2015-04-06,48,219,HOBBIES
P08,HOBBIES_1_371,2015-04-07,75,219,HOBBIES
P08,HOBBIES_1_371,2015-04-08,72,219,HOBBIES
P08,HOBBIES_1_371,2015-04-09,40,219,HOBBIES
P08,HOBBIES_1_371,2015-04-10,40,219,HOBBIES
P08,HOBBIES_1_371,2015-04-11,60,220,HOBBIES
P08,HOBBIES_1_371,2015-04-12,55,220,HOBBIES
P08,HOBBIES_1_371,2015-04-13,64,220,HOBBIES
P08,HOBBIES_1_371,2015-04-14,76,220,HOBBIES
P08,HOBBIES_1_371,2015-04-15,47,220,HOBBIES
P08,HOBBIES_1_371,2015-04-16,47,220,HOBBIES
P08,HOBBIES_1_371,2015-04-17,18,220,HOBBIES
P08,HOBBIES_1_371,2015-04-18,74,221,HOBBIES
P08,HOBBIES_1_371,2015-04-19,103,221,HOBBIES
P08,HOBBIES_1_371,2015-04-20,36,221,HOBBIES
P08,HOBBIES_1_371,2015-04-21,60,221,HOBBIES
P08,HOBBIES_1_371,2015-04-22,60,221,HOBBIES
P08,HOBBIES_1_371,2015-04-23,54,221,HOBBIES
P08,HOBBIES_1_371,2015-04-24,82,221,HOBBIES
P08,HOBBIES_1_371,2015-04-25,91,222,HOBBIES
P08,HOBBIES_1_371,2015-04-26,51,222,HOBBIES
P08,HOBBIES_1_371,2015-04-27,72,222,HOBBIES
P08,HOBBIES_1_371,2015-04-28,39,222,HOBBIES
P08,HOBBIES_1_371,2015-04-29,44,222,HOBBIES
P08,HOBBIES_1_371,2015-04-30,54,222,HOBBIES
P08,HOBBIES_1_371,2015-05-01,64,222,HOBBIES
P08,HOBBIES_1_371,2015-05-02,97,223,HOBBIES
P08,HOBBIES_1_371,2015-05-03,89,223,HOBBIES
P08,HOBBIES_1_371,2015-05-04,57,223,HOBBIES
P08,HOBBIES_1_371,2015-05-05,30,223,HOBBIES
P08,HOBBIES_1_371,2015-05-06,95,223,HOBBIES
P08,HOBBIES_1_371,2015-05-07,70,223,HOBBIES
P08,HOBBIES_1_371,2015-05-08,66,223,HOBBIES
P08,HOBBIES_1_371,2015-05-09,69,224,HOBBIES
P08,HOBBIES_1_371,2015-05-10,31,224,HOBBIES
P08,HOBBIES_1_371,2015-05-11,95,224,HOBBIES
P08,HOBBIES_1_371,2015-05-12,41,224,HOBBIES
P08,HOBBIES_1_371,2015-05-13,79,224,HOBBIES
P08,HOBBIES_1_371,2015-05-14,44,224,HOBBIES
P08,HOBBIES_1_371,2015-05-15,44,224,HOBBIES
P08,HOBBIES_1_371,2015-05-16,94,225,HOBBIES
P08,HOBBIES_1_371,2015-05-17,90,225,HOBBIES
P08,HOBBIES_1_371,2015-05-18,42,225,HOBBIES
P08,HOBBIES_1_371,2015-05-19,41,225,HOBBIES
P08,HOBBIES_1_371,2015-05-20,72,225,HOBBIES
P08,HOBBIES_1_371,2015-05-21,57,225,HOBBIES
P08,HOBBIES_1_371,2015-05-22,45,225,HOBBIES
P08,HOBBIES_1_371,2015-05-23,94,226,HOBBIES
P08,HOBBIES_1_371,2015-05-24,76,226,HOBBIES
P08,HOBBIES_1_371,2015-05-25,26,226,HOBBIES
P08,HOBBIES_1_371,2015-05-26,78,226,HOBBIES
P08,HOBBIES_1_371,2015-05-27,63,226,HOBBIES
P08,HOBBIES_1_371,2015-05-28,63,226,HOBBIES
P08,HOBBIES_1_371,2015-05-29,53,226,HOBBIES
P08,HOBBIES_1_371,2015-05-30,45,227,HOBBIES
P08,HOBBIES_1_371,2015-05-31,70,227,HOBBIES
P08,HOBBIES_1_371,2015-06-01,57,227,HOBBIES
P08,HOBBIES_1_371,2015-06-02,41,227,HOBBIES
P08,HOBBIES_1_371,2015-06-03,68,227,HOBBIES
P08,HOBBIES_1_371,2015-06-04,33,227,HOBBIES
P08,HOBBIES_1_371,2015-06-05,49,227,HOBBIES
P08,HOBBIES_1_371,2015-06-06,84,228,HOBBIES
P08,HOBBIES_1_371,2015-06-07,107,228,HOBBIES
P08,HOBBIES_1_371,2015-06-08,76,228,HOBBIES
P08,HOBBIES_1_371,2015-06-09,43,228,HOBBIES
P08,HOBBIES_1_371,2015-06-10,47,228,HOBBIES
P08,HOBBIES_1_371,2015-06-11,48,228,HOBBIES
P08,HOBBIES_1_371,2015-06-12,54,228,HOBBIES
P08,HOBBIES_1_371,2015-06-13,53,229,HOBBIES
P08,HOBBIES_1_371,2015-06-14,57,229,HOBBIES
P08,HOBBIES_1_371,2015-06-15,69,229,HOBBIES
P08,HOBBIES_1_371,2015-06-16,55,229,HOBBIES
P08,HOBBIES_1_371,2015-06-17,56,229,HOBBIES
P08,HOBBIES_1_371,2015-06-18,40,229,HOBBIES
P08,HOBBIES_1_371,2015-06-19,49,229,HOBBIES
P08,HOBBIES_1_371,2015-06-20,40,230,HOBBIES
P08,HOBBIES_1_371,2015-06-21,42,230,HOBBIES
P08,HOBBIES_1_371,2015-06-22,37,230,HOBBIES
P08,HOBBIES_1_371,2015-06-23,65,230,HOBBIES
P08,HOBBIES_1_371,2015-06-24,37,230,HOBBIES
P08,HOBBIES_1_371,2015-06-25,55,230,HOBBIES
P08,HOBBIES_1_371,2015-06-26,23,230,HOBBIES
P08,HOBBIES_1_371,2015-06-27,45,231,HOBBIES
P08,HOBBIES_1_371,2015-06-28,55,231,HOBBIES
P08,HOBBIES_1_371,2015-06-29,61,231,HOBBIES
P08,HOBBIES_1_371,2015-06-30,75,231,HOBBIES
P08,HOBBIES_1_371,2015-07-01,54,231,HOBBIES
P08,HOBBIES_1_371,2015-07-02,22,231,HOBBIES
P08,HOBBIES_1_371,2015-07-03,96,231,HOBBIES
P08,HOBBIES_1_371,2015-07-04,39,232,HOBBIES
P08,HOBBIES_1_371,2015-07-05,51,232,HOBBIES
P08,HOBBIES_1_371,2015-07-06,38,232,HOBBIES
P08,HOBBIES_1_371,2015-07-07,56,232,HOBBIES
P08,HOBBIES_1_371,2015-07-08,47,232,HOBBIES
P08,HOBBIES_1_371,2015-07-09,55,232,HOBBIES
P08,HOBBIES_1_371,2015-07-10,65,232,HOBBIES
P08,HOBBIES_1_371,2015-07-11,91,233,HOBBIES
P08,HOBBIES_1_371,2015-07-12,64,233,HOBBIES
P08,HOBBIES_1_371,2015-07-13,18,233,HOBBIES
P08,HOBBIES_1_371,2015-07-14,40,233,HOBBIES
P08,HOBBIES_1_371,2015-07-15,62,233,HOBBIES
P08,HOBBIES_1_371,2015-07-16,47,233,HOBBIES
P08,HOBBIES_1_371,2015-07-17,40,233,HOBBIES
P08,HOBBIES_1_371,2015-07-18,61,234,HOBBIES
P08,HOBBIES_1_371,2015-07-19,68,234,HOBBIES
P08,HOBBIES_1_371,2015-07-20,38,234,HOBBIES
P08,HOBBIES_1_371,2015-07-21,63,234,HOBBIES
P08,HOBBIES_1_371,2015-07-22,46,234,HOBBIES
P08,HOBBIES_1_371,2015-07-23,32,234,HOBBIES
P08,HOBBIES_1_371,2015-07-24,74,234,HOBBIES
P08,HOBBIES_1_371,2015-07-25,34,235,HOBBIES
P08,HOBBIES_1_371,2015-07-26,52,235,HOBBIES
P08,HOBBIES_1_371,2015-07-27,50,235,HOBBIES
P08,HOBBIES_1_371,2015-07-28,18,235,HOBBIES
P08,HOBBIES_1_371,2015-07-29,40,235,HOBBIES
P08,HOBBIES_1_371,2015-07-30,46,235,HOBBIES
P08,HOBBIES_1_371,2015-07-31,73,235,HOBBIES
P08,HOBBIES_1_371,2015-08-01,86,236,HOBBIES
P08,HOBBIES_1_371,2015-08-02,58,236,HOBBIES
P08,HOBBIES_1_371,2015-08-03,36,236,HOBBIES
P08,HOBBIES_1_371,2015-08-04,68,236,HOBBIES
P08,HOBBIES_1_371,2015-08-05,41,236,HOBBIES
P08,HOBBIES_1_371,2015-08-06,25,236,HOBBIES
P08,HOBBIES_1_371,2015-08-07,65,236,HOBBIES
P08,HOBBIES_1_371,2015-08-08,82,237,HOBBIES
P08,HOBBIES_1_371,2015-08-09,62,237,HOBBIES
P08,HOBBIES_1_371,2015-08-10,39,237,HOBBIES
P08,HOBBIES_1_371,2015-08-11,97,237,HOBBIES
P08,HOBBIES_1_371,2015-08-12,67,237,HOBBIES
P08,HOBBIES_1_371,2015-08-13,55,237,HOBBIES
P08,HOBBIES_1_371,2015-08-14,56,237,HOBBIES
P08,HOBBIES_1_371,2015-08-15,96,238,HOBBIES
P08,HOBBIES_1_371,2015-08-16,100,238,HOBBIES
P08,HOBBIES_1_371,2015-08-17,67,238,HOBBIES
P08,HOBBIES_1_371,2015-08-18,49,238,HOBBIES
P08,HOBBIES_1_371,2015-08-19,46,238,HOBBIES
P08,HOBBIES_1_371,2015-08-20,41,238,HOBBIES
P08,HOBBIES_1_371,2015-08-21,51,238,HOBBIES
P08,HOBBIES_1_371,2015-08-22,78,239,HOBBIES
P08,HOBBIES_1_371,2015-08-23,93,239,HOBBIES
P08,HOBBIES_1_371,2015-08-24,98,239,HOBBIES
P08,HOBBIES_1_371,2015-08-25,28,239,HOBBIES
P08,HOBBIES_1_371,2015-08-26,56,239,HOBBIES
P08,HOBBIES_1_371,2015-08-27,41,239,HOBBIES
P08,HOBBIES_1_371,2015-08-28,107,239,HOBBIES
P08,HOBBIES_1_371,2015-08-29,90,240,HOBBIES
P08,HOBBIES_1_371,2015-08-30,38,240,HOBBIES
P08,HOBBIES_1_371,2015-08-31,34,240,HOBBIES
P08,HOBBIES_1_371,2015-09-01,51,240,HOBBIES
P08,HOBBIES_1_371,2015-09-02,168,240,HOBBIES
P08,HOBBIES_1_371,2015-09-03,71,240,HOBBIES
P08,HOBBIES_1_371,2015-09-04,68,240,HOBBIES
P08,HOBBIES_1_371,2015-09-05,56,241,HOBBIES
P08,HOBBIES_1_371,2015-09-06,65,241,HOBBIES
P08,HOBBIES_1_371,2015-09-07,58,241,HOBBIES
P08,HOBBIES_1_371,2015-09-08,71,241,HOBBIES
P08,HOBBIES_1_371,2015-09-09,42,241,HOBBIES
P08,HOBBIES_1_371,2015-09-10,50,241,HOBBIES
P08,HOBBIES_1_371,2015-09-11,102,241,HOBBIES
P08,HOBBIES_1_371,2015-09-12,90,242,HOBBIES
P08,HOBBIES_1_371,2015-09-13,85,242,HOBBIES
P08,HOBBIES_1_371,2015-09-14,44,242,HOBBIES
P08,HOBBIES_1_371,2015-09-15,56,242,HOBBIES
P08,HOBBIES_1_371,2015-09-16,57,242,HOBBIES
P08,HOBBIES_1_371,2015-09-17,81,242,HOBBIES
P08,HOBBIES_1_371,2015-09-18,79,242,HOBBIES
P08,HOBBIES_1_371,2015-09-19,69,243,HOBBIES
P08,HOBBIES_1_371,2015-09-20,23,243,HOBBIES
P08,HOBBIES_1_371,2015-09-21,16,243,HOBBIES
P08,HOBBIES_1_371,2015-09-22,75,243,HOBBIES
P08,HOBBIES_1_371,2015-09-23,37,243,HOBBIES
P08,HOBBIES_1_371,2015-09-24,50,243,HOBBIES
P08,HOBBIES_1_371,2015-09-25,73,243,HOBBIES
P08,HOBBIES_1_371,2015-09-26,121,244,HOBBIES
P08,HOBBIES_1_371,2015-09-27,47,244,HOBBIES
P08,HOBBIES_1_371,2015-09-28,51,244,HOBBIES
P08,HOBBIES_1_371,2015-09-29,73,244,HOBBIES
P08,HOBBIES_1_371,2015-09-30,55,244,HOBBIES
P08,HOBBIES_1_371,2015-10-01,77,244,HOBBIES
P08,HOBBIES_1_371,2015-10-02,53,244,HOBBIES
P08,HOBBIES_1_371,2015-10-03,64,245,HOBBIES
P08,HOBBIES_1_371,2015-10-04,77,245,HOBBIES
P08,HOBBIES_1_371,2015-10-05,77,245,HOBBIES
P08,HOBBIES_1_371,2015-10-06,86,245,HOBBIES
P08,HOBBIES_1_371,2015-10-07,47,245,HOBBIES
P08,HOBBIES_1_371,2015-10-08,46,245,HOBBIES
P08,HOBBIES_1_371,2015-10-09,72,245,HOBBIES
P08,HOBBIES_1_371,2015-10-10,86,246,HOBBIES
P08,HOBBIES_1_371,2015-10-11,42,246,HOBBIES
P08,HOBBIES_1_371,2015-10-12,38,246,HOBBIES
P08,HOBBIES_1_371,2015-10-13,48,246,HOBBIES
P08,HOBBIES_1_371,2015-10-14,42,246,HOBBIES
P08,HOBBIES_1_371,2015-10-15,23,246,HOBBIES
P08,HOBBIES_1_371,2015-10-16,98,246,HOBBIES
P08,HOBBIES_1_371,2015-10-17,53,247,HOBBIES
P08,HOBBIES_1_371,2015-10-18,46,247,HOBBIES
P08,HOBBIES_1_371,2015-10-19,45,247,HOBBIES
P08,HOBBIES_1_371,2015-10-20,54,247,HOBBIES
P08,HOBBIES_1_371,2015-10-21,79,247,HOBBIES
P08,HOBBIES_1_371,2015-10-22,48,247,HOBBIES
P08,HOBBIES_1_371,2015-10-23,48,247,HOBBIES
P08,HOBBIES_1_371,2015-10-24,94,248,HOBBIES
P08,HOBBIES_1_371,2015-10-25,73,248,HOBBIES
P08,HOBBIES_1_371,2015-10-26,49,248,HOBBIES
P08,HOBBIES_1_371,2015-10-27,121,248,HOBBIES
P08,HOBBIES_1_371,2015-10-28,56,248,HOBBIES
P08,HOBBIES_1_371,2015-10-29,57,248,HOBBIES
P08,HOBBIES_1_371,2015-10-30,78,248,HOBBIES
P08,HOBBIES_1_371,2015-10-31,65,249,HOBBIES
P08,HOBBIES_1_371,2015-11-01,37,249,HOBBIES
P08,HOBBIES_1_371,2015-11-02,88,249,HOBBIES
P08,HOBBIES_1_371,2015-11-03,54,249,HOBBIES
P08,HOBBIES_1_371,2015-11-04,41,249,HOBBIES
P08,HOBBIES_1_371,2015-11-05,67,249,HOBBIES
P08,HOBBIES_1_371,2015-11-06,73,249,HOBBIES
P08,HOBBIES_1_371,2015-11-07,64,250,HOBBIES
P08,HOBBIES_1_371,2015-11-08,88,250,HOBBIES
P08,HOBBIES_1_371,2015-11-09,36,250,HOBBIES
P08,HOBBIES_1_371,2015-11-10,53,250,HOBBIES
P08,HOBBIES_1_371,2015-11-11,69,250,HOBBIES
P08,HOBBIES_1_371,2015-11-12,59,250,HOBBIES
P08,HOBBIES_1_371,2015-11-13,49,250,HOBBIES
P08,HOBBIES_1_371,2015-11-14,71,251,HOBBIES
P08,HOBBIES_1_371,2015-11-15,45,251,HOBBIES
P08,HOBBIES_1_371,2015-11-16,51,251,HOBBIES
P08,HOBBIES_1_371,2015-11-17,47,251,HOBBIES
P08,HOBBIES_1_371,2015-11-18,36,251,HOBBIES
P08,HOBBIES_1_371,2015-11-19,58,251,HOBBIES
P08,HOBBIES_1_371,2015-11-20,68,251,HOBBIES
P08,HOBBIES_1_371,2015-11-21,111,252,HOBBIES
P08,HOBBIES_1_371,2015-11-22,66,252,HOBBIES
P08,HOBBIES_1_371,2015-11-23,53,252,HOBBIES
P08,HOBBIES_1_371,2015-11-24,42,252,HOBBIES
P08,HOBBIES_1_371,2015-11-25,62,252,HOBBIES
P08,HOBBIES_1_371,2015-11-26,12,252,HOBBIES
P08,HOBBIES_1_371,2015-11-27,57,252,HOBBIES
P08,HOBBIES_1_371,2015-11-28,56,253,HOBBIES
P08,HOBBIES_1_371,2015-11-29,49,253,HOBBIES
P08,HOBBIES_1_371,2015-11-30,58,253,HOBBIES
P08,HOBBIES_1_371,2015-12-01,40,253,HOBBIES
P08,HOBBIES_1_371,2015-12-02,47,253,HOBBIES
P08,HOBBIES_1_371,2015-12-03,98,253,HOBBIES
P08,HOBBIES_1_371,2015-12-04,35,253,HOBBIES
P08,HOBBIES_1_371,2015-12-05,107,254,HOBBIES
P08,HOBBIES_1_371,2015-12-06,41,254,HOBBIES
P08,HOBBIES_1_371,2015-12-07,65,254,HOBBIES
P08,HOBBIES_1_371,2015-12-08,43,254,HOBBIES
P08,HOBBIES_1_371,2015-12-09,79,254,HOBBIES
P08,HOBBIES_1_371,2015-12-10,79,254,HOBBIES
P08,HOBBIES_1_371,2015-12-11,48,254,HOBBIES
P08,HOBBIES_1_371,2015-12-12,78,255,HOBBIES
P08,HOBBIES_1_371,2015-12-13,121,255,HOBBIES
P08,HOBBIES_1_371,2015-12-14,64,255,HOBBIES
P08,HOBBIES_1_371,2015-12-15,48,255,HOBBIES
P08,HOBBIES_1_371,2015-12-16,44,255,HOBBIES
P08,HOBBIES_1_371,2015-12-17,56,255,HOBBIES
P08,HOBBIES_1_371,2015-12-18,68,255,HOBBIES
P08,HOBBIES_1_371,2015-12-19,34,256,HOBBIES
P08,HOBBIES_1_371,2015-12-20,42,256,HOBBIES
P08,HOBBIES_1_371,2015-12-21,54,256,HOBBIES
P08,HOBBIES_1_371,2015-12-22,63,256,HOBBIES
P08,HOBBIES_1_371,2015-12-23,68,256,HOBBIES
P08,HOBBIES_1_371,2015-12-24,32,256,HOBBIES
P08,HOBBIES_1_371,2015-12-25,0,256,HOBBIES
P08,HOBBIES_1_371,2015-12-26,125,257,HOBBIES
P08,HOBBIES_1_371,2015-12-27,37,257,HOBBIES
P08,HOBBIES_1_371,2015-12-28,57,257,HOBBIES
P08,HOBBIES_1_371,2015-12-29,49,257,HOBBIES
P08,HOBBIES_1_371,2015-12-30,75,257,HOBBIES
P08,HOBBIES_1_371,2015-12-31,65,257,HOBBIES
P08,HOBBIES_1_371,2016-01-01,41,257,HOBBIES
P08,HOBBIES_1_371,2016-01-02,98,258,HOBBIES
P08,HOBBIES_1_371,2016-01-03,37,258,HOBBIES
P08,HOBBIES_1_371,2016-01-04,79,258,HOBBIES
P08,HOBBIES_1_371,2016-01-05,38,258,HOBBIES
P08,HOBBIES_1_371,2016-01-06,54,258,HOBBIES
P08,HOBBIES_1_371,2016-01-07,46,258,HOBBIES
P08,HOBBIES_1_371,2016-01-08,45,258,HOBBIES
P08,HOBBIES_1_371,2016-01-09,63,259,HOBBIES
P08,HOBBIES_1_371,2016-01-10,74,259,HOBBIES
P08,HOBBIES_1_371,2016-01-11,38,259,HOBBIES
P08,HOBBIES_1_371,2016-01-12,36,259,HOBBIES
P08,HOBBIES_1_371,2016-01-13,38,259,HOBBIES
P08,HOBBIES_1_371,2016-01-14,43,259,HOBBIES
P08,HOBBIES_1_371,2016-01-15,35,259,HOBBIES
P08,HOBBIES_1_371,2016-01-16,73,260,HOBBIES
P08,HOBBIES_1_371,2016-01-17,78,260,HOBBIES
P08,HOBBIES_1_371,2016-01-18,66,260,HOBBIES
P08,HOBBIES_1_371,2016-01-19,17,260,HOBBIES
P08,HOBBIES_1_371,2016-01-20,40,260,HOBBIES
P08,HOBBIES_1_371,2016-01-21,66,260,HOBBIES
P08,HOBBIES_1_371,2016-01-22,31,260,HOBBIES
P08,HOBBIES_1_371,2016-01-23,73,261,HOBBIES
P08,HOBBIES_1_371,2016-01-24,20,261,HOBBIES
P08,HOBBIES_1_371,2016-01-25,52,261,HOBBIES
P08,HOBBIES_1_371,2016-01-26,43,261,HOBBIES
P08,HOBBIES_1_371,2016-01-27,69,261,HOBBIES
P08,HOBBIES_1_371,2016-01-28,27,261,HOBBIES
P08,HOBBIES_1_371,2016-01-29,116,261,HOBBIES
P08,HOBBIES_1_371,2016-01-30,102,262,HOBBIES
P08,HOBBIES_1_371,2016-01-31,93,262,HOBBIES
P08,HOBBIES_1_371,2016-02-01,64,262,HOBBIES
P08,HOBBIES_1_371,2016-02-02,51,262,HOBBIES
P08,HOBBIES_1_371,2016-02-03,75,262,HOBBIES
P08,HOBBIES_1_371,2016-02-04,40,262,HOBBIES
P08,HOBBIES_1_371,2016-02-05,84,262,HOBBIES
P08,HOBBIES_1_371,2016-02-06,68,263,HOBBIES
P08,HOBBIES_1_371,2016-02-07,64,263,HOBBIES
P08,HOBBIES_1_371,2016-02-08,68,263,HOBBIES
P08,HOBBIES_1_371,2016-02-09,61,263,HOBBIES
P08,HOBBIES_1_371,2016-02-10,49,263,HOBBIES
P08,HOBBIES_1_371,2016-02-11,25,263,HOBBIES
P08,HOBBIES_1_371,2016-02-12,66,263,HOBBIES
P08,HOBBIES_1_371,2016-02-13,37,264,HOBBIES
P08,HOBBIES_1_371,2016-02-14,57,264,HOBBIES
P08,HOBBIES_1_371,2016-02-15,44,264,HOBBIES
P08,HOBBIES_1_371,2016-02-16,27,264,HOBBIES
P08,HOBBIES_1_371,2016-02-17,21,264,HOBBIES
P08,HOBBIES_1_371,2016-02-18,25,264,HOBBIES
P08,HOBBIES_1_371,2016-02-19,70,264,HOBBIES
P08,HOBBIES_1_371,2016-02-20,78,265,HOBBIES
P08,HOBBIES_1_371,2016-02-21,62,265,HOBBIES
P08,HOBBIES_1_371,2016-02-22,29,265,HOBBIES
P08,HOBBIES_1_371,2016-02-23,26,265,HOBBIES
P08,HOBBIES_1_371,2016-02-24,68,265,HOBBIES
P08,HOBBIES_1_371,2016-02-25,35,265,HOBBIES
P08,HOBBIES_1_371,2016-02-26,33,265,HOBBIES
P08,HOBBIES_1_371,2016-02-27,29,266,HOBBIES
P08,HOBBIES_1_371,2016-02-28,77,266,HOBBIES
P08,HOBBIES_1_371,2016-02-29,39,266,HOBBIES
P08,HOBBIES_1_371,2016-03-01,31,266,HOBBIES
P08,HOBBIES_1_371,2016-03-02,117,266,HOBBIES
P08,HOBBIES_1_371,2016-03-03,52,266,HOBBIES
P08,HOBBIES_1_371,2016-03-04,48,266,HOBBIES
P08,HOBBIES_1_371,2016-03-05,107,267,HOBBIES
P08,HOBBIES_1_371,2016-03-06,58,267,HOBBIES
P08,HOBBIES_1_371,2016-03-07,25,267,HOBBIES
P08,HOBBIES_1_371,2016-03-08,49,267,HOBBIES
P08,HOBBIES_1_371,2016-03-09,56,267,HOBBIES
P08,HOBBIES_1_371,2016-03-10,36,267,HOBBIES
P08,HOBBIES_1_371,2016-03-11,28,267,HOBBIES
P08,HOBBIES_1_371,2016-03-12,44,268,HOBBIES
P08,HOBBIES_1_371,2016-03-13,18,268,HOBBIES
P08,HOBBIES_1_371,2016-03-14,46,268,HOBBIES
P08,HOBBIES_1_371,2016-03-15,25,268,HOBBIES
P08,HOBBIES_1_371,2016-03-16,68,268,HOBBIES
P08,HOBBIES_1_371,2016-03-17,36,268,HOBBIES
P08,HOBBIES_1_371,2016-03-18,76,268,HOBBIES
P08,HOBBIES_1_371,2016-03-19,59,269,HOBBIES
P08,HOBBIES_1_371,2016-03-20,66,269,HOBBIES
P08,HOBBIES_1_371,2016-03-21,16,269,HOBBIES
P08,HOBBIES_1_371,2016-03-22,34,269,HOBBIES
P08,HOBBIES_1_371,2016-03-23,51,269,HOBBIES
P08,HOBBIES_1_371,2016-03-24,64,269,HOBBIES
P08,HOBBIES_1_371,2016-03-25,69,269,HOBBIES
P08,HOBBIES_1_371,2016-03-26,67,270,HOBBIES
P08,HOBBIES_1_371,2016-03-27,32,270,HOBBIES
P08,HOBBIES_1_371,2016-03-28,49,270,HOBBIES
P08,HOBBIES_1_371,2016-03-29,33,270,HOBBIES
P08,HOBBIES_1_371,2016-03-30,61,270,HOBBIES
P08,HOBBIES_1_371,2016-03-31,75,270,HOBBIES
P08,HOBBIES_1_371,2016-04-01,65,270,HOBBIES
P08,HOBBIES_1_371,2016-04-02,65,271,HOBBIES
P08,HOBBIES_1_371,2016-04-03,95,271,HOBBIES
P08,HOBBIES_1_371,2016-04-04,57,271,HOBBIES
P08,HOBBIES_1_371,2016-04-05,63,271,HOBBIES
P08,HOBBIES_1_371,2016-04-06,43,271,HOBBIES
P08,HOBBIES_1_371,2016-04-07,36,271,HOBBIES
P08,HOBBIES_1_371,2016-04-08,65,271,HOBBIES
P08,HOBBIES_1_371,2016-04-09,52,272,HOBBIES
P08,HOBBIES_1_371,2016-04-10,37,272,HOBBIES
P08,HOBBIES_1_371,2016-04-11,18,272,HOBBIES
P08,HOBBIES_1_371,2016-04-12,56,272,HOBBIES
P08,HOBBIES_1_371,2016-04-13,28,272,HOBBIES
P08,HOBBIES_1_371,2016-04-14,43,272,HOBBIES
P08,HOBBIES_1_371,2016-04-15,37,272,HOBBIES
P08,HOBBIES_1_371,2016-04-16,76,273,HOBBIES
P08,HOBBIES_1_371,2016-04-17,70,273,HOBBIES
P08,HOBBIES_1_371,2016-04-18,54,273,HOBBIES
P08,HOBBIES_1_371,2016-04-19,62,273,HOBBIES
P08,HOBBIES_1_371,2016-04-20,73,273,HOBBIES
P08,HOBBIES_1_371,2016-04-21,77,273,HOBBIES
P08,HOBBIES_1_371,2016-04-22,30,273,HOBBIES
P09,HOBBIES_1_151,2011-01-29,20,1,HOBBIES
P09,HOBBIES_1_151,2011-01-30,14,1,HOBBIES
P09,HOBBIES_1_151,2011-01-31,10,1,HOBBIES
P09,HOBBIES_1_151,2011-02-01,9,1,HOBBIES
P09,HOBBIES_1_151,2011-02-02,4,1,HOBBIES
P09,HOBBIES_1_151,2011-02-03,10,1,HOBBIES
P09,HOBBIES_1_151,2011-02-04,7,1,HOBBIES
P09,HOBBIES_1_151,2011-02-05,20,2,HOBBIES
P09,HOBBIES_1_151,2011-02-06,14,2,HOBBIES
P09,HOBBIES_1_151,2011-02-07,5,2,HOBBIES
P09,HOBBIES_1_151,2011-02-08,8,2,HOBBIES
P09,HOBBIES_1_151,2011-02-09,8,2,HOBBIES
P09,HOBBIES_1_151,2011-02-10,10,2,HOBBIES
P09,HOBBIES_1_151,2011-02-11,8,2,HOBBIES
P09,HOBBIES_1_151,2011-02-12,8,3,HOBBIES
P09,HOBBIES_1_151,2011-02-13,12,3,HOBBIES
P09,HOBBIES_1_151,2011-02-14,3,3,HOBBIES
P09,HOBBIES_1_151,2011-02-15,6,3,HOBBIES
P09,HOBBIES_1_151,2011-02-16,10,3,HOBBIES
P09,HOBBIES_1_151,2011-02-17,5,3,HOBBIES
P09,HOBBIES_1_151,2011-02-18,8,3,HOBBIES
P09,HOBBIES_1_151,2011-02-19,10,4,HOBBIES
P09,HOBBIES_1_151,2011-02-20,12,4,HOBBIES
P09,HOBBIES_1_151,2011-02-21,7,4,HOBBIES
P09,HOBBIES_1_151,2011-02-22,14,4,HOBBIES
P09,HOBBIES_1_151,2011-02-23,9,4,HOBBIES
P09,HOBBIES_1_151,2011-02-24,9,4,HOBBIES
P09,HOBBIES_1_151,2011-02-25,10,4,HOBBIES
P09,HOBBIES_1_151,2011-02-26,12,5,HOBBIES
P09,HOBBIES_1_151,2011-02-27,11,5,HOBBIES
P09,HOBBIES_1_151,2011-02-28,14,5,HOBBIES
P09,HOBBIES_1_151,2011-03-01,11,5,HOBBIES
P09,HOBBIES_1_151,2011-03-02,5,5,HOBBIES
P09,HOBBIES_1_151,2011-03-03,19,5,HOBBIES
P09,HOBBIES_1_151,2011-03-04,11,5,HOBBIES
P09,HOBBIES_1_151,2011-03-05,12,6,HOBBIES
P09,HOBBIES_1_151,2011-03-06,13,6,HOBBIES
P09,HOBBIES_1_151,2011-03-07,7,6,HOBBIES
P09,HOBBIES_1_151,2011-03-08,3,6,HOBBIES
P09,HOBBIES_1_151,2011-03-09,2,6,HOBBIES
P09,HOBBIES_1_151,2011-03-10,8,6,HOBBIES
P09,HOBBIES_1_151,2011-03-11,18,6,HOBBIES
P09,HOBBIES_1_151,2011-03-12,7,7,HOBBIES
P09,HOBBIES_1_151,2011-03-13,7,7,HOBBIES
P09,HOBBIES_1_151,2011-03-14,8,7,HOBBIES
P09,HOBBIES_1_151,2011-03-15,8,7,HOBBIES
P09,HOBBIES_1_151,2011-03-16,12,7,HOBBIES
P09,HOBBIES_1_151,2011-03-17,7,7,HOBBIES
P09,HOBBIES_1_151,2011-03-18,9,7,HOBBIES
P09,HOBBIES_1_151,2011-03-19,6,8,HOBBIES
P09,HOBBIES_1_151,2011-03-20,13,8,HOBBIES
P09,HOBBIES_1_151,2011-03-21,9,8,HOBBIES
P09,HOBBIES_1_151,2011-03-22,7,8,HOBBIES
P09,HOBBIES_1_151,2011-03-23,7,8,HOBBIES
P09,HOBBIES_1_151,2011-03-24,8,8,HOBBIES
P09,HOBBIES_1_151,2011-03-25,12,8,HOBBIES
P09,HOBBIES_1_151,2011-03-26,12,9,HOBBIES
P09,HOBBIES_1_151,2011-03-27,13,9,HOBBIES
P09,HOBBIES_1_151,2011-03-28,3,9,HOBBIES
P09,HOBBIES_1_151,2011-03-29,14,9,HOBBIES
P09,HOBBIES_1_151,2011-03-30,7,9,HOBBIES
P09,HOBBIES_1_151,2011-03-31,11,9,HOBBIES
P09,HOBBIES_1_151,2011-04-01,10,9,HOBBIES
P09,HOBBIES_1_151,2011-04-02,9,10,HOBBIES
P09,HOBBIES_1_151,2011-04-03,9,10,HOBBIES
P09,HOBBIES_1_151,2011-04-04,11,10,HOBBIES
P09,HOBBIES_1_151,2011-04-05,7,10,HOBBIES
P09,HOBBIES_1_151,2011-04-06,8,10,HOBBIES
P09,HOBBIES_1_151,2011-04-07,12,10,HOBBIES
P09,HOBBIES_1_151,2011-04-08,7,10,HOBBIES
P09,HOBBIES_1_151,2011-04-09,11,11,HOBBIES
P09,HOBBIES_1_151,2011-04-10,4,11,HOBBIES
P09,HOBBIES_1_151,2011-04-11,8,11,HOBBIES
P09,HOBBIES_1_151,2011-04-12,7,11,HOBBIES
P09,HOBBIES_1_151,2011-04-13,6,11,HOBBIES
P09,HOBBIES_1_151,2011-04-14,9,11,HOBBIES
P09,HOBBIES_1_151,2011-04-15,5,11,HOBBIES
P09,HOBBIES_1_151,2011-04-16,13,12,HOBBIES
P09,HOBBIES_1_151,2011-04-17,13,12,HOBBIES
P09,HOBBIES_1_151,2011-04-18,5,12,HOBBIES
P09,HOBBIES_1_151,2011-04-19,8,12,HOBBIES
P09,HOBBIES_1_151,2011-04-20,9,12,HOBBIES
P09,HOBBIES_1_151,2011-04-21,5,12,HOBBIES
P09,HOBBIES_1_151,2011-04-22,5,12,HOBBIES
P09,HOBBIES_1_151,2011-04-23,11,13,HOBBIES
P09,HOBBIES_1_151,2011-04-24,6,13,HOBBIES
P09,HOBBIES_1_151,2011-04-25,20,13,HOBBIES
P09,HOBBIES_1_151,2011-04-26,5,13,HOBBIES
P09,HOBBIES_1_151,2011-04-27,4,13,HOBBIES
P09,HOBBIES_1_151,2011-04-28,8,13,HOBBIES
P09,HOBBIES_1_151,2011-04-29,10,13,HOBBIES
P09,HOBBIES_1_151,2011-04-30,18,14,HOBBIES
P09,HOBBIES_1_151,2011-05-01,6,14,HOBBIES
P09,HOBBIES_1_151,2011-05-02,9,14,HOBBIES
P09,HOBBIES_1_151,2011-05-03,8,14,HOBBIES
P09,HOBBIES_1_151,2011-05-04,4,14,HOBBIES
P09,HOBBIES_1_151,2011-05-05,10,14,HOBBIES
P09,HOBBIES_1_151,2011-05-06,11,14,HOBBIES
P09,HOBBIES_1_151,2011-05-07,13,15,HOBBIES
P09,HOBBIES_1_151,2011-05-08,12,15,HOBBIES
P09,HOBBIES_1_151,2011-05-09,11,15,HOBBIES
P09,HOBBIES_1_151,2011-05-10,6,15,HOBBIES
P09,HOBBIES_1_151,2011-05-11,11,15,HOBBIES
P09,HOBBIES_1_151,2011-05-12,8,15,HOBBIES
P09,HOBBIES_1_151,2011-05-13,5,15,HOBBIES
P09,HOBBIES_1_151,2011-05-14,13,16,HOBBIES
P09,HOBBIES_1_151,2011-05-15,12,16,HOBBIES
P09,HOBBIES_1_151,2011-05-16,12,16,HOBBIES
P09,HOBBIES_1_151,2011-05-17,7,16,HOBBIES
P09,HOBBIES_1_151,2011-05-18,9,16,HOBBIES
P09,HOBBIES_1_151,2011-05-19,13,16,HOBBIES
P09,HOBBIES_1_151,2011-05-20,8,16,HOBBIES
P09,HOBBIES_1_151,2011-05-21,18,17,HOBBIES
P09,HOBBIES_1_151,2011-05-22,10,17,HOBBIES
P09,HOBBIES_1_151,2011-05-23,6,17,HOBBIES
P09,HOBBIES_1_151,2011-05-24,8,17,HOBBIES
P09,HOBBIES_1_151,2011-05-25,8,17,HOBBIES
P09,HOBBIES_1_151,2011-05-26,12,17,HOBBIES
P09,HOBBIES_1_151,2011-05-27,5,17,HOBBIES
P09,HOBBIES_1_151,2011-05-28,10,18,HOBBIES
P09,HOBBIES_1_151,2011-05-29,14,18,HOBBIES
P09,HOBBIES_1_151,2011-05-30,7,18,HOBBIES
P09,HOBBIES_1_151,2011-05-31,10,18,HOBBIES
P09,HOBBIES_1_151,2011-06-01,11,18,HOBBIES
P09,HOBBIES_1_151,2011-06-02,15,18,HOBBIES
P09,HOBBIES_1_151,2011-06-03,4,18,HOBBIES
P09,HOBBIES_1_151,2011-06-04,8,19,HOBBIES
P09,HOBBIES_1_151,2011-06-05,10,19,HOBBIES
P09,HOBBIES_1_151,2011-06-06,9,19,HOBBIES
P09,HOBBIES_1_151,2011-06-07,9,19,HOBBIES
P09,HOBBIES_1_151,2011-06-08,6,19,HOBBIES
P09,HOBBIES_1_151,2011-06-09,9,19,HOBBIES
P09,HOBBIES_1_151,2011-06-10,11,19,HOBBIES
P09,HOBBIES_1_151,2011-06-11,17,20,HOBBIES
P09,HOBBIES_1_151,2011-06-12,5,20,HOBBIES
P09,HOBBIES_1_151,2011-06-13,7,20,HOBBIES
P09,HOBBIES_1_151,2011-06-14,6,20,HOBBIES
P09,HOBBIES_1_151,2011-06-15,8,20,HOBBIES
P09,HOBBIES_1_151,2011-06-16,3,20,HOBBIES
P09,HOBBIES_1_151,2011-06-17,9,20,HOBBIES
P09,HOBBIES_1_151,2011-06-18,17,21,HOBBIES
P09,HOBBIES_1_151,2011-06-19,14,21,HOBBIES
P09,HOBBIES_1_151,2011-06-20,9,21,HOBBIES
P09,HOBBIES_1_151,2011-06-21,8,21,HOBBIES
P09,HOBBIES_1_151,2011-06-22,3,21,HOBBIES
P09,HOBBIES_1_151,2011-06-23,9,21,HOBBIES
P09,HOBBIES_1_151,2011-06-24,11,21,HOBBIES
P09,HOBBIES_1_151,2011-06-25,12,22,HOBBIES
P09,HOBBIES_1_151,2011-06-26,10,22,HOBBIES
P09,HOBBIES_1_151,2011-06-27,10,22,HOBBIES
P09,HOBBIES_1_151,2011-06-28,13,22,HOBBIES
P09,HOBBIES_1_151,2011-06-29,8,22,HOBBIES
P09,HOBBIES_1_151,2011-06-30,3,22,HOBBIES
P09,HOBBIES_1_151,2011-07-01,14,22,HOBBIES
P09,HOBBIES_1_151,2011-07-02,12,23,HOBBIES
P09,HOBBIES_1_151,2011-07-03,13,23,HOBBIES
P09,HOBBIES_1_151,2011-07-04,12,23,HOBBIES
P09,HOBBIES_1_151,2011-07-05,9,23,HOBBIES
P09,HOBBIES_1_151,2011-07-06,11,23,HOBBIES
P09,HOBBIES_1_151,2011-07-07,7,23,HOBBIES
P09,HOBBIES_1_151,2011-07-08,7,23,HOBBIES
P09,HOBBIES_1_151,2011-07-09,13,24,HOBBIES
P09,HOBBIES_1_151,2011-07-10,10,24,HOBBIES
P09,HOBBIES_1_151,2011-07-11,7,24,HOBBIES
P09,HOBBIES_1_151,2011-07-12,4,24,HOBBIES
P09,HOBBIES_1_151,2011-07-13,4,24,HOBBIES
P09,HOBBIES_1_151,2011-07-14,11,24,HOBBIES
P09,HOBBIES_1_151,2011-07-15,12,24,HOBBIES
P09,HOBBIES_1_151,2011-07-16,8,25,HOBBIES
P09,HOBBIES_1_151,2011-07-17,11,25,HOBBIES
P09,HOBBIES_1_151,2011-07-18,10,25,HOBBIES
P09,HOBBIES_1_151,2011-07-19,10,25,HOBBIES
P09,HOBBIES_1_151,2011-07-20,8,25,HOBBIES
P09,HOBBIES_1_151,2011-07-21,3,25,HOBBIES
P09,HOBBIES_1_151,2011-07-22,5,25,HOBBIES
P09,HOBBIES_1_151,2011-07-23,17,26,HOBBIES
P09,HOBBIES_1_151,2011-07-24,13,26,HOBBIES
P09,HOBBIES_1_151,2011-07-25,7,26,HOBBIES
P09,HOBBIES_1_151,2011-07-26,9,26,HOBBIES
P09,HOBBIES_1_151,2011-07-27,3,26,HOBBIES
P09,HOBBIES_1_151,2011-07-28,13,26,HOBBIES
P09,HOBBIES_1_151,2011-07-29,16,26,HOBBIES
P09,HOBBIES_1_151,2011-07-30,4,27,HOBBIES
P09,HOBBIES_1_151,2011-07-31,13,27,HOBBIES
P09,HOBBIES_1_151,2011-08-01,9,27,HOBBIES
P09,HOBBIES_1_151,2011-08-02,9,27,HOBBIES
P09,HOBBIES_1_151,2011-08-03,4,27,HOBBIES
P09,HOBBIES_1_151,2011-08-04,8,27,HOBBIES
P09,HOBBIES_1_151,2011-08-05,10,27,HOBBIES
P09,HOBBIES_1_151,2011-08-06,9,28,HOBBIES
P09,HOBBIES_1_151,2011-08-07,13,28,HOBBIES
P09,HOBBIES_1_151,2011-08-08,11,28,HOBBIES
P09,HOBBIES_1_151,2011-08-09,6,28,HOBBIES
P09,HOBBIES_1_151,2011-08-10,8,28,HOBBIES
P09,HOBBIES_1_151,2011-08-11,2,28,HOBBIES
P09,HOBBIES_1_151,2011-08-12,12,28,HOBBIES
P09,HOBBIES_1_151,2011-08-13,9,29,HOBBIES
P09,HOBBIES_1_151,2011-08-14,9,29,HOBBIES
P09,HOBBIES_1_151,2011-08-15,12,29,HOBBIES
P09,HOBBIES_1_151,2011-08-16,7,29,HOBBIES
P09,HOBBIES_1_151,2011-08-17,11,29,HOBBIES
P09,HOBBIES_1_151,2011-08-18,15,29,HOBBIES
P09,HOBBIES_1_151,2011-08-19,11,29,HOBBIES
P09,HOBBIES_1_151,2011-08-20,11,30,HOBBIES
P09,HOBBIES_1_151,2011-08-21,12,30,HOBBIES
P09,HOBBIES_1_151,2011-08-22,6,30,HOBBIES
P09,HOBBIES_1_151,2011-08-23,6,30,HOBBIES
P09,HOBBIES_1_151,2011-08-24,13,30,HOBBIES
P09,HOBBIES_1_151,2011-08-25,5,30,HOBBIES
P09,HOBBIES_1_151,2011-08-26,7,30,HOBBIES
P09,HOBBIES_1_151,2011-08-27,13,31,HOBBIES
P09,HOBBIES_1_151,2011-08-28,15,31,HOBBIES
P09,HOBBIES_1_151,2011-08-29,8,31,HOBBIES
P09,HOBBIES_1_151,2011-08-30,9,31,HOBBIES
P09,HOBBIES_1_151,2011-08-31,8,31,HOBBIES
P09,HOBBIES_1_151,2011-09-01,8,31,HOBBIES
P09,HOBBIES_1_151,2011-09-02,15,31,HOBBIES
P09,HOBBIES_1_151,2011-09-03,11,32,HOBBIES
P09,HOBBIES_1_151,2011-09-04,9,32,HOBBIES
P09,HOBBIES_1_151,2011-09-05,9,32,HOBBIES
P09,HOBBIES_1_151,2011-09-06,13,32,HOBBIES
P09,HOBBIES_1_151,2011-09-07,8,32,HOBBIES
P09,HOBBIES_1_151,2011-09-08,10,32,HOBBIES
P09,HOBBIES_1_151,2011-09-09,7,32,HOBBIES
P09,HOBBIES_1_151,2011-09-10,10,33,HOBBIES
P09,HOBBIES_1_151,2011-09-11,15,33,HOBBIES
P09,HOBBIES_1_151,2011-09-12,14,33,HOBBIES
P09,HOBBIES_1_151,2011-09-13,15,33,HOBBIES
P09,HOBBIES_1_151,2011-09-14,6,33,HOBBIES
P09,HOBBIES_1_151,2011-09-15,9,33,HOBBIES
P09,HOBBIES_1_151,2011-09-16,8,33,HOBBIES
P09,HOBBIES_1_151,2011-09-17,5,34,HOBBIES
P09,HOBBIES_1_151,2011-09-18,10,34,HOBBIES
P09,HOBBIES_1_151,2011-09-19,8,34,HOBBIES
P09,HOBBIES_1_151,2011-09-20,5,34,HOBBIES
P09,HOBBIES_1_151,2011-09-21,9,34,HOBBIES
P09,HOBBIES_1_151,2011-09-22,12,34,HOBBIES
P09,HOBBIES_1_151,2011-09-23,10,34,HOBBIES
P09,HOBBIES_1_151,2011-09-24,13,35,HOBBIES
P09,HOBBIES_1_151,2011-09-25,20,35,HOBBIES
P09,HOBBIES_1_151,2011-09-26,5,35,HOBBIES
P09,HOBBIES_1_151,2011-09-27,9,35,HOBBIES
P09,HOBBIES_1_151,2011-09-28,12,35,HOBBIES
P09,HOBBIES_1_151,2011-09-29,2,35,HOBBIES
P09,HOBBIES_1_151,2011-09-30,14,35,HOBBIES
P09,HOBBIES_1_151,2011-10-01,17,36,HOBBIES
P09,HOBBIES_1_151,2011-10-02,13,36,HOBBIES
P09,HOBBIES_1_151,2011-10-03,11,36,HOBBIES
P09,HOBBIES_1_151,2011-10-04,10,36,HOBBIES
P09,HOBBIES_1_151,2011-10-05,9,36,HOBBIES
P09,HOBBIES_1_151,2011-10-06,7,36,HOBBIES
P09,HOBBIES_1_151,2011-10-07,9,36,HOBBIES
P09,HOBBIES_1_151,2011-10-08,10,37,HOBBIES
P09,HOBBIES_1_151,2011-10-09,6,37,HOBBIES
P09,HOBBIES_1_151,2011-10-10,11,37,HOBBIES
P09,HOBBIES_1_151,2011-10-11,7,37,HOBBIES
P09,HOBBIES_1_151,2011-10-12,14,37,HOBBIES
P09,HOBBIES_1_151,2011-10-13,9,37,HOBBIES
P09,HOBBIES_1_151,2011-10-14,6,37,HOBBIES
P09,HOBBIES_1_151,2011-10-15,17,38,HOBBIES
P09,HOBBIES_1_151,2011-10-16,12,38,HOBBIES
P09,HOBBIES_1_151,2011-10-17,6,38,HOBBIES
P09,HOBBIES_1_151,2011-10-18,6,38,HOBBIES
P09,HOBBIES_1_151,2011-10-19,9,38,HOBBIES
P09,HOBBIES_1_151,2011-10-20,9,38,HOBBIES
P09,HOBBIES_1_151,2011-10-21,10,38,HOBBIES
P09,HOBBIES_1_151,2011-10-22,5,39,HOBBIES
P09,HOBBIES_1_151,2011-10-23,11,39,HOBBIES
P09,HOBBIES_1_151,2011-10-24,11,39,HOBBIES
P09,HOBBIES_1_151,2011-10-25,13,39,HOBBIES
P09,HOBBIES_1_151,2011-10-26,9,39,HOBBIES
P09,HOBBIES_1_151,2011-10-27,12,39,HOBBIES
P09,HOBBIES_1_151,2011-10-28,4,39,HOBBIES
P09,HOBBIES_1_151,2011-10-29,12,40,HOBBIES
P09,HOBBIES_1_151,2011-10-30,10,40,HOBBIES
P09,HOBBIES_1_151,2011-10-31,11,40,HOBBIES
P09,HOBBIES_1_151,2011-11-01,10,40,HOBBIES
P09,HOBBIES_1_151,2011-11-02,6,40,HOBBIES
P09,HOBBIES_1_151,2011-11-03,12,40,HOBBIES
P09,HOBBIES_1_151,2011-11-04,10,40,HOBBIES
P09,HOBBIES_1_151,2011-11-05,15,41,HOBBIES
P09,HOBBIES_1_151,2011-11-06,13,41,HOBBIES
P09,HOBBIES_1_151,2011-11-07,9,41,HOBBIES
P09,HOBBIES_1_151,2011-11-08,3,41,HOBBIES
P09,HOBBIES_1_151,2011-11-09,9,41,HOBBIES
P09,HOBBIES_1_151,2011-11-10,10,41,HOBBIES
P09,HOBBIES_1_151,2011-11-11,7,41,HOBBIES
P09,HOBBIES_1_151,2011-11-12,16,42,HOBBIES
P09,HOBBIES_1_151,2011-11-13,10,42,HOBBIES
P09,HOBBIES_1_151,2011-11-14,4,42,HOBBIES
P09,HOBBIES_1_151,2011-11-15,8,42,HOBBIES
P09,HOBBIES_1_151,2011-11-16,6,42,HOBBIES
P09,HOBBIES_1_151,2011-11-17,9,42,HOBBIES
P09,HOBBIES_1_151,2011-11-18,6,42,HOBBIES
P09,HOBBIES_1_151,2011-11-19,13,43,HOBBIES
P09,HOBBIES_1_151,2011-11-20,19,43,HOBBIES
P09,HOBBIES_1_151,2011-11-21,5,43,HOBBIES
P09,HOBBIES_1_151,2011-11-22,4,43,HOBBIES
P09,HOBBIES_1_151,2011-11-23,11,43,HOBBIES
P09,HOBBIES_1_151,2011-11-24,5,43,HOBBIES
P09,HOBBIES_1_151,2011-11-25,13,43,HOBBIES
P09,HOBBIES_1_151,2011-11-26,14,44,HOBBIES
P09,HOBBIES_1_151,2011-11-27,11,44,HOBBIES
P09,HOBBIES_1_151,2011-11-28,4,44,HOBBIES
P09,HOBBIES_1_151,2011-11-29,6,44,HOBBIES
P09,HOBBIES_1_151,2011-11-30,10,44,HOBBIES
P09,HOBBIES_1_151,2011-12-01,13,44,HOBBIES
P09,HOBBIES_1_151,2011-12-02,9,44,HOBBIES
P09,HOBBIES_1_151,2011-12-03,12,45,HOBBIES
P09,HOBBIES_1_151,2011-12-04,11,45,HOBBIES
P09,HOBBIES_1_151,2011-12-05,6,45,HOBBIES
P09,HOBBIES_1_151,2011-12-06,9,45,HOBBIES
P09,HOBBIES_1_151,2011-12-07,10,45,HOBBIES
P09,HOBBIES_1_151,2011-12-08,3,45,HOBBIES
P09,HOBBIES_1_151,2011-12-09,6,45,HOBBIES
P09,HOBBIES_1_151,2011-12-10,11,46,HOBBIES
P09,HOBBIES_1_151,2011-12-11,7,46,HOBBIES
P09,HOBBIES_1_151,2011-12-12,6,46,HOBBIES
P09,HOBBIES_1_151,2011-12-13,5,46,HOBBIES
P09,HOBBIES_1_151,2011-12-14,9,46,HOBBIES
P09,HOBBIES_1_151,2011-12-15,12,46,HOBBIES
P09,HOBBIES_1_151,2011-12-16,6,46,HOBBIES
P09,HOBBIES_1_151,2011-12-17,11,47,HOBBIES
P09,HOBBIES_1_151,2011-12-18,12,47,HOBBIES
P09,HOBBIES_1_151,2011-12-19,9,47,HOBBIES
P09,HOBBIES_1_151,2011-12-20,6,47,HOBBIES
P09,HOBBIES_1_151,2011-12-21,6,47,HOBBIES
P09,HOBBIES_1_151,2011-12-22,10,47,HOBBIES
P09,HOBBIES_1_151,2011-12-23,9,47,HOBBIES
P09,HOBBIES_1_151,2011-12-24,7,48,HOBBIES
P09,HOBBIES_1_151,2011-12-25,0,48,HOBBIES
P09,HOBBIES_1_151,2011-12-26,21,48,HOBBIES
P09,HOBBIES_1_151,2011-12-27,15,48,HOBBIES
P09,HOBBIES_1_151,2011-12-28,8,48,HOBBIES
P09,HOBBIES_1_151,2011-12-29,9,48,HOBBIES
P09,HOBBIES_1_151,2011-12-30,11,48,HOBBIES
P09,HOBBIES_1_151,2011-12-31,13,49,HOBBIES
P09,HOBBIES_1_151,2012-01-01,11,49,HOBBIES
P09,HOBBIES_1_151,2012-01-02,12,49,HOBBIES
P09,HOBBIES_1_151,2012-01-03,9,49,HOBBIES
P09,HOBBIES_1_151,2012-01-04,14,49,HOBBIES
P09,HOBBIES_1_151,2012-01-05,4,49,HOBBIES
P09,HOBBIES_1_151,2012-01-06,11,49,HOBBIES
P09,HOBBIES_1_151,2012-01-07,7,50,HOBBIES
P09,HOBBIES_1_151,2012-01-08,4,50,HOBBIES
P09,HOBBIES_1_151,2012-01-09,7,50,HOBBIES
P09,HOBBIES_1_151,2012-01-10,7,50,HOBBIES
P09,HOBBIES_1_151,2012-01-11,6,50,HOBBIES
P09,HOBBIES_1_151,2012-01-12,7,50,HOBBIES
P09,HOBBIES_1_151,2012-01-13,6,50,HOBBIES
P09,HOBBIES_1_151,2012-01-14,11,51,HOBBIES
P09,HOBBIES_1_151,2012-01-15,6,51,HOBBIES
P09,HOBBIES_1_151,2012-01-16,10,51,HOBBIES
P09,HOBBIES_1_151,2012-01-17,6,51,HOBBIES
P09,HOBBIES_1_151,2012-01-18,6,51,HOBBIES
P09,HOBBIES_1_151,2012-01-19,11,51,HOBBIES
P09,HOBBIES_1_151,2012-01-20,8,51,HOBBIES
P09,HOBBIES_1_151,2012-01-21,17,52,HOBBIES
P09,HOBBIES_1_151,2012-01-22,9,52,HOBBIES
P09,HOBBIES_1_151,2012-01-23,5,52,HOBBIES
P09,HOBBIES_1_151,2012-01-24,5,52,HOBBIES
P09,HOBBIES_1_151,2012-01-25,12,52,HOBBIES
P09,HOBBIES_1_151,2012-01-26,10,52,HOBBIES
P09,HOBBIES_1_151,2012-01-27,8,52,HOBBIES
P09,HOBBIES_1_151,2012-01-28,12,53,HOBBIES
P09,HOBBIES_1_151,2012-01-29,9,53,HOBBIES
P09,HOBBIES_1_151,2012-01-30,11,53,HOBBIES
P09,HOBBIES_1_151,2012-01-31,6,53,HOBBIES
P09,HOBBIES_1_151,2012-02-01,14,53,HOBBIES
P09,HOBBIES_1_151,2012-02-02,7,53,HOBBIES
P09,HOBBIES_1_151,2012-02-03,7,53,HOBBIES
P09,HOBBIES_1_151,2012-02-04,3,54,HOBBIES
P09,HOBBIES_1_151,2012-02-05,13,54,HOBBIES
P09,HOBBIES_1_151,2012-02-06,5,54,HOBBIES
P09,HOBBIES_1_151,2012-02-07,9,54,HOBBIES
P09,HOBBIES_1_151,2012-02-08,4,54,HOBBIES
P09,HOBBIES_1_151,2012-02-09,4,54,HOBBIES
P09,HOBBIES_1_151,2012-02-10,3,54,HOBBIES
P09,HOBBIES_1_151,2012-02-11,14,55,HOBBIES
P09,HOBBIES_1_151,2012-02-12,24,55,HOBBIES
P09,HOBBIES_1_151,2012-02-13,14,55,HOBBIES
P09,HOBBIES_1_151,2012-02-14,10,55,HOBBIES
P09,HOBBIES_1_151,2012-02-15,6,55,HOBBIES
P09,HOBBIES_1_151,2012-02-16,7,55,HOBBIES
P09,HOBBIES_1_151,2012-02-17,8,55,HOBBIES
P09,HOBBIES_1_151,2012-02-18,14,56,HOBBIES
P09,HOBBIES_1_151,2012-02-19,6,56,HOBBIES
P09,HOBBIES_1_151,2012-02-20,10,56,HOBBIES
P09,HOBBIES_1_151,2012-02-21,9,56,HOBBIES
P09,HOBBIES_1_151,2012-02-22,9,56,HOBBIES
P09,HOBBIES_1_151,2012-02-23,4,56,HOBBIES
P09,HOBBIES_1_151,2012-02-24,5,56,HOBBIES
P09,HOBBIES_1_151,2012-02-25,6,57,HOBBIES
P09,HOBBIES_1_151,2012-02-26,9,57,HOBBIES
P09,HOBBIES_1_151,2012-02-27,8,57,HOBBIES
P09,HOBBIES_1_151,2012-02-28,3,57,HOBBIES
P09,HOBBIES_1_151,2012-02-29,8,57,HOBBIES
P09,HOBBIES_1_151,2012-03-01,12,57,HOBBIES
P09,HOBBIES_1_151,2012-03-02,9,57,HOBBIES
P09,HOBBIES_1_151,2012-03-03,10,58,HOBBIES
P09,HOBBIES_1_151,2012-03-04,17,58,HOBBIES
P09,HOBBIES_1_151,2012-03-05,6,58,HOBBIES
P09,HOBBIES_1_151,2012-03-06,5,58,HOBBIES
P09,HOBBIES_1_151,2012-03-07,9,58,HOBBIES
P09,HOBBIES_1_151,2012-03-08,8,58,HOBBIES
P09,HOBBIES_1_151,2012-03-09,14,58,HOBBIES
P09,HOBBIES_1_151,2012-03-10,4,59,HOBBIES
P09,HOBBIES_1_151,2012-03-11,4,59,HOBBIES
P09,HOBBIES_1_151,2012-03-12,8,59,HOBBIES
P09,HOBBIES_1_151,2012-03-13,5,59,HOBBIES
P09,HOBBIES_1_151,2012-03-14,8,59,HOBBIES
P09,HOBBIES_1_151,2012-03-15,10,59,HOBBIES
P09,HOBBIES_1_151,2012-03-16,9,59,HOBBIES
P09,HOBBIES_1_151,2012-03-17,10,60,HOBBIES
P09,HOBBIES_1_151,2012-03-18,6,60,HOBBIES
P09,HOBBIES_1_151,2012-03-19,4,60,HOBBIES
P09,HOBBIES_1_151,2012-03-20,8,60,HOBBIES
P09,HOBBIES_1_151,2012-03-21,5,60,HOBBIES
P09,HOBBIES_1_151,2012-03-22,1,60,HOBBIES
P09,HOBBIES_1_151,2012-03-23,8,60,HOBBIES
P09,HOBBIES_1_151,2012-03-24,11,61,HOBBIES
P09,HOBBIES_1_151,2012-03-25,12,61,HOBBIES
P09,HOBBIES_1_151,2012-03-26,7,61,HOBBIES
P09,HOBBIES_1_151,2012-03-27,9,61,HOBBIES
P09,HOBBIES_1_151,2012-03-28,3,61,HOBBIES
P09,HOBBIES_1_151,2012-03-29,3,61,HOBBIES
P09,HOBBIES_1_151,2012-03-30,10,61,HOBBIES
P09,HOBBIES_1_151,2012-03-31,13,62,HOBBIES
P09,HOBBIES_1_151,2012-04-01,14,62,HOBBIES
P09,HOBBIES_1_151,2012-04-02,7,62,HOBBIES
P09,HOBBIES_1_151,2012-04-03,8,62,HOBBIES
P09,HOBBIES_1_151,2012-04-04,7,62,HOBBIES
P09,HOBBIES_1_151,2012-04-05,5,62,HOBBIES
P09,HOBBIES_1_151,2012-04-06,8,62,HOBBIES
P09,HOBBIES_1_151,2012-04-07,4,63,HOBBIES
P09,HOBBIES_1_151,2012-04-08,10,63,HOBBIES
P09,HOBBIES_1_151,2012-04-09,12,63,HOBBIES
P09,HOBBIES_1_151,2012-04-10,8,63,HOBBIES
P09,HOBBIES_1_151,2012-04-11,7,63,HOBBIES
P09,HOBBIES_1_151,2012-04-12,3,63,HOBBIES
P09,HOBBIES_1_151,2012-04-13,6,63,HOBBIES
P09,HOBBIES_1_151,2012-04-14,12,64,HOBBIES
P09,HOBBIES_1_151,2012-04-15,4,64,HOBBIES
P09,HOBBIES_1_151,2012-04-16,6,64,HOBBIES
P09,HOBBIES_1_151,2012-04-17,6,64,HOBBIES
P09,HOBBIES_1_151,2012-04-18,12,64,HOBBIES
P09,HOBBIES_1_151,2012-04-19,7,64,HOBBIES
P09,HOBBIES_1_151,2012-04-20,8,64,HOBBIES
P09,HOBBIES_1_151,2012-04-21,7,65,HOBBIES
P09,HOBBIES_1_151,2012-04-22,8,65,HOBBIES
P09,HOBBIES_1_151,2012-04-23,8,65,HOBBIES
P09,HOBBIES_1_151,2012-04-24,6,65,HOBBIES
P09,HOBBIES_1_151,2012-04-25,7,65,HOBBIES
P09,HOBBIES_1_151,2012-04-26,6,65,HOBBIES
P09,HOBBIES_1_151,2012-04-27,8,65,HOBBIES
P09,HOBBIES_1_151,2012-04-28,10,66,HOBBIES
P09,HOBBIES_1_151,2012-04-29,17,66,HOBBIES
P09,HOBBIES_1_151,2012-04-30,7,66,HOBBIES
P09,HOBBIES_1_151,2012-05-01,10,66,HOBBIES
P09,HOBBIES_1_151,2012-05-02,7,66,HOBBIES
P09,HOBBIES_1_151,2012-05-03,5,66,HOBBIES
P09,HOBBIES_1_151,2012-05-04,3,66,HOBBIES
P09,HOBBIES_1_151,2012-05-05,7,67,HOBBIES
P09,HOBBIES_1_151,2012-05-06,7,67,HOBBIES
P09,HOBBIES_1_151,2012-05-07,5,67,HOBBIES
P09,HOBBIES_1_151,2012-05-08,3,67,HOBBIES
P09,HOBBIES_1_151,2012-05-09,3,67,HOBBIES
P09,HOBBIES_1_151,2012-05-10,7,67,HOBBIES
P09,HOBBIES_1_151,2012-05-11,12,67,HOBBIES
P09,HOBBIES_1_151,2012-05-12,6,68,HOBBIES
P09,HOBBIES_1_151,2012-05-13,8,68,HOBBIES
P09,HOBBIES_1_151,2012-05-14,10,68,HOBBIES
P09,HOBBIES_1_151,2012-05-15,7,68,HOBBIES
P09,HOBBIES_1_151,2012-05-16,6,68,HOBBIES
P09,HOBBIES_1_151,2012-05-17,7,68,HOBBIES
P09,HOBBIES_1_151,2012-05-18,13,68,HOBBIES
P09,HOBBIES_1_151,2012-05-19,11,69,HOBBIES
P09,HOBBIES_1_151,2012-05-20,4,69,HOBBIES
P09,HOBBIES_1_151,2012-05-21,10,69,HOBBIES
P09,HOBBIES_1_151,2012-05-22,3,69,HOBBIES
P09,HOBBIES_1_151,2012-05-23,9,69,HOBBIES
P09,HOBBIES_1_151,2012-05-24,5,69,HOBBIES
P09,HOBBIES_1_151,2012-05-25,9,69,HOBBIES
P09,HOBBIES_1_151,2012-05-26,8,70,HOBBIES
P09,HOBBIES_1_151,2012-05-27,12,70,HOBBIES
P09,HOBBIES_1_151,2012-05-28,6,70,HOBBIES
P09,HOBBIES_1_151,2012-05-29,6,70,HOBBIES
P09,HOBBIES_1_151,2012-05-30,7,70,HOBBIES
P09,HOBBIES_1_151,2012-05-31,8,70,HOBBIES
P09,HOBBIES_1_151,2012-06-01,8,70,HOBBIES
P09,HOBBIES_1_151,2012-06-02,10,71,HOBBIES
P09,HOBBIES_1_151,2012-06-03,10,71,HOBBIES
P09,HOBBIES_1_151,2012-06-04,11,71,HOBBIES
P09,HOBBIES_1_151,2012-06-05,8,71,HOBBIES
P09,HOBBIES_1_151,2012-06-06,6,71,HOBBIES
P09,HOBBIES_1_151,2012-06-07,5,71,HOBBIES
P09,HOBBIES_1_151,2012-06-08,5,71,HOBBIES
P09,HOBBIES_1_151,2012-06-09,12,72,HOBBIES
P09,HOBBIES_1_151,2012-06-10,13,72,HOBBIES
P09,HOBBIES_1_151,2012-06-11,11,72,HOBBIES
P09,HOBBIES_1_151,2012-06-12,8,72,HOBBIES
P09,HOBBIES_1_151,2012-06-13,5,72,HOBBIES
P09,HOBBIES_1_151,2012-06-14,1,72,HOBBIES
P09,HOBBIES_1_151,2012-06-15,9,72,HOBBIES
P09,HOBBIES_1_151,2012-06-16,11,73,HOBBIES
P09,HOBBIES_1_151,2012-06-17,6,73,HOBBIES
P09,HOBBIES_1_151,2012-06-18,8,73,HOBBIES
P09,HOBBIES_1_151,2012-06-19,6,73,HOBBIES
P09,HOBBIES_1_151,2012-06-20,7,73,HOBBIES
P09,HOBBIES_1_151,2012-06-21,6,73,HOBBIES
P09,HOBBIES_1_151,2012-06-22,10,73,HOBBIES
P09,HOBBIES_1_151,2012-06-23,6,74,HOBBIES
P09,HOBBIES_1_151,2012-06-24,10,74,HOBBIES
P09,HOBBIES_1_151,2012-06-25,8,74,HOBBIES
P09,HOBBIES_1_151,2012-06-26,6,74,HOBBIES
P09,HOBBIES_1_151,2012-06-27,4,74,HOBBIES
P09,HOBBIES_1_151,2012-06-28,7,74,HOBBIES
P09,HOBBIES_1_151,2012-06-29,13,74,HOBBIES
P09,HOBBIES_1_151,2012-06-30,15,75,HOBBIES
P09,HOBBIES_1_151,2012-07-01,7,75,HOBBIES
P09,HOBBIES_1_151,2012-07-02,3,75,HOBBIES
P09,HOBBIES_1_151,2012-07-03,11,75,HOBBIES
P09,HOBBIES_1_151,2012-07-04,4,75,HOBBIES
P09,HOBBIES_1_151,2012-07-05,9,75,HOBBIES
P09,HOBBIES_1_151,2012-07-06,8,75,HOBBIES
P09,HOBBIES_1_151,2012-07-07,8,76,HOBBIES
P09,HOBBIES_1_151,2012-07-08,5,76,HOBBIES
P09,HOBBIES_1_151,2012-07-09,12,76,HOBBIES
P09,HOBBIES_1_151,2012-07-10,3,76,HOBBIES
P09,HOBBIES_1_151,2012-07-11,8,76,HOBBIES
P09,HOBBIES_1_151,2012-07-12,3,76,HOBBIES
P09,HOBBIES_1_151,2012-07-13,6,76,HOBBIES
P09,HOBBIES_1_151,2012-07-14,10,77,HOBBIES
P09,HOBBIES_1_151,2012-07-15,5,77,HOBBIES
P09,HOBBIES_1_151,2012-07-16,9,77,HOBBIES
P09,HOBBIES_1_151,2012-07-17,7,77,HOBBIES
P09,HOBBIES_1_151,2012-07-18,11,77,HOBBIES
P09,HOBBIES_1_151,2012-07-19,3,77,HOBBIES
P09,HOBBIES_1_151,2012-07-20,8,77,HOBBIES
P09,HOBBIES_1_151,2012-07-21,11,78,HOBBIES
P09,HOBBIES_1_151,2012-07-22,8,78,HOBBIES
P09,HOBBIES_1_151,2012-07-23,7,78,HOBBIES
P09,HOBBIES_1_151,2012-07-24,7,78,HOBBIES
P09,HOBBIES_1_151,2012-07-25,5,78,HOBBIES
P09,HOBBIES_1_151,2012-07-26,6,78,HOBBIES
P09,HOBBIES_1_151,2012-07-27,16,78,HOBBIES
P09,HOBBIES_1_151,2012-07-28,7,79,HOBBIES
P09,HOBBIES_1_151,2012-07-29,12,79,HOBBIES
P09,HOBBIES_1_151,2012-07-30,6,79,HOBBIES
P09,HOBBIES_1_151,2012-07-31,3,79,HOBBIES
P09,HOBBIES_1_151,2012-08-01,11,79,HOBBIES
P09,HOBBIES_1_151,2012-08-02,8,79,HOBBIES
P09,HOBBIES_1_151,2012-08-03,13,79,HOBBIES
P09,HOBBIES_1_151,2012-08-04,3,80,HOBBIES
P09,HOBBIES_1_151,2012-08-05,8,80,HOBBIES
P09,HOBBIES_1_151,2012-08-06,9,80,HOBBIES
P09,HOBBIES_1_151,2012-08-07,7,80,HOBBIES
P09,HOBBIES_1_151,2012-08-08,4,80,HOBBIES
P09,HOBBIES_1_151,2012-08-09,7,80,HOBBIES
P09,HOBBIES_1_151,2012-08-10,9,80,HOBBIES
P09,HOBBIES_1_151,2012-08-11,7,81,HOBBIES
P09,HOBBIES_1_151,2012-08-12,12,81,HOBBIES
P09,HOBBIES_1_151,2012-08-13,6,81,HOBBIES
P09,HOBBIES_1_151,2012-08-14,7,81,HOBBIES
P09,HOBBIES_1_151,2012-08-15,9,81,HOBBIES
P09,HOBBIES_1_151,2012-08-16,8,81,HOBBIES
P09,HOBBIES_1_151,2012-08-17,2,81,HOBBIES
P09,HOBBIES_1_151,2012-08-18,13,82,HOBBIES
P09,HOBBIES_1_151,2012-08-19,14,82,HOBBIES
P09,HOBBIES_1_151,2012-08-20,5,82,HOBBIES
P09,HOBBIES_1_151,2012-08-21,6,82,HOBBIES
P09,HOBBIES_1_151,2012-08-22,1,82,HOBBIES
P09,HOBBIES_1_151,2012-08-23,12,82,HOBBIES
P09,HOBBIES_1_151,2012-08-24,8,82,HOBBIES
P09,HOBBIES_1_151,2012-08-25,7,83,HOBBIES
P09,HOBBIES_1_151,2012-08-26,11,83,HOBBIES
P09,HOBBIES_1_151,2012-08-27,4,83,HOBBIES
P09,HOBBIES_1_151,2012-08-28,5,83,HOBBIES
P09,HOBBIES_1_151,2012-08-29,5,83,HOBBIES
P09,HOBBIES_1_151,2012-08-30,14,83,HOBBIES
P09,HOBBIES_1_151,2012-08-31,10,83,HOBBIES
P09,HOBBIES_1_151,2012-09-01,15,84,HOBBIES
P09,HOBBIES_1_151,2012-09-02,6,84,HOBBIES
P09,HOBBIES_1_151,2012-09-03,7,84,HOBBIES
P09,HOBBIES_1_151,2012-09-04,4,84,HOBBIES
P09,HOBBIES_1_151,2012-09-05,9,84,HOBBIES
P09,HOBBIES_1_151,2012-09-06,7,84,HOBBIES
P09,HOBBIES_1_151,2012-09-07,10,84,HOBBIES
P09,HOBBIES_1_151,2012-09-08,6,85,HOBBIES
P09,HOBBIES_1_151,2012-09-09,8,85,HOBBIES
P09,HOBBIES_1_151,2012-09-10,4,85,HOBBIES
P09,HOBBIES_1_151,2012-09-11,8,85,HOBBIES
P09,HOBBIES_1_151,2012-09-12,5,85,HOBBIES
P09,HOBBIES_1_151,2012-09-13,8,85,HOBBIES
P09,HOBBIES_1_151,2012-09-14,5,85,HOBBIES
P09,HOBBIES_1_151,2012-09-15,8,86,HOBBIES
P09,HOBBIES_1_151,2012-09-16,5,86,HOBBIES
P09,HOBBIES_1_151,2012-09-17,6,86,HOBBIES
P09,HOBBIES_1_151,2012-09-18,5,86,HOBBIES
P09,HOBBIES_1_151,2012-09-19,6,86,HOBBIES
P09,HOBBIES_1_151,2012-09-20,6,86,HOBBIES
P09,HOBBIES_1_151,2012-09-21,4,86,HOBBIES
P09,HOBBIES_1_151,2012-09-22,11,87,HOBBIES
P09,HOBBIES_1_151,2012-09-23,7,87,HOBBIES
P09,HOBBIES_1_151,2012-09-24,5,87,HOBBIES
P09,HOBBIES_1_151,2012-09-25,8,87,HOBBIES
P09,HOBBIES_1_151,2012-09-26,8,87,HOBBIES
P09,HOBBIES_1_151,2012-09-27,10,87,HOBBIES
P09,HOBBIES_1_151,2012-09-28,9,87,HOBBIES
P09,HOBBIES_1_151,2012-09-29,12,88,HOBBIES
P09,HOBBIES_1_151,2012-09-30,12,88,HOBBIES
P09,HOBBIES_1_151,2012-10-01,8,88,HOBBIES
P09,HOBBIES_1_151,2012-10-02,8,88,HOBBIES
P09,HOBBIES_1_151,2012-10-03,9,88,HOBBIES
P09,HOBBIES_1_151,2012-10-04,9,88,HOBBIES
P09,HOBBIES_1_151,2012-10-05,5,88,HOBBIES
P09,HOBBIES_1_151,2012-10-06,8,89,HOBBIES
P09,HOBBIES_1_151,2012-10-07,16,89,HOBBIES
P09,HOBBIES_1_151,2012-10-08,10,89,HOBBIES
P09,HOBBIES_1_151,2012-10-09,5,89,HOBBIES
P09,HOBBIES_1_151,2012-10-10,6,89,HOBBIES
P09,HOBBIES_1_151,2012-10-11,7,89,HOBBIES
P09,HOBBIES_1_151,2012-10-12,7,89,HOBBIES
P09,HOBBIES_1_151,2012-10-13,10,90,HOBBIES
P09,HOBBIES_1_151,2012-10-14,14,90,HOBBIES
P09,HOBBIES_1_151,2012-10-15,7,90,HOBBIES
P09,HOBBIES_1_151,2012-10-16,9,90,HOBBIES
P09,HOBBIES_1_151,2012-10-17,7,90,HOBBIES
P09,HOBBIES_1_151,2012-10-18,12,90,HOBBIES
P09,HOBBIES_1_151,2012-10-19,5,90,HOBBIES
P09,HOBBIES_1_151,2012-10-20,8,91,HOBBIES
P09,HOBBIES_1_151,2012-10-21,11,91,HOBBIES
P09,HOBBIES_1_151,2012-10-22,4,91,HOBBIES
P09,HOBBIES_1_151,2012-10-23,4,91,HOBBIES
P09,HOBBIES_1_151,2012-10-24,6,91,HOBBIES
P09,HOBBIES_1_151,2012-10-25,6,91,HOBBIES
P09,HOBBIES_1_151,2012-10-26,8,91,HOBBIES
P09,HOBBIES_1_151,2012-10-27,9,92,HOBBIES
P09,HOBBIES_1_151,2012-10-28,12,92,HOBBIES
P09,HOBBIES_1_151,2012-10-29,10,92,HOBBIES
P09,HOBBIES_1_151,2012-10-30,6,92,HOBBIES
P09,HOBBIES_1_151,2012-10-31,5,92,HOBBIES
P09,HOBBIES_1_151,2012-11-01,4,92,HOBBIES
P09,HOBBIES_1_151,2012-11-02,5,92,HOBBIES
P09,HOBBIES_1_151,2012-11-03,15,93,HOBBIES
P09,HOBBIES_1_151,2012-11-04,13,93,HOBBIES
P09,HOBBIES_1_151,2012-11-05,13,93,HOBBIES
P09,HOBBIES_1_151,2012-11-06,7,93,HOBBIES
P09,HOBBIES_1_151,2012-11-07,4,93,HOBBIES
P09,HOBBIES_1_151,2012-11-08,4,93,HOBBIES
P09,HOBBIES_1_151,2012-11-09,16,93,HOBBIES
P09,HOBBIES_1_151,2012-11-10,6,94,HOBBIES
P09,HOBBIES_1_151,2012-11-11,14,94,HOBBIES
P09,HOBBIES_1_151,2012-11-12,5,94,HOBBIES
P09,HOBBIES_1_151,2012-11-13,5,94,HOBBIES
P09,HOBBIES_1_151,2012-11-14,8,94,HOBBIES
P09,HOBBIES_1_151,2012-11-15,5,94,HOBBIES
P09,HOBBIES_1_151,2012-11-16,9,94,HOBBIES
P09,HOBBIES_1_151,2012-11-17,6,95,HOBBIES
P09,HOBBIES_1_151,2012-11-18,5,95,HOBBIES
P09,HOBBIES_1_151,2012-11-19,9,95,HOBBIES
P09,HOBBIES_1_151,2012-11-20,6,95,HOBBIES
P09,HOBBIES_1_151,2012-11-21,9,95,HOBBIES
P09,HOBBIES_1_151,2012-11-22,6,95,HOBBIES
P09,HOBBIES_1_151,2012-11-23,5,95,HOBBIES
P09,HOBBIES_1_151,2012-11-24,9,96,HOBBIES
P09,HOBBIES_1_151,2012-11-25,6,96,HOBBIES
P09,HOBBIES_1_151,2012-11-26,4,96,HOBBIES
P09,HOBBIES_1_151,2012-11-27,8,96,HOBBIES
P09,HOBBIES_1_151,2012-11-28,10,96,HOBBIES
P09,HOBBIES_1_151,2012-11-29,7,96,HOBBIES
P09,HOBBIES_1_151,2012-11-30,15,96,HOBBIES
P09,HOBBIES_1_151,2012-12-01,9,97,HOBBIES
P09,HOBBIES_1_151,2012-12-02,10,97,HOBBIES
P09,HOBBIES_1_151,2012-12-03,6,97,HOBBIES
P09,HOBBIES_1_151,2012-12-04,9,97,HOBBIES
P09,HOBBIES_1_151,2012-12-05,4,97,HOBBIES
P09,HOBBIES_1_151,2012-12-06,5,97,HOBBIES
P09,HOBBIES_1_151,2012-12-07,6,97,HOBBIES
P09,HOBBIES_1_151,2012-12-08,8,98,HOBBIES
P09,HOBBIES_1_151,2012-12-09,10,98,HOBBIES
P09,HOBBIES_1_151,2012-12-10,9,98,HOBBIES
P09,HOBBIES_1_151,2012-12-11,10,98,HOBBIES
P09,HOBBIES_1_151,2012-12-12,6,98,HOBBIES
P09,HOBBIES_1_151,2012-12-13,15,98,HOBBIES
P09,HOBBIES_1_151,2012-12-14,4,98,HOBBIES
P09,HOBBIES_1_151,2012-12-15,11,99,HOBBIES
P09,HOBBIES_1_151,2012-12-16,8,99,HOBBIES
P09,HOBBIES_1_151,2012-12-17,2,99,HOBBIES
P09,HOBBIES_1_151,2012-12-18,4,99,HOBBIES
P09,HOBBIES_1_151,2012-12-19,3,99,HOBBIES
P09,HOBBIES_1_151,2012-12-20,5,99,HOBBIES
P09,HOBBIES_1_151,2012-12-21,11,99,HOBBIES
P09,HOBBIES_1_151,2012-12-22,10,100,HOBBIES
P09,HOBBIES_1_151,2012-12-23,12,100,HOBBIES
P09,HOBBIES_1_151,2012-12-24,6,100,HOBBIES
P09,HOBBIES_1_151,2012-12-25,0,100,HOBBIES
P09,HOBBIES_1_151,2012-12-26,7,100,HOBBIES
P09,HOBBIES_1_151,2012-12-27,8,100,HOBBIES
P09,HOBBIES_1_151,2012-12-28,12,100,HOBBIES
P09,HOBBIES_1_151,2012-12-29,12,101,HOBBIES
P09,HOBBIES_1_151,2012-12-30,9,101,HOBBIES
P09,HOBBIES_1_151,2012-12-31,7,101,HOBBIES
P09,HOBBIES_1_151,2013-01-01,4,101,HOBBIES
P09,HOBBIES_1_151,2013-01-02,21,101,HOBBIES
P09,HOBBIES_1_151,2013-01-03,5,101,HOBBIES
P09,HOBBIES_1_151,2013-01-04,3,101,HOBBIES
P09,HOBBIES_1_151,2013-01-05,11,102,HOBBIES
P09,HOBBIES_1_151,2013-01-06,7,102,HOBBIES
P09,HOBBIES_1_151,2013-01-07,4,102,HOBBIES
P09,HOBBIES_1_151,2013-01-08,12,102,HOBBIES
P09,HOBBIES_1_151,2013-01-09,13,102,HOBBIES
P09,HOBBIES_1_151,2013-01-10,10,102,HOBBIES
P09,HOBBIES_1_151,2013-01-11,8,102,HOBBIES
P09,HOBBIES_1_151,2013-01-12,6,103,HOBBIES
P09,HOBBIES_1_151,2013-01-13,9,103,HOBBIES
P09,HOBBIES_1_151,2013-01-14,5,103,HOBBIES
P09,HOBBIES_1_151,2013-01-15,6,103,HOBBIES
P09,HOBBIES_1_151,2013-01-16,9,103,HOBBIES
P09,HOBBIES_1_151,2013-01-17,6,103,HOBBIES
P09,HOBBIES_1_151,2013-01-18,6,103,HOBBIES
P09,HOBBIES_1_151,2013-01-19,5,104,HOBBIES
P09,HOBBIES_1_151,2013-01-20,8,104,HOBBIES
P09,HOBBIES_1_151,2013-01-21,9,104,HOBBIES
P09,HOBBIES_1_151,2013-01-22,8,104,HOBBIES
P09,HOBBIES_1_151,2013-01-23,9,104,HOBBIES
P09,HOBBIES_1_151,2013-01-24,11,104,HOBBIES
P09,HOBBIES_1_151,2013-01-25,11,104,HOBBIES
P09,HOBBIES_1_151,2013-01-26,11,105,HOBBIES
P09,HOBBIES_1_151,2013-01-27,11,105,HOBBIES
P09,HOBBIES_1_151,2013-01-28,5,105,HOBBIES
P09,HOBBIES_1_151,2013-01-29,3,105,HOBBIES
P09,HOBBIES_1_151,2013-01-30,3,105,HOBBIES
P09,HOBBIES_1_151,2013-01-31,9,105,HOBBIES
P09,HOBBIES_1_151,2013-02-01,8,105,HOBBIES
P09,HOBBIES_1_151,2013-02-02,12,106,HOBBIES
P09,HOBBIES_1_151,2013-02-03,11,106,HOBBIES
P09,HOBBIES_1_151,2013-02-04,7,106,HOBBIES
P09,HOBBIES_1_151,2013-02-05,6,106,HOBBIES
P09,HOBBIES_1_151,2013-02-06,6,106,HOBBIES
P09,HOBBIES_1_151,2013-02-07,7,106,HOBBIES
P09,HOBBIES_1_151,2013-02-08,10,106,HOBBIES
P09,HOBBIES_1_151,2013-02-09,4,107,HOBBIES
P09,HOBBIES_1_151,2013-02-10,14,107,HOBBIES
P09,HOBBIES_1_151,2013-02-11,5,107,HOBBIES
P09,HOBBIES_1_151,2013-02-12,8,107,HOBBIES
P09,HOBBIES_1_151,2013-02-13,13,107,HOBBIES
P09,HOBBIES_1_151,2013-02-14,8,107,HOBBIES
P09,HOBBIES_1_151,2013-02-15,10,107,HOBBIES
P09,HOBBIES_1_151,2013-02-16,5,108,HOBBIES
P09,HOBBIES_1_151,2013-02-17,5,108,HOBBIES
P09,HOBBIES_1_151,2013-02-18,8,108,HOBBIES
P09,HOBBIES_1_151,2013-02-19,7,108,HOBBIES
P09,HOBBIES_1_151,2013-02-20,9,108,HOBBIES
P09,HOBBIES_1_151,2013-02-21,11,108,HOBBIES
P09,HOBBIES_1_151,2013-02-22,3,108,HOBBIES
P09,HOBBIES_1_151,2013-02-23,14,109,HOBBIES
P09,HOBBIES_1_151,2013-02-24,10,109,HOBBIES
P09,HOBBIES_1_151,2013-02-25,7,109,HOBBIES
P09,HOBBIES_1_151,2013-02-26,3,109,HOBBIES
P09,HOBBIES_1_151,2013-02-27,4,109,HOBBIES
P09,HOBBIES_1_151,2013-02-28,5,109,HOBBIES
P09,HOBBIES_1_151,2013-03-01,6,109,HOBBIES
P09,HOBBIES_1_151,2013-03-02,6,110,HOBBIES
P09,HOBBIES_1_151,2013-03-03,5,110,HOBBIES
P09,HOBBIES_1_151,2013-03-04,9,110,HOBBIES
P09,HOBBIES_1_151,2013-03-05,6,110,HOBBIES
P09,HOBBIES_1_151,2013-03-06,4,110,HOBBIES
P09,HOBBIES_1_151,2013-03-07,5,110,HOBBIES
P09,HOBBIES_1_151,2013-03-08,3,110,HOBBIES
P09,HOBBIES_1_151,2013-03-09,8,111,HOBBIES
P09,HOBBIES_1_151,2013-03-10,5,111,HOBBIES
P09,HOBBIES_1_151,2013-03-11,7,111,HOBBIES
P09,HOBBIES_1_151,2013-03-12,1,111,HOBBIES
P09,HOBBIES_1_151,2013-03-13,5,111,HOBBIES
P09,HOBBIES_1_151,2013-03-14,12,111,HOBBIES
P09,HOBBIES_1_151,2013-03-15,7,111,HOBBIES
P09,HOBBIES_1_151,2013-03-16,5,112,HOBBIES
P09,HOBBIES_1_151,2013-03-17,4,112,HOBBIES
P09,HOBBIES_1_151,2013-03-18,3,112,HOBBIES
P09,HOBBIES_1_151,2013-03-19,3,112,HOBBIES
P09,HOBBIES_1_151,2013-03-20,4,112,HOBBIES
P09,HOBBIES_1_151,2013-03-21,6,112,HOBBIES
P09,HOBBIES_1_151,2013-03-22,9,112,HOBBIES
P09,HOBBIES_1_151,2013-03-23,2,113,HOBBIES
P09,HOBBIES_1_151,2013-03-24,3,113,HOBBIES
P09,HOBBIES_1_151,2013-03-25,5,113,HOBBIES
P09,HOBBIES_1_151,2013-03-26,5,113,HOBBIES
P09,HOBBIES_1_151,2013-03-27,2,113,HOBBIES
P09,HOBBIES_1_151,2013-03-28,8,113,HOBBIES
P09,HOBBIES_1_151,2013-03-29,13,113,HOBBIES
P09,HOBBIES_1_151,2013-03-30,15,114,HOBBIES
P09,HOBBIES_1_151,2013-03-31,6,114,HOBBIES
P09,HOBBIES_1_151,2013-04-01,10,114,HOBBIES
P09,HOBBIES_1_151,2013-04-02,5,114,HOBBIES
P09,HOBBIES_1_151,2013-04-03,11,114,HOBBIES
P09,HOBBIES_1_151,2013-04-04,5,114,HOBBIES
P09,HOBBIES_1_151,2013-04-05,6,114,HOBBIES
P09,HOBBIES_1_151,2013-04-06,6,115,HOBBIES
P09,HOBBIES_1_151,2013-04-07,6,115,HOBBIES
P09,HOBBIES_1_151,2013-04-08,3,115,HOBBIES
P09,HOBBIES_1_151,2013-04-09,4,115,HOBBIES
P09,HOBBIES_1_151,2013-04-10,8,115,HOBBIES
P09,HOBBIES_1_151,2013-04-11,4,115,HOBBIES
P09,HOBBIES_1_151,2013-04-12,8,115,HOBBIES
P09,HOBBIES_1_151,2013-04-13,14,116,HOBBIES
P09,HOBBIES_1_151,2013-04-14,7,116,HOBBIES
P09,HOBBIES_1_151,2013-04-15,10,116,HOBBIES
P09,HOBBIES_1_151,2013-04-16,5,116,HOBBIES
P09,HOBBIES_1_151,2013-04-17,4,116,HOBBIES
P09,HOBBIES_1_151,2013-04-18,3,116,HOBBIES
P09,HOBBIES_1_151,2013-04-19,8,116,HOBBIES
P09,HOBBIES_1_151,2013-04-20,4,117,HOBBIES
P09,HOBBIES_1_151,2013-04-21,5,117,HOBBIES
P09,HOBBIES_1_151,2013-04-22,7,117,HOBBIES
P09,HOBBIES_1_151,2013-04-23,6,117,HOBBIES
P09,HOBBIES_1_151,2013-04-24,5,117,HOBBIES
P09,HOBBIES_1_151,2013-04-25,9,117,HOBBIES
P09,HOBBIES_1_151,2013-04-26,4,117,HOBBIES
P09,HOBBIES_1_151,2013-04-27,2,118,HOBBIES
P09,HOBBIES_1_151,2013-04-28,0,118,HOBBIES
P09,HOBBIES_1_151,2013-04-29,1,118,HOBBIES
P09,HOBBIES_1_151,2013-04-30,0,118,HOBBIES
P09,HOBBIES_1_151,2013-05-01,0,118,HOBBIES
P09,HOBBIES_1_151,2013-05-02,0,118,HOBBIES
P09,HOBBIES_1_151,2013-05-03,1,118,HOBBIES
P09,HOBBIES_1_151,2013-05-04,1,119,HOBBIES
P09,HOBBIES_1_151,2013-05-05,6,119,HOBBIES
P09,HOBBIES_1_151,2013-05-06,5,119,HOBBIES
P09,HOBBIES_1_151,2013-05-07,4,119,HOBBIES
P09,HOBBIES_1_151,2013-05-08,6,119,HOBBIES
P09,HOBBIES_1_151,2013-05-09,5,119,HOBBIES
P09,HOBBIES_1_151,2013-05-10,3,119,HOBBIES
P09,HOBBIES_1_151,2013-05-11,6,120,HOBBIES
P09,HOBBIES_1_151,2013-05-12,3,120,HOBBIES
P09,HOBBIES_1_151,2013-05-13,5,120,HOBBIES
P09,HOBBIES_1_151,2013-05-14,12,120,HOBBIES
P09,HOBBIES_1_151,2013-05-15,9,120,HOBBIES
P09,HOBBIES_1_151,2013-05-16,8,120,HOBBIES
P09,HOBBIES_1_151,2013-05-17,4,120,HOBBIES
P09,HOBBIES_1_151,2013-05-18,5,121,HOBBIES
P09,HOBBIES_1_151,2013-05-19,8,121,HOBBIES
P09,HOBBIES_1_151,2013-05-20,4,121,HOBBIES
P09,HOBBIES_1_151,2013-05-21,4,121,HOBBIES
P09,HOBBIES_1_151,2013-05-22,6,121,HOBBIES
P09,HOBBIES_1_151,2013-05-23,5,121,HOBBIES
P09,HOBBIES_1_151,2013-05-24,5,121,HOBBIES
P09,HOBBIES_1_151,2013-05-25,10,122,HOBBIES
P09,HOBBIES_1_151,2013-05-26,5,122,HOBBIES
P09,HOBBIES_1_151,2013-05-27,14,122,HOBBIES
P09,HOBBIES_1_151,2013-05-28,5,122,HOBBIES
P09,HOBBIES_1_151,2013-05-29,4,122,HOBBIES
P09,HOBBIES_1_151,2013-05-30,7,122,HOBBIES
P09,HOBBIES_1_151,2013-05-31,5,122,HOBBIES
P09,HOBBIES_1_151,2013-06-01,8,123,HOBBIES
P09,HOBBIES_1_151,2013-06-02,1,123,HOBBIES
P09,HOBBIES_1_151,2013-06-03,4,123,HOBBIES
P09,HOBBIES_1_151,2013-06-04,4,123,HOBBIES
P09,HOBBIES_1_151,2013-06-05,6,123,HOBBIES
P09,HOBBIES_1_151,2013-06-06,4,123,HOBBIES
P09,HOBBIES_1_151,2013-06-07,8,123,HOBBIES
P09,HOBBIES_1_151,2013-06-08,3,124,HOBBIES
P09,HOBBIES_1_151,2013-06-09,6,124,HOBBIES
P09,HOBBIES_1_151,2013-06-10,3,124,HOBBIES
P09,HOBBIES_1_151,2013-06-11,7,124,HOBBIES
P09,HOBBIES_1_151,2013-06-12,8,124,HOBBIES
P09,HOBBIES_1_151,2013-06-13,6,124,HOBBIES
P09,HOBBIES_1_151,2013-06-14,6,124,HOBBIES
P09,HOBBIES_1_151,2013-06-15,6,125,HOBBIES
P09,HOBBIES_1_151,2013-06-16,3,125,HOBBIES
P09,HOBBIES_1_151,2013-06-17,2,125,HOBBIES
P09,HOBBIES_1_151,2013-06-18,9,125,HOBBIES
P09,HOBBIES_1_151,2013-06-19,5,125,HOBBIES
P09,HOBBIES_1_151,2013-06-20,3,125,HOBBIES
P09,HOBBIES_1_151,2013-06-21,5,125,HOBBIES
P09,HOBBIES_1_151,2013-06-22,8,126,HOBBIES
P09,HOBBIES_1_151,2013-06-23,10,126,HOBBIES
P09,HOBBIES_1_151,2013-06-24,4,126,HOBBIES
P09,HOBBIES_1_151,2013-06-25,4,126,HOBBIES
P09,HOBBIES_1_151,2013-06-26,11,126,HOBBIES
P09,HOBBIES_1_151,2013-06-27,6,126,HOBBIES
P09,HOBBIES_1_151,2013-06-28,6,126,HOBBIES
P09,HOBBIES_1_151,2013-06-29,6,127,HOBBIES
P09,HOBBIES_1_151,2013-06-30,6,127,HOBBIES
P09,HOBBIES_1_151,2013-07-01,5,127,HOBBIES
P09,HOBBIES_1_151,2013-07-02,10,127,HOBBIES
P09,HOBBIES_1_151,2013-07-03,3,127,HOBBIES
P09,HOBBIES_1_151,2013-07-04,5,127,HOBBIES
P09,HOBBIES_1_151,2013-07-05,3,127,HOBBIES
P09,HOBBIES_1_151,2013-07-06,7,128,HOBBIES
P09,HOBBIES_1_151,2013-07-07,7,128,HOBBIES
P09,HOBBIES_1_151,2013-07-08,2,128,HOBBIES
P09,HOBBIES_1_151,2013-07-09,6,128,HOBBIES
P09,HOBBIES_1_151,2013-07-10,7,128,HOBBIES
P09,HOBBIES_1_151,2013-07-11,5,128,HOBBIES
P09,HOBBIES_1_151,2013-07-12,8,128,HOBBIES
P09,HOBBIES_1_151,2013-07-13,5,129,HOBBIES
P09,HOBBIES_1_151,2013-07-14,7,129,HOBBIES
P09,HOBBIES_1_151,2013-07-15,5,129,HOBBIES
P09,HOBBIES_1_151,2013-07-16,9,129,HOBBIES
P09,HOBBIES_1_151,2013-07-17,7,129,HOBBIES
P09,HOBBIES_1_151,2013-07-18,5,129,HOBBIES
P09,HOBBIES_1_151,2013-07-19,7,129,HOBBIES
P09,HOBBIES_1_151,2013-07-20,7,130,HOBBIES
P09,HOBBIES_1_151,2013-07-21,7,130,HOBBIES
P09,HOBBIES_1_151,2013-07-22,3,130,HOBBIES
P09,HOBBIES_1_151,2013-07-23,3,130,HOBBIES
P09,HOBBIES_1_151,2013-07-24,6,130,HOBBIES
P09,HOBBIES_1_151,2013-07-25,5,130,HOBBIES
P09,HOBBIES_1_151,2013-07-26,12,130,HOBBIES
P09,HOBBIES_1_151,2013-07-27,5,131,HOBBIES
P09,HOBBIES_1_151,2013-07-28,6,131,HOBBIES
P09,HOBBIES_1_151,2013-07-29,5,131,HOBBIES
P09,HOBBIES_1_151,2013-07-30,10,131,HOBBIES
P09,HOBBIES_1_151,2013-07-31,7,131,HOBBIES
P09,HOBBIES_1_151,2013-08-01,3,131,HOBBIES
P09,HOBBIES_1_151,2013-08-02,5,131,HOBBIES
P09,HOBBIES_1_151,2013-08-03,4,132,HOBBIES
P09,HOBBIES_1_151,2013-08-04,8,132,HOBBIES
P09,HOBBIES_1_151,2013-08-05,3,132,HOBBIES
P09,HOBBIES_1_151,2013-08-06,6,132,HOBBIES
P09,HOBBIES_1_151,2013-08-07,5,132,HOBBIES
P09,HOBBIES_1_151,2013-08-08,5,132,HOBBIES
P09,HOBBIES_1_151,2013-08-09,4,132,HOBBIES
P09,HOBBIES_1_151,2013-08-10,8,133,HOBBIES
P09,HOBBIES_1_151,2013-08-11,7,133,HOBBIES
P09,HOBBIES_1_151,2013-08-12,7,133,HOBBIES
P09,HOBBIES_1_151,2013-08-13,4,133,HOBBIES
P09,HOBBIES_1_151,2013-08-14,7,133,HOBBIES
P09,HOBBIES_1_151,2013-08-15,2,133,HOBBIES
P09,HOBBIES_1_151,2013-08-16,8,133,HOBBIES
P09,HOBBIES_1_151,2013-08-17,5,134,HOBBIES
P09,HOBBIES_1_151,2013-08-18,8,134,HOBBIES
P09,HOBBIES_1_151,2013-08-19,5,134,HOBBIES
P09,HOBBIES_1_151,2013-08-20,4,134,HOBBIES
P09,HOBBIES_1_151,2013-08-21,4,134,HOBBIES
P09,HOBBIES_1_151,2013-08-22,5,134,HOBBIES
P09,HOBBIES_1_151,2013-08-23,4,134,HOBBIES
P09,HOBBIES_1_151,2013-08-24,10,135,HOBBIES
P09,HOBBIES_1_151,2013-08-25,10,135,HOBBIES
P09,HOBBIES_1_151,2013-08-26,5,135,HOBBIES
P09,HOBBIES_1_151,2013-08-27,4,135,HOBBIES
P09,HOBBIES_1_151,2013-08-28,3,135,HOBBIES
P09,HOBBIES_1_151,2013-08-29,4,135,HOBBIES
P09,HOBBIES_1_151,2013-08-30,9,135,HOBBIES
P09,HOBBIES_1_151,2013-08-31,7,136,HOBBIES
P09,HOBBIES_1_151,2013-09-01,0,136,HOBBIES
P09,HOBBIES_1_151,2013-09-02,0,136,HOBBIES
P09,HOBBIES_1_151,2013-09-03,0,136,HOBBIES
P09,HOBBIES_1_151,2013-09-04,0,136,HOBBIES
P09,HOBBIES_1_151,2013-09-05,0,136,HOBBIES
P09,HOBBIES_1_151,2013-09-06,0,136,HOBBIES
P09,HOBBIES_1_151,2013-09-07,0,137,HOBBIES
P09,HOBBIES_1_151,2013-09-08,5,137,HOBBIES
P09,HOBBIES_1_151,2013-09-09,4,137,HOBBIES
P09,HOBBIES_1_151,2013-09-10,5,137,HOBBIES
P09,HOBBIES_1_151,2013-09-11,6,137,HOBBIES
P09,HOBBIES_1_151,2013-09-12,9,137,HOBBIES
P09,HOBBIES_1_151,2013-09-13,9,137,HOBBIES
P09,HOBBIES_1_151,2013-09-14,10,138,HOBBIES
P09,HOBBIES_1_151,2013-09-15,7,138,HOBBIES
P09,HOBBIES_1_151,2013-09-16,8,138,HOBBIES
P09,HOBBIES_1_151,2013-09-17,5,138,HOBBIES
P09,HOBBIES_1_151,2013-09-18,9,138,HOBBIES
P09,HOBBIES_1_151,2013-09-19,4,138,HOBBIES
P09,HOBBIES_1_151,2013-09-20,6,138,HOBBIES
P09,HOBBIES_1_151,2013-09-21,6,139,HOBBIES
P09,HOBBIES_1_151,2013-09-22,4,139,HOBBIES
P09,HOBBIES_1_151,2013-09-23,6,139,HOBBIES
P09,HOBBIES_1_151,2013-09-24,2,139,HOBBIES
P09,HOBBIES_1_151,2013-09-25,11,139,HOBBIES
P09,HOBBIES_1_151,2013-09-26,4,139,HOBBIES
P09,HOBBIES_1_151,2013-09-27,4,139,HOBBIES
P09,HOBBIES_1_151,2013-09-28,10,140,HOBBIES
P09,HOBBIES_1_151,2013-09-29,8,140,HOBBIES
P09,HOBBIES_1_151,2013-09-30,5,140,HOBBIES
P09,HOBBIES_1_151,2013-10-01,6,140,HOBBIES
P09,HOBBIES_1_151,2013-10-02,6,140,HOBBIES
P09,HOBBIES_1_151,2013-10-03,4,140,HOBBIES
P09,HOBBIES_1_151,2013-10-04,4,140,HOBBIES
P09,HOBBIES_1_151,2013-10-05,10,141,HOBBIES
P09,HOBBIES_1_151,2013-10-06,4,141,HOBBIES
P09,HOBBIES_1_151,2013-10-07,12,141,HOBBIES
P09,HOBBIES_1_151,2013-10-08,7,141,HOBBIES
P09,HOBBIES_1_151,2013-10-09,4,141,HOBBIES
P09,HOBBIES_1_151,2013-10-10,7,141,HOBBIES
P09,HOBBIES_1_151,2013-10-11,4,141,HOBBIES
P09,HOBBIES_1_151,2013-10-12,6,142,HOBBIES
P09,HOBBIES_1_151,2013-10-13,6,142,HOBBIES
P09,HOBBIES_1_151,2013-10-14,6,142,HOBBIES
P09,HOBBIES_1_151,2013-10-15,3,142,HOBBIES
P09,HOBBIES_1_151,2013-10-16,3,142,HOBBIES
P09,HOBBIES_1_151,2013-10-17,4,142,HOBBIES
P09,HOBBIES_1_151,2013-10-18,3,142,HOBBIES
P09,HOBBIES_1_151,2013-10-19,11,143,HOBBIES
P09,HOBBIES_1_151,2013-10-20,8,143,HOBBIES
P09,HOBBIES_1_151,2013-10-21,6,143,HOBBIES
P09,HOBBIES_1_151,2013-10-22,5,143,HOBBIES
P09,HOBBIES_1_151,2013-10-23,3,143,HOBBIES
P09,HOBBIES_1_151,2013-10-24,3,143,HOBBIES
P09,HOBBIES_1_151,2013-10-25,2,143,HOBBIES
P09,HOBBIES_1_151,2013-10-26,1,144,HOBBIES
P09,HOBBIES_1_151,2013-10-27,13,144,HOBBIES
P09,HOBBIES_1_151,2013-10-28,8,144,HOBBIES
P09,HOBBIES_1_151,2013-10-29,1,144,HOBBIES
P09,HOBBIES_1_151,2013-10-30,3,144,HOBBIES
P09,HOBBIES_1_151,2013-10-31,6,144,HOBBIES
P09,HOBBIES_1_151,2013-11-01,12,144,HOBBIES
P09,HOBBIES_1_151,2013-11-02,7,145,HOBBIES
P09,HOBBIES_1_151,2013-11-03,10,145,HOBBIES
P09,HOBBIES_1_151,2013-11-04,6,145,HOBBIES
P09,HOBBIES_1_151,2013-11-05,13,145,HOBBIES
P09,HOBBIES_1_151,2013-11-06,6,145,HOBBIES
P09,HOBBIES_1_151,2013-11-07,5,145,HOBBIES
P09,HOBBIES_1_151,2013-11-08,6,145,HOBBIES
P09,HOBBIES_1_151,2013-11-09,5,146,HOBBIES
P09,HOBBIES_1_151,2013-11-10,4,146,HOBBIES
P09,HOBBIES_1_151,2013-11-11,7,146,HOBBIES
P09,HOBBIES_1_151,2013-11-12,3,146,HOBBIES
P09,HOBBIES_1_151,2013-11-13,3,146,HOBBIES
P09,HOBBIES_1_151,2013-11-14,3,146,HOBBIES
P09,HOBBIES_1_151,2013-11-15,10,146,HOBBIES
P09,HOBBIES_1_151,2013-11-16,10,147,HOBBIES
P09,HOBBIES_1_151,2013-11-17,6,147,HOBBIES
P09,HOBBIES_1_151,2013-11-18,10,147,HOBBIES
P09,HOBBIES_1_151,2013-11-19,5,147,HOBBIES
P09,HOBBIES_1_151,2013-11-20,6,147,HOBBIES
P09,HOBBIES_1_151,2013-11-21,6,147,HOBBIES
P09,HOBBIES_1_151,2013-11-22,12,147,HOBBIES
P09,HOBBIES_1_151,2013-11-23,6,148,HOBBIES
P09,HOBBIES_1_151,2013-11-24,7,148,HOBBIES
P09,HOBBIES_1_151,2013-11-25,5,148,HOBBIES
P09,HOBBIES_1_151,2013-11-26,11,148,HOBBIES
P09,HOBBIES_1_151,2013-11-27,6,148,HOBBIES
P09,HOBBIES_1_151,2013-11-28,4,148,HOBBIES
P09,HOBBIES_1_151,2013-11-29,3,148,HOBBIES
P09,HOBBIES_1_151,2013-11-30,5,149,HOBBIES
P09,HOBBIES_1_151,2013-12-01,8,149,HOBBIES
P09,HOBBIES_1_151,2013-12-02,10,149,HOBBIES
P09,HOBBIES_1_151,2013-12-03,8,149,HOBBIES
P09,HOBBIES_1_151,2013-12-04,6,149,HOBBIES
P09,HOBBIES_1_151,2013-12-05,7,149,HOBBIES
P09,HOBBIES_1_151,2013-12-06,6,149,HOBBIES
P09,HOBBIES_1_151,2013-12-07,6,150,HOBBIES
P09,HOBBIES_1_151,2013-12-08,13,150,HOBBIES
P09,HOBBIES_1_151,2013-12-09,9,150,HOBBIES
P09,HOBBIES_1_151,2013-12-10,6,150,HOBBIES
P09,HOBBIES_1_151,2013-12-11,8,150,HOBBIES
P09,HOBBIES_1_151,2013-12-12,4,150,HOBBIES
P09,HOBBIES_1_151,2013-12-13,5,150,HOBBIES
P09,HOBBIES_1_151,2013-12-14,15,151,HOBBIES
P09,HOBBIES_1_151,2013-12-15,5,151,HOBBIES
P09,HOBBIES_1_151,2013-12-16,2,151,HOBBIES
P09,HOBBIES_1_151,2013-12-17,7,151,HOBBIES
P09,HOBBIES_1_151,2013-12-18,9,151,HOBBIES
P09,HOBBIES_1_151,2013-12-19,6,151,HOBBIES
P09,HOBBIES_1_151,2013-12-20,8,151,HOBBIES
P09,HOBBIES_1_151,2013-12-21,6,152,HOBBIES
P09,HOBBIES_1_151,2013-12-22,7,152,HOBBIES
P09,HOBBIES_1_151,2013-12-23,9,152,HOBBIES
P09,HOBBIES_1_151,2013-12-24,4,152,HOBBIES
P09,HOBBIES_1_151,2013-12-25,0,152,HOBBIES
P09,HOBBIES_1_151,2013-12-26,9,152,HOBBIES
P09,HOBBIES_1_151,2013-12-27,7,152,HOBBIES
P09,HOBBIES_1_151,2013-12-28,12,153,HOBBIES
P09,HOBBIES_1_151,2013-12-29,10,153,HOBBIES
P09,HOBBIES_1_151,2013-12-30,4,153,HOBBIES
P09,HOBBIES_1_151,2013-12-31,5,153,HOBBIES
P09,HOBBIES_1_151,2014-01-01,2,153,HOBBIES
P09,HOBBIES_1_151,2014-01-02,9,153,HOBBIES
P09,HOBBIES_1_151,2014-01-03,4,153,HOBBIES
P09,HOBBIES_1_151,2014-01-04,4,154,HOBBIES
P09,HOBBIES_1_151,2014-01-05,10,154,HOBBIES
P09,HOBBIES_1_151,2014-01-06,3,154,HOBBIES
P09,HOBBIES_1_151,2014-01-07,5,154,HOBBIES
P09,HOBBIES_1_151,2014-01-08,7,154,HOBBIES
P09,HOBBIES_1_151,2014-01-09,4,154,HOBBIES
P09,HOBBIES_1_151,2014-01-10,9,154,HOBBIES
P09,HOBBIES_1_151,2014-01-11,5,155,HOBBIES
P09,HOBBIES_1_151,2014-01-12,10,155,HOBBIES
P09,HOBBIES_1_151,2014-01-13,10,155,HOBBIES
P09,HOBBIES_1_151,2014-01-14,3,155,HOBBIES
P09,HOBBIES_1_151,2014-01-15,6,155,HOBBIES
P09,HOBBIES_1_151,2014-01-16,8,155,HOBBIES
P09,HOBBIES_1_151,2014-01-17,5,155,HOBBIES
P09,HOBBIES_1_151,2014-01-18,6,156,HOBBIES
P09,HOBBIES_1_151,2014-01-19,7,156,HOBBIES
P09,HOBBIES_1_151,2014-01-20,5,156,HOBBIES
P09,HOBBIES_1_151,2014-01-21,8,156,HOBBIES
P09,HOBBIES_1_151,2014-01-22,8,156,HOBBIES
P09,HOBBIES_1_151,2014-01-23,4,156,HOBBIES
P09,HOBBIES_1_151,2014-01-24,7,156,HOBBIES
P09,HOBBIES_1_151,2014-01-25,7,157,HOBBIES
P09,HOBBIES_1_151,2014-01-26,5,157,HOBBIES
P09,HOBBIES_1_151,2014-01-27,6,157,HOBBIES
P09,HOBBIES_1_151,2014-01-28,4,157,HOBBIES
P09,HOBBIES_1_151,2014-01-29,9,157,HOBBIES
P09,HOBBIES_1_151,2014-01-30,4,157,HOBBIES
P09,HOBBIES_1_151,2014-01-31,5,157,HOBBIES
P09,HOBBIES_1_151,2014-02-01,8,158,HOBBIES
P09,HOBBIES_1_151,2014-02-02,8,158,HOBBIES
P09,HOBBIES_1_151,2014-02-03,8,158,HOBBIES
P09,HOBBIES_1_151,2014-02-04,0,158,HOBBIES
P09,HOBBIES_1_151,2014-02-05,4,158,HOBBIES
P09,HOBBIES_1_151,2014-02-06,9,158,HOBBIES
P09,HOBBIES_1_151,2014-02-07,4,158,HOBBIES
P09,HOBBIES_1_151,2014-02-08,6,159,HOBBIES
P09,HOBBIES_1_151,2014-02-09,9,159,HOBBIES
P09,HOBBIES_1_151,2014-02-10,5,159,HOBBIES
P09,HOBBIES_1_151,2014-02-11,3,159,HOBBIES
P09,HOBBIES_1_151,2014-02-12,2,159,HOBBIES
P09,HOBBIES_1_151,2014-02-13,4,159,HOBBIES
P09,HOBBIES_1_151,2014-02-14,6,159,HOBBIES
P09,HOBBIES_1_151,2014-02-15,5,160,HOBBIES
P09,HOBBIES_1_151,2014-02-16,11,160,HOBBIES
P09,HOBBIES_1_151,2014-02-17,7,160,HOBBIES
P09,HOBBIES_1_151,2014-02-18,7,160,HOBBIES
P09,HOBBIES_1_151,2014-02-19,6,160,HOBBIES
P09,HOBBIES_1_151,2014-02-20,3,160,HOBBIES
P09,HOBBIES_1_151,2014-02-21,6,160,HOBBIES
P09,HOBBIES_1_151,2014-02-22,5,161,HOBBIES
P09,HOBBIES_1_151,2014-02-23,9,161,HOBBIES
P09,HOBBIES_1_151,2014-02-24,7,161,HOBBIES
P09,HOBBIES_1_151,2014-02-25,4,161,HOBBIES
P09,HOBBIES_1_151,2014-02-26,7,161,HOBBIES
P09,HOBBIES_1_151,2014-02-27,6,161,HOBBIES
P09,HOBBIES_1_151,2014-02-28,7,161,HOBBIES
P09,HOBBIES_1_151,2014-03-01,4,162,HOBBIES
P09,HOBBIES_1_151,2014-03-02,7,162,HOBBIES
P09,HOBBIES_1_151,2014-03-03,3,162,HOBBIES
P09,HOBBIES_1_151,2014-03-04,5,162,HOBBIES
P09,HOBBIES_1_151,2014-03-05,2,162,HOBBIES
P09,HOBBIES_1_151,2014-03-06,5,162,HOBBIES
P09,HOBBIES_1_151,2014-03-07,4,162,HOBBIES
P09,HOBBIES_1_151,2014-03-08,6,163,HOBBIES
P09,HOBBIES_1_151,2014-03-09,5,163,HOBBIES
P09,HOBBIES_1_151,2014-03-10,9,163,HOBBIES
P09,HOBBIES_1_151,2014-03-11,4,163,HOBBIES
P09,HOBBIES_1_151,2014-03-12,4,163,HOBBIES
P09,HOBBIES_1_151,2014-03-13,4,163,HOBBIES
P09,HOBBIES_1_151,2014-03-14,4,163,HOBBIES
P09,HOBBIES_1_151,2014-03-15,11,164,HOBBIES
P09,HOBBIES_1_151,2014-03-16,4,164,HOBBIES
P09,HOBBIES_1_151,2014-03-17,4,164,HOBBIES
P09,HOBBIES_1_151,2014-03-18,10,164,HOBBIES
P09,HOBBIES_1_151,2014-03-19,2,164,HOBBIES
P09,HOBBIES_1_151,2014-03-20,3,164,HOBBIES
P09,HOBBIES_1_151,2014-03-21,6,164,HOBBIES
P09,HOBBIES_1_151,2014-03-22,2,165,HOBBIES
P09,HOBBIES_1_151,2014-03-23,11,165,HOBBIES
P09,HOBBIES_1_151,2014-03-24,4,165,HOBBIES
P09,HOBBIES_1_151,2014-03-25,3,165,HOBBIES
P09,HOBBIES_1_151,2014-03-26,4,165,HOBBIES
P09,HOBBIES_1_151,2014-03-27,6,165,HOBBIES
P09,HOBBIES_1_151,2014-03-28,7,165,HOBBIES
P09,HOBBIES_1_151,2014-03-29,8,166,HOBBIES
P09,HOBBIES_1_151,2014-03-30,4,166,HOBBIES
P09,HOBBIES_1_151,2014-03-31,3,166,HOBBIES
P09,HOBBIES_1_151,2014-04-01,8,166,HOBBIES
P09,HOBBIES_1_151,2014-04-02,7,166,HOBBIES
P09,HOBBIES_1_151,2014-04-03,6,166,HOBBIES
P09,HOBBIES_1_151,2014-04-04,3,166,HOBBIES
P09,HOBBIES_1_151,2014-04-05,5,167,HOBBIES
P09,HOBBIES_1_151,2014-04-06,3,167,HOBBIES
P09,HOBBIES_1_151,2014-04-07,2,167,HOBBIES
P09,HOBBIES_1_151,2014-04-08,6,167,HOBBIES
P09,HOBBIES_1_151,2014-04-09,7,167,HOBBIES
P09,HOBBIES_1_151,2014-04-10,1,167,HOBBIES
P09,HOBBIES_1_151,2014-04-11,1,167,HOBBIES
P09,HOBBIES_1_151,2014-04-12,6,168,HOBBIES
P09,HOBBIES_1_151,2014-04-13,8,168,HOBBIES
P09,HOBBIES_1_151,2014-04-14,8,168,HOBBIES
P09,HOBBIES_1_151,2014-04-15,5,168,HOBBIES
P09,HOBBIES_1_151,2014-04-16,6,168,HOBBIES
P09,HOBBIES_1_151,2014-04-17,3,168,HOBBIES
P09,HOBBIES_1_151,2014-04-18,1,168,HOBBIES
P09,HOBBIES_1_151,2014-04-19,9,169,HOBBIES
P09,HOBBIES_1_151,2014-04-20,4,169,HOBBIES
P09,HOBBIES_1_151,2014-04-21,6,169,HOBBIES
P09,HOBBIES_1_151,2014-04-22,4,169,HOBBIES
P09,HOBBIES_1_151,2014-04-23,4,169,HOBBIES
P09,HOBBIES_1_151,2014-04-24,3,169,HOBBIES
P09,HOBBIES_1_151,2014-04-25,4,169,HOBBIES
P09,HOBBIES_1_151,2014-04-26,12,170,HOBBIES
P09,HOBBIES_1_151,2014-04-27,9,170,HOBBIES
P09,HOBBIES_1_151,2014-04-28,2,170,HOBBIES
P09,HOBBIES_1_151,2014-04-29,7,170,HOBBIES
P09,HOBBIES_1_151,2014-04-30,7,170,HOBBIES
P09,HOBBIES_1_151,2014-05-01,5,170,HOBBIES
P09,HOBBIES_1_151,2014-05-02,8,170,HOBBIES
P09,HOBBIES_1_151,2014-05-03,11,171,HOBBIES
P09,HOBBIES_1_151,2014-05-04,7,171,HOBBIES
P09,HOBBIES_1_151,2014-05-05,4,171,HOBBIES
P09,HOBBIES_1_151,2014-05-06,5,171,HOBBIES
P09,HOBBIES_1_151,2014-05-07,2,171,HOBBIES
P09,HOBBIES_1_151,2014-05-08,5,171,HOBBIES
P09,HOBBIES_1_151,2014-05-09,6,171,HOBBIES
P09,HOBBIES_1_151,2014-05-10,3,172,HOBBIES
P09,HOBBIES_1_151,2014-05-11,3,172,HOBBIES
P09,HOBBIES_1_151,2014-05-12,7,172,HOBBIES
P09,HOBBIES_1_151,2014-05-13,6,172,HOBBIES
P09,HOBBIES_1_151,2014-05-14,4,172,HOBBIES
P09,HOBBIES_1_151,2014-05-15,1,172,HOBBIES
P09,HOBBIES_1_151,2014-05-16,6,172,HOBBIES
P09,HOBBIES_1_151,2014-05-17,4,173,HOBBIES
P09,HOBBIES_1_151,2014-05-18,12,173,HOBBIES
P09,HOBBIES_1_151,2014-05-19,6,173,HOBBIES
P09,HOBBIES_1_151,2014-05-20,3,173,HOBBIES
P09,HOBBIES_1_151,2014-05-21,6,173,HOBBIES
P09,HOBBIES_1_151,2014-05-22,6,173,HOBBIES
P09,HOBBIES_1_151,2014-05-23,3,173,HOBBIES
P09,HOBBIES_1_151,2014-05-24,4,174,HOBBIES
P09,HOBBIES_1_151,2014-05-25,6,174,HOBBIES
P09,HOBBIES_1_151,2014-05-26,8,174,HOBBIES
P09,HOBBIES_1_151,2014-05-27,4,174,HOBBIES
P09,HOBBIES_1_151,2014-05-28,3,174,HOBBIES
P09,HOBBIES_1_151,2014-05-29,5,174,HOBBIES
P09,HOBBIES_1_151,2014-05-30,7,174,HOBBIES
P09,HOBBIES_1_151,2014-05-31,4,175,HOBBIES
P09,HOBBIES_1_151,2014-06-01,6,175,HOBBIES
P09,HOBBIES_1_151,2014-06-02,2,175,HOBBIES
P09,HOBBIES_1_151,2014-06-03,12,175,HOBBIES
P09,HOBBIES_1_151,2014-06-04,5,175,HOBBIES
P09,HOBBIES_1_151,2014-06-05,6,175,HOBBIES
P09,HOBBIES_1_151,2014-06-06,5,175,HOBBIES
P09,HOBBIES_1_151,2014-06-07,4,176,HOBBIES
P09,HOBBIES_1_151,2014-06-08,9,176,HOBBIES
P09,HOBBIES_1_151,2014-06-09,11,176,HOBBIES
P09,HOBBIES_1_151,2014-06-10,9,176,HOBBIES
P09,HOBBIES_1_151,2014-06-11,1,176,HOBBIES
P09,HOBBIES_1_151,2014-06-12,3,176,HOBBIES
P09,HOBBIES_1_151,2014-06-13,1,176,HOBBIES
P09,HOBBIES_1_151,2014-06-14,10,177,HOBBIES
P09,HOBBIES_1_151,2014-06-15,4,177,HOBBIES
P09,HOBBIES_1_151,2014-06-16,4,177,HOBBIES
P09,HOBBIES_1_151,2014-06-17,4,177,HOBBIES
P09,HOBBIES_1_151,2014-06-18,2,177,HOBBIES
P09,HOBBIES_1_151,2014-06-19,8,177,HOBBIES
P09,HOBBIES_1_151,2014-06-20,5,177,HOBBIES
P09,HOBBIES_1_151,2014-06-21,6,178,HOBBIES
P09,HOBBIES_1_151,2014-06-22,5,178,HOBBIES
P09,HOBBIES_1_151,2014-06-23,4,178,HOBBIES
P09,HOBBIES_1_151,2014-06-24,4,178,HOBBIES
P09,HOBBIES_1_151,2014-06-25,10,178,HOBBIES
P09,HOBBIES_1_151,2014-06-26,0,178,HOBBIES
P09,HOBBIES_1_151,2014-06-27,12,178,HOBBIES
P09,HOBBIES_1_151,2014-06-28,8,179,HOBBIES
P09,HOBBIES_1_151,2014-06-29,7,179,HOBBIES
P09,HOBBIES_1_151,2014-06-30,4,179,HOBBIES
P09,HOBBIES_1_151,2014-07-01,7,179,HOBBIES
P09,HOBBIES_1_151,2014-07-02,4,179,HOBBIES
P09,HOBBIES_1_151,2014-07-03,14,179,HOBBIES
P09,HOBBIES_1_151,2014-07-04,3,179,HOBBIES
P09,HOBBIES_1_151,2014-07-05,8,180,HOBBIES
P09,HOBBIES_1_151,2014-07-06,9,180,HOBBIES
P09,HOBBIES_1_151,2014-07-07,4,180,HOBBIES
P09,HOBBIES_1_151,2014-07-08,2,180,HOBBIES
P09,HOBBIES_1_151,2014-07-09,4,180,HOBBIES
P09,HOBBIES_1_151,2014-07-10,6,180,HOBBIES
P09,HOBBIES_1_151,2014-07-11,3,180,HOBBIES
P09,HOBBIES_1_151,2014-07-12,10,181,HOBBIES
P09,HOBBIES_1_151,2014-07-13,6,181,HOBBIES
P09,HOBBIES_1_151,2014-07-14,7,181,HOBBIES
P09,HOBBIES_1_151,2014-07-15,6,181,HOBBIES
P09,HOBBIES_1_151,2014-07-16,3,181,HOBBIES
P09,HOBBIES_1_151,2014-07-17,4,181,HOBBIES
P09,HOBBIES_1_151,2014-07-18,4,181,HOBBIES
P09,HOBBIES_1_151,2014-07-19,5,182,HOBBIES
P09,HOBBIES_1_151,2014-07-20,8,182,HOBBIES
P09,HOBBIES_1_151,2014-07-21,6,182,HOBBIES
P09,HOBBIES_1_151,2014-07-22,11,182,HOBBIES
P09,HOBBIES_1_151,2014-07-23,4,182,HOBBIES
P09,HOBBIES_1_151,2014-07-24,4,182,HOBBIES
P09,HOBBIES_1_151,2014-07-25,3,182,HOBBIES
P09,HOBBIES_1_151,2014-07-26,7,183,HOBBIES
P09,HOBBIES_1_151,2014-07-27,6,183,HOBBIES
P09,HOBBIES_1_151,2014-07-28,1,183,HOBBIES
P09,HOBBIES_1_151,2014-07-29,4,183,HOBBIES
P09,HOBBIES_1_151,2014-07-30,5,183,HOBBIES
P09,HOBBIES_1_151,2014-07-31,6,183,HOBBIES
P09,HOBBIES_1_151,2014-08-01,4,183,HOBBIES
P09,HOBBIES_1_151,2014-08-02,7,184,HOBBIES
P09,HOBBIES_1_151,2014-08-03,6,184,HOBBIES
P09,HOBBIES_1_151,2014-08-04,3,184,HOBBIES
P09,HOBBIES_1_151,2014-08-05,4,184,HOBBIES
P09,HOBBIES_1_151,2014-08-06,8,184,HOBBIES
P09,HOBBIES_1_151,2014-08-07,2,184,HOBBIES
P09,HOBBIES_1_151,2014-08-08,6,184,HOBBIES
P09,HOBBIES_1_151,2014-08-09,7,185,HOBBIES
P09,HOBBIES_1_151,2014-08-10,5,185,HOBBIES
P09,HOBBIES_1_151,2014-08-11,3,185,HOBBIES
P09,HOBBIES_1_151,2014-08-12,8,185,HOBBIES
P09,HOBBIES_1_151,2014-08-13,2,185,HOBBIES
P09,HOBBIES_1_151,2014-08-14,4,185,HOBBIES
P09,HOBBIES_1_151,2014-08-15,4,185,HOBBIES
P09,HOBBIES_1_151,2014-08-16,8,186,HOBBIES
P09,HOBBIES_1_151,2014-08-17,3,186,HOBBIES
P09,HOBBIES_1_151,2014-08-18,8,186,HOBBIES
P09,HOBBIES_1_151,2014-08-19,7,186,HOBBIES
P09,HOBBIES_1_151,2014-08-20,3,186,HOBBIES
P09,HOBBIES_1_151,2014-08-21,6,186,HOBBIES
P09,HOBBIES_1_151,2014-08-22,12,186,HOBBIES
P09,HOBBIES_1_151,2014-08-23,2,187,HOBBIES
P09,HOBBIES_1_151,2014-08-24,9,187,HOBBIES
P09,HOBBIES_1_151,2014-08-25,4,187,HOBBIES
P09,HOBBIES_1_151,2014-08-26,7,187,HOBBIES
P09,HOBBIES_1_151,2014-08-27,7,187,HOBBIES
P09,HOBBIES_1_151,2014-08-28,4,187,HOBBIES
P09,HOBBIES_1_151,2014-08-29,6,187,HOBBIES
P09,HOBBIES_1_151,2014-08-30,12,188,HOBBIES
P09,HOBBIES_1_151,2014-08-31,6,188,HOBBIES
P09,HOBBIES_1_151,2014-09-01,4,188,HOBBIES
P09,HOBBIES_1_151,2014-09-02,2,188,HOBBIES
P09,HOBBIES_1_151,2014-09-03,2,188,HOBBIES
P09,HOBBIES_1_151,2014-09-04,6,188,HOBBIES
P09,HOBBIES_1_151,2014-09-05,7,188,HOBBIES
P09,HOBBIES_1_151,2014-09-06,8,189,HOBBIES
P09,HOBBIES_1_151,2014-09-07,7,189,HOBBIES
P09,HOBBIES_1_151,2014-09-08,6,189,HOBBIES
P09,HOBBIES_1_151,2014-09-09,2,189,HOBBIES
P09,HOBBIES_1_151,2014-09-10,1,189,HOBBIES
P09,HOBBIES_1_151,2014-09-11,8,189,HOBBIES
P09,HOBBIES_1_151,2014-09-12,3,189,HOBBIES
P09,HOBBIES_1_151,2014-09-13,8,190,HOBBIES
P09,HOBBIES_1_151,2014-09-14,8,190,HOBBIES
P09,HOBBIES_1_151,2014-09-15,3,190,HOBBIES
P09,HOBBIES_1_151,2014-09-16,5,190,HOBBIES
P09,HOBBIES_1_151,2014-09-17,9,190,HOBBIES
P09,HOBBIES_1_151,2014-09-18,7,190,HOBBIES
P09,HOBBIES_1_151,2014-09-19,3,190,HOBBIES
P09,HOBBIES_1_151,2014-09-20,5,191,HOBBIES
P09,HOBBIES_1_151,2014-09-21,6,191,HOBBIES
P09,HOBBIES_1_151,2014-09-22,8,191,HOBBIES
P09,HOBBIES_1_151,2014-09-23,3,191,HOBBIES
P09,HOBBIES_1_151,2014-09-24,6,191,HOBBIES
P09,HOBBIES_1_151,2014-09-25,6,191,HOBBIES
P09,HOBBIES_1_151,2014-09-26,3,191,HOBBIES
P09,HOBBIES_1_151,2014-09-27,6,192,HOBBIES
P09,HOBBIES_1_151,2014-09-28,7,192,HOBBIES
P09,HOBBIES_1_151,2014-09-29,10,192,HOBBIES
P09,HOBBIES_1_151,2014-09-30,5,192,HOBBIES
P09,HOBBIES_1_151,2014-10-01,3,192,HOBBIES
P09,HOBBIES_1_151,2014-10-02,2,192,HOBBIES
P09,HOBBIES_1_151,2014-10-03,7,192,HOBBIES
P09,HOBBIES_1_151,2014-10-04,9,193,HOBBIES
P09,HOBBIES_1_151,2014-10-05,4,193,HOBBIES
P09,HOBBIES_1_151,2014-10-06,7,193,HOBBIES
P09,HOBBIES_1_151,2014-10-07,2,193,HOBBIES
P09,HOBBIES_1_151,2014-10-08,4,193,HOBBIES
P09,HOBBIES_1_151,2014-10-09,5,193,HOBBIES
P09,HOBBIES_1_151,2014-10-10,8,193,HOBBIES
P09,HOBBIES_1_151,2014-10-11,6,194,HOBBIES
P09,HOBBIES_1_151,2014-10-12,2,194,HOBBIES
P09,HOBBIES_1_151,2014-10-13,11,194,HOBBIES
P09,HOBBIES_1_151,2014-10-14,8,194,HOBBIES
P09,HOBBIES_1_151,2014-10-15,9,194,HOBBIES
P09,HOBBIES_1_151,2014-10-16,2,194,HOBBIES
P09,HOBBIES_1_151,2014-10-17,8,194,HOBBIES
P09,HOBBIES_1_151,2014-10-18,5,195,HOBBIES
P09,HOBBIES_1_151,2014-10-19,14,195,HOBBIES
P09,HOBBIES_1_151,2014-10-20,5,195,HOBBIES
P09,HOBBIES_1_151,2014-10-21,1,195,HOBBIES
P09,HOBBIES_1_151,2014-10-22,2,195,HOBBIES
P09,HOBBIES_1_151,2014-10-23,1,195,HOBBIES
P09,HOBBIES_1_151,2014-10-24,10,195,HOBBIES
P09,HOBBIES_1_151,2014-10-25,7,196,HOBBIES
P09,HOBBIES_1_151,2014-10-26,8,196,HOBBIES
P09,HOBBIES_1_151,2014-10-27,7,196,HOBBIES
P09,HOBBIES_1_151,2014-10-28,3,196,HOBBIES
P09,HOBBIES_1_151,2014-10-29,6,196,HOBBIES
P09,HOBBIES_1_151,2014-10-30,2,196,HOBBIES
P09,HOBBIES_1_151,2014-10-31,7,196,HOBBIES
P09,HOBBIES_1_151,2014-11-01,4,197,HOBBIES
P09,HOBBIES_1_151,2014-11-02,6,197,HOBBIES
P09,HOBBIES_1_151,2014-11-03,4,197,HOBBIES
P09,HOBBIES_1_151,2014-11-04,5,197,HOBBIES
P09,HOBBIES_1_151,2014-11-05,2,197,HOBBIES
P09,HOBBIES_1_151,2014-11-06,7,197,HOBBIES
P09,HOBBIES_1_151,2014-11-07,6,197,HOBBIES
P09,HOBBIES_1_151,2014-11-08,3,198,HOBBIES
P09,HOBBIES_1_151,2014-11-09,5,198,HOBBIES
P09,HOBBIES_1_151,2014-11-10,5,198,HOBBIES
P09,HOBBIES_1_151,2014-11-11,4,198,HOBBIES
P09,HOBBIES_1_151,2014-11-12,4,198,HOBBIES
P09,HOBBIES_1_151,2014-11-13,3,198,HOBBIES
P09,HOBBIES_1_151,2014-11-14,5,198,HOBBIES
P09,HOBBIES_1_151,2014-11-15,5,199,HOBBIES
P09,HOBBIES_1_151,2014-11-16,10,199,HOBBIES
P09,HOBBIES_1_151,2014-11-17,6,199,HOBBIES
P09,HOBBIES_1_151,2014-11-18,3,199,HOBBIES
P09,HOBBIES_1_151,2014-11-19,5,199,HOBBIES
P09,HOBBIES_1_151,2014-11-20,5,199,HOBBIES
P09,HOBBIES_1_151,2014-11-21,6,199,HOBBIES
P09,HOBBIES_1_151,2014-11-22,6,200,HOBBIES
P09,HOBBIES_1_151,2014-11-23,10,200,HOBBIES
P09,HOBBIES_1_151,2014-11-24,7,200,HOBBIES
P09,HOBBIES_1_151,2014-11-25,3,200,HOBBIES
P09,HOBBIES_1_151,2014-11-26,7,200,HOBBIES
P09,HOBBIES_1_151,2014-11-27,5,200,HOBBIES
P09,HOBBIES_1_151,2014-11-28,4,200,HOBBIES
P09,HOBBIES_1_151,2014-11-29,2,201,HOBBIES
P09,HOBBIES_1_151,2014-11-30,5,201,HOBBIES
P09,HOBBIES_1_151,2014-12-01,6,201,HOBBIES
P09,HOBBIES_1_151,2014-12-02,3,201,HOBBIES
P09,HOBBIES_1_151,2014-12-03,11,201,HOBBIES
P09,HOBBIES_1_151,2014-12-04,3,201,HOBBIES
P09,HOBBIES_1_151,2014-12-05,4,201,HOBBIES
P09,HOBBIES_1_151,2014-12-06,4,202,HOBBIES
P09,HOBBIES_1_151,2014-12-07,5,202,HOBBIES
P09,HOBBIES_1_151,2014-12-08,3,202,HOBBIES
P09,HOBBIES_1_151,2014-12-09,6,202,HOBBIES
P09,HOBBIES_1_151,2014-12-10,7,202,HOBBIES
P09,HOBBIES_1_151,2014-12-11,2,202,HOBBIES
P09,HOBBIES_1_151,2014-12-12,9,202,HOBBIES
P09,HOBBIES_1_151,2014-12-13,8,203,HOBBIES
P09,HOBBIES_1_151,2014-12-14,4,203,HOBBIES
P09,HOBBIES_1_151,2014-12-15,6,203,HOBBIES
P09,HOBBIES_1_151,2014-12-16,3,203,HOBBIES
P09,HOBBIES_1_151,2014-12-17,3,203,HOBBIES
P09,HOBBIES_1_151,2014-12-18,8,203,HOBBIES
P09,HOBBIES_1_151,2014-12-19,2,203,HOBBIES
P09,HOBBIES_1_151,2014-12-20,4,204,HOBBIES
P09,HOBBIES_1_151,2014-12-21,3,204,HOBBIES
P09,HOBBIES_1_151,2014-12-22,3,204,HOBBIES
P09,HOBBIES_1_151,2014-12-23,6,204,HOBBIES
P09,HOBBIES_1_151,2014-12-24,10,204,HOBBIES
P09,HOBBIES_1_151,2014-12-25,0,204,HOBBIES
P09,HOBBIES_1_151,2014-12-26,10,204,HOBBIES
P09,HOBBIES_1_151,2014-12-27,5,205,HOBBIES
P09,HOBBIES_1_151,2014-12-28,7,205,HOBBIES
P09,HOBBIES_1_151,2014-12-29,7,205,HOBBIES
P09,HOBBIES_1_151,2014-12-30,4,205,HOBBIES
P09,HOBBIES_1_151,2014-12-31,8,205,HOBBIES
P09,HOBBIES_1_151,2015-01-01,3,205,HOBBIES
P09,HOBBIES_1_151,2015-01-02,8,205,HOBBIES
P09,HOBBIES_1_151,2015-01-03,7,206,HOBBIES
P09,HOBBIES_1_151,2015-01-04,5,206,HOBBIES
P09,HOBBIES_1_151,2015-01-05,5,206,HOBBIES
P09,HOBBIES_1_151,2015-01-06,12,206,HOBBIES
P09,HOBBIES_1_151,2015-01-07,3,206,HOBBIES
P09,HOBBIES_1_151,2015-01-08,3,206,HOBBIES
P09,HOBBIES_1_151,2015-01-09,10,206,HOBBIES
P09,HOBBIES_1_151,2015-01-10,4,207,HOBBIES
P09,HOBBIES_1_151,2015-01-11,4,207,HOBBIES
P09,HOBBIES_1_151,2015-01-12,5,207,HOBBIES
P09,HOBBIES_1_151,2015-01-13,5,207,HOBBIES
P09,HOBBIES_1_151,2015-01-14,3,207,HOBBIES
P09,HOBBIES_1_151,2015-01-15,5,207,HOBBIES
P09,HOBBIES_1_151,2015-01-16,6,207,HOBBIES
P09,HOBBIES_1_151,2015-01-17,6,208,HOBBIES
P09,HOBBIES_1_151,2015-01-18,9,208,HOBBIES
P09,HOBBIES_1_151,2015-01-19,2,208,HOBBIES
P09,HOBBIES_1_151,2015-01-20,1,208,HOBBIES
P09,HOBBIES_1_151,2015-01-21,6,208,HOBBIES
P09,HOBBIES_1_151,2015-01-22,7,208,HOBBIES
P09,HOBBIES_1_151,2015-01-23,9,208,HOBBIES
P09,HOBBIES_1_151,2015-01-24,5,209,HOBBIES
P09,HOBBIES_1_151,2015-01-25,9,209,HOBBIES
P09,HOBBIES_1_151,2015-01-26,2,209,HOBBIES
P09,HOBBIES_1_151,2015-01-27,3,209,HOBBIES
P09,HOBBIES_1_151,2015-01-28,4,209,HOBBIES
P09,HOBBIES_1_151,2015-01-29,3,209,HOBBIES
P09,HOBBIES_1_151,2015-01-30,5,209,HOBBIES
P09,HOBBIES_1_151,2015-01-31,8,210,HOBBIES
P09,HOBBIES_1_151,2015-02-01,5,210,HOBBIES
P09,HOBBIES_1_151,2015-02-02,8,210,HOBBIES
P09,HOBBIES_1_151,2015-02-03,3,210,HOBBIES
P09,HOBBIES_1_151,2015-02-04,4,210,HOBBIES
P09,HOBBIES_1_151,2015-02-05,4,210,HOBBIES
P09,HOBBIES_1_151,2015-02-06,9,210,HOBBIES
P09,HOBBIES_1_151,2015-02-07,5,211,HOBBIES
P09,HOBBIES_1_151,2015-02-08,10,211,HOBBIES
P09,HOBBIES_1_151,2015-02-09,3,211,HOBBIES
P09,HOBBIES_1_151,2015-02-10,6,211,HOBBIES
P09,HOBBIES_1_151,2015-02-11,3,211,HOBBIES
P09,HOBBIES_1_151,2015-02-12,3,211,HOBBIES
P09,HOBBIES_1_151,2015-02-13,4,211,HOBBIES
P09,HOBBIES_1_151,2015-02-14,5,212,HOBBIES
P09,HOBBIES_1_151,2015-02-15,10,212,HOBBIES
P09,HOBBIES_1_151,2015-02-16,4,212,HOBBIES
P09,HOBBIES_1_151,2015-02-17,3,212,HOBBIES
P09,HOBBIES_1_151,2015-02-18,1,212,HOBBIES
P09,HOBBIES_1_151,2015-02-19,4,212,HOBBIES
P09,HOBBIES_1_151,2015-02-20,9,212,HOBBIES
P09,HOBBIES_1_151,2015-02-21,6,213,HOBBIES
P09,HOBBIES_1_151,2015-02-22,5,213,HOBBIES
P09,HOBBIES_1_151,2015-02-23,3,213,HOBBIES
P09,HOBBIES_1_151,2015-02-24,5,213,HOBBIES
P09,HOBBIES_1_151,2015-02-25,7,213,HOBBIES
P09,HOBBIES_1_151,2015-02-26,6,213,HOBBIES
P09,HOBBIES_1_151,2015-02-27,6,213,HOBBIES
P09,HOBBIES_1_151,2015-02-28,6,214,HOBBIES
P09,HOBBIES_1_151,2015-03-01,7,214,HOBBIES
P09,HOBBIES_1_151,2015-03-02,9,214,HOBBIES
P09,HOBBIES_1_151,2015-03-03,4,214,HOBBIES
P09,HOBBIES_1_151,2015-03-04,8,214,HOBBIES
P09,HOBBIES_1_151,2015-03-05,3,214,HOBBIES
P09,HOBBIES_1_151,2015-03-06,2,214,HOBBIES
P09,HOBBIES_1_151,2015-03-07,3,215,HOBBIES
P09,HOBBIES_1_151,2015-03-08,4,215,HOBBIES
P09,HOBBIES_1_151,2015-03-09,4,215,HOBBIES
P09,HOBBIES_1_151,2015-03-10,3,215,HOBBIES
P09,HOBBIES_1_151,2015-03-11,9,215,HOBBIES
P09,HOBBIES_1_151,2015-03-12,4,215,HOBBIES
P09,HOBBIES_1_151,2015-03-13,7,215,HOBBIES
P09,HOBBIES_1_151,2015-03-14,5,216,HOBBIES
P09,HOBBIES_1_151,2015-03-15,1,216,HOBBIES
P09,HOBBIES_1_151,2015-03-16,4,216,HOBBIES
P09,HOBBIES_1_151,2015-03-17,3,216,HOBBIES
P09,HOBBIES_1_151,2015-03-18,3,216,HOBBIES
P09,HOBBIES_1_151,2015-03-19,5,216,HOBBIES
P09,HOBBIES_1_151,2015-03-20,4,216,HOBBIES
P09,HOBBIES_1_151,2015-03-21,7,217,HOBBIES
P09,HOBBIES_1_151,2015-03-22,10,217,HOBBIES
P09,HOBBIES_1_151,2015-03-23,3,217,HOBBIES
P09,HOBBIES_1_151,2015-03-24,1,217,HOBBIES
P09,HOBBIES_1_151,2015-03-25,8,217,HOBBIES
P09,HOBBIES_1_151,2015-03-26,5,217,HOBBIES
P09,HOBBIES_1_151,2015-03-27,4,217,HOBBIES
P09,HOBBIES_1_151,2015-03-28,6,218,HOBBIES
P09,HOBBIES_1_151,2015-03-29,4,218,HOBBIES
P09,HOBBIES_1_151,2015-03-30,3,218,HOBBIES
P09,HOBBIES_1_151,2015-03-31,1,218,HOBBIES
P09,HOBBIES_1_151,2015-04-01,1,218,HOBBIES
P09,HOBBIES_1_151,2015-04-02,3,218,HOBBIES
P09,HOBBIES_1_151,2015-04-03,7,218,HOBBIES
P09,HOBBIES_1_151,2015-04-04,5,219,HOBBIES
P09,HOBBIES_1_151,2015-04-05,5,219,HOBBIES
P09,HOBBIES_1_151,2015-04-06,2,219,HOBBIES
P09,HOBBIES_1_151,2015-04-07,3,219,HOBBIES
P09,HOBBIES_1_151,2015-04-08,6,219,HOBBIES
P09,HOBBIES_1_151,2015-04-09,4,219,HOBBIES
P09,HOBBIES_1_151,2015-04-10,7,219,HOBBIES
P09,HOBBIES_1_151,2015-04-11,3,220,HOBBIES
P09,HOBBIES_1_151,2015-04-12,3,220,HOBBIES
P09,HOBBIES_1_151,2015-04-13,5,220,HOBBIES
P09,HOBBIES_1_151,2015-04-14,5,220,HOBBIES
P09,HOBBIES_1_151,2015-04-15,8,220,HOBBIES
P09,HOBBIES_1_151,2015-04-16,3,220,HOBBIES
P09,HOBBIES_1_151,2015-04-17,2,220,HOBBIES
P09,HOBBIES_1_151,2015-04-18,7,221,HOBBIES
P09,HOBBIES_1_151,2015-04-19,9,221,HOBBIES
P09,HOBBIES_1_151,2015-04-20,9,221,HOBBIES
P09,HOBBIES_1_151,2015-04-21,3,221,HOBBIES
P09,HOBBIES_1_151,2015-04-22,4,221,HOBBIES
P09,HOBBIES_1_151,2015-04-23,4,221,HOBBIES
P09,HOBBIES_1_151,2015-04-24,6,221,HOBBIES
P09,HOBBIES_1_151,2015-04-25,6,222,HOBBIES
P09,HOBBIES_1_151,2015-04-26,9,222,HOBBIES
P09,HOBBIES_1_151,2015-04-27,1,222,HOBBIES
P09,HOBBIES_1_151,2015-04-28,8,222,HOBBIES
P09,HOBBIES_1_151,2015-04-29,5,222,HOBBIES
P09,HOBBIES_1_151,2015-04-30,3,222,HOBBIES
P09,HOBBIES_1_151,2015-05-01,4,222,HOBBIES
P09,HOBBIES_1_151,2015-05-02,3,223,HOBBIES
P09,HOBBIES_1_151,2015-05-03,4,223,HOBBIES
P09,HOBBIES_1_151,2015-05-04,3,223,HOBBIES
P09,HOBBIES_1_151,2015-05-05,4,223,HOBBIES
P09,HOBBIES_1_151,2015-05-06,5,223,HOBBIES
P09,HOBBIES_1_151,2015-05-07,2,223,HOBBIES
P09,HOBBIES_1_151,2015-05-08,3,223,HOBBIES
P09,HOBBIES_1_151,2015-05-09,6,224,HOBBIES
P09,HOBBIES_1_151,2015-05-10,1,224,HOBBIES
P09,HOBBIES_1_151,2015-05-11,5,224,HOBBIES
P09,HOBBIES_1_151,2015-05-12,2,224,HOBBIES
P09,HOBBIES_1_151,2015-05-13,7,224,HOBBIES
P09,HOBBIES_1_151,2015-05-14,2,224,HOBBIES
P09,HOBBIES_1_151,2015-05-15,14,224,HOBBIES
P09,HOBBIES_1_151,2015-05-16,5,225,HOBBIES
P09,HOBBIES_1_151,2015-05-17,3,225,HOBBIES
P09,HOBBIES_1_151,2015-05-18,3,225,HOBBIES
P09,HOBBIES_1_151,2015-05-19,3,225,HOBBIES
P09,HOBBIES_1_151,2015-05-20,5,225,HOBBIES
P09,HOBBIES_1_151,2015-05-21,2,225,HOBBIES
P09,HOBBIES_1_151,2015-05-22,6,225,HOBBIES
P09,HOBBIES_1_151,2015-05-23,7,226,HOBBIES
P09,HOBBIES_1_151,2015-05-24,10,226,HOBBIES
P09,HOBBIES_1_151,2015-05-25,3,226,HOBBIES
P09,HOBBIES_1_151,2015-05-26,3,226,HOBBIES
P09,HOBBIES_1_151,2015-05-27,9,226,HOBBIES
P09,HOBBIES_1_151,2015-05-28,4,226,HOBBIES
P09,HOBBIES_1_151,2015-05-29,4,226,HOBBIES
P09,HOBBIES_1_151,2015-05-30,4,227,HOBBIES
P09,HOBBIES_1_151,2015-05-31,5,227,HOBBIES
P09,HOBBIES_1_151,2015-06-01,8,227,HOBBIES
P09,HOBBIES_1_151,2015-06-02,6,227,HOBBIES
P09,HOBBIES_1_151,2015-06-03,8,227,HOBBIES
P09,HOBBIES_1_151,2015-06-04,6,227,HOBBIES
P09,HOBBIES_1_151,2015-06-05,8,227,HOBBIES
P09,HOBBIES_1_151,2015-06-06,3,228,HOBBIES
P09,HOBBIES_1_151,2015-06-07,8,228,HOBBIES
P09,HOBBIES_1_151,2015-06-08,2,228,HOBBIES
P09,HOBBIES_1_151,2015-06-09,4,228,HOBBIES
P09,HOBBIES_1_151,2015-06-10,7,228,HOBBIES
P09,HOBBIES_1_151,2015-06-11,4,228,HOBBIES
P09,HOBBIES_1_151,2015-06-12,4,228,HOBBIES
P09,HOBBIES_1_151,2015-06-13,6,229,HOBBIES
P09,HOBBIES_1_151,2015-06-14,6,229,HOBBIES
P09,HOBBIES_1_151,2015-06-15,10,229,HOBBIES
P09,HOBBIES_1_151,2015-06-16,3,229,HOBBIES
P09,HOBBIES_1_151,2015-06-17,6,229,HOBBIES
P09,HOBBIES_1_151,2015-06-18,3,229,HOBBIES
P09,HOBBIES_1_151,2015-06-19,5,229,HOBBIES
P09,HOBBIES_1_151,2015-06-20,7,230,HOBBIES
P09,HOBBIES_1_151,2015-06-21,5,230,HOBBIES
P09,HOBBIES_1_151,2015-06-22,4,230,HOBBIES
P09,HOBBIES_1_151,2015-06-23,2,230,HOBBIES
P09,HOBBIES_1_151,2015-06-24,3,230,HOBBIES
P09,HOBBIES_1_151,2015-06-25,3,230,HOBBIES
P09,HOBBIES_1_151,2015-06-26,3,230,HOBBIES
P09,HOBBIES_1_151,2015-06-27,11,231,HOBBIES
P09,HOBBIES_1_151,2015-06-28,5,231,HOBBIES
P09,HOBBIES_1_151,2015-06-29,2,231,HOBBIES
P09,HOBBIES_1_151,2015-06-30,3,231,HOBBIES
P09,HOBBIES_1_151,2015-07-01,3,231,HOBBIES
P09,HOBBIES_1_151,2015-07-02,8,231,HOBBIES
P09,HOBBIES_1_151,2015-07-03,7,231,HOBBIES
P09,HOBBIES_1_151,2015-07-04,3,232,HOBBIES
P09,HOBBIES_1_151,2015-07-05,4,232,HOBBIES
P09,HOBBIES_1_151,2015-07-06,9,232,HOBBIES
P09,HOBBIES_1_151,2015-07-07,8,232,HOBBIES
P09,HOBBIES_1_151,2015-07-08,5,232,HOBBIES
P09,HOBBIES_1_151,2015-07-09,4,232,HOBBIES
P09,HOBBIES_1_151,2015-07-10,9,232,HOBBIES
P09,HOBBIES_1_151,2015-07-11,6,233,HOBBIES
P09,HOBBIES_1_151,2015-07-12,7,233,HOBBIES
P09,HOBBIES_1_151,2015-07-13,4,233,HOBBIES
P09,HOBBIES_1_151,2015-07-14,7,233,HOBBIES
P09,HOBBIES_1_151,2015-07-15,6,233,HOBBIES
P09,HOBBIES_1_151,2015-07-16,4,233,HOBBIES
P09,HOBBIES_1_151,2015-07-17,4,233,HOBBIES
P09,HOBBIES_1_151,2015-07-18,5,234,HOBBIES
P09,HOBBIES_1_151,2015-07-19,9,234,HOBBIES
P09,HOBBIES_1_151,2015-07-20,7,234,HOBBIES
P09,HOBBIES_1_151,2015-07-21,8,234,HOBBIES
P09,HOBBIES_1_151,2015-07-22,5,234,HOBBIES
P09,HOBBIES_1_151,2015-07-23,4,234,HOBBIES
P09,HOBBIES_1_151,2015-07-24,4,234,HOBBIES
P09,HOBBIES_1_151,2015-07-25,5,235,HOBBIES
P09,HOBBIES_1_151,2015-07-26,1,235,HOBBIES
P09,HOBBIES_1_151,2015-07-27,5,235,HOBBIES
P09,HOBBIES_1_151,2015-07-28,5,235,HOBBIES
P09,HOBBIES_1_151,2015-07-29,5,235,HOBBIES
P09,HOBBIES_1_151,2015-07-30,4,235,HOBBIES
P09,HOBBIES_1_151,2015-07-31,8,235,HOBBIES
P09,HOBBIES_1_151,2015-08-01,4,236,HOBBIES
P09,HOBBIES_1_151,2015-08-02,3,236,HOBBIES
P09,HOBBIES_1_151,2015-08-03,5,236,HOBBIES
P09,HOBBIES_1_151,2015-08-04,10,236,HOBBIES
P09,HOBBIES_1_151,2015-08-05,4,236,HOBBIES
P09,HOBBIES_1_151,2015-08-06,5,236,HOBBIES
P09,HOBBIES_1_151,2015-08-07,3,236,HOBBIES
P09,HOBBIES_1_151,2015-08-08,8,237,HOBBIES
P09,HOBBIES_1_151,2015-08-09,9,237,HOBBIES
P09,HOBBIES_1_151,2015-08-10,8,237,HOBBIES
P09,HOBBIES_1_151,2015-08-11,5,237,HOBBIES
P09,HOBBIES_1_151,2015-08-12,8,237,HOBBIES
P09,HOBBIES_1_151,2015-08-13,5,237,HOBBIES
P09,HOBBIES_1_151,2015-08-14,2,237,HOBBIES
P09,HOBBIES_1_151,2015-08-15,3,238,HOBBIES
P09,HOBBIES_1_151,2015-08-16,6,238,HOBBIES
P09,HOBBIES_1_151,2015-08-17,5,238,HOBBIES
P09,HOBBIES_1_151,2015-08-18,2,238,HOBBIES
P09,HOBBIES_1_151,2015-08-19,3,238,HOBBIES
P09,HOBBIES_1_151,2015-08-20,4,238,HOBBIES
P09,HOBBIES_1_151,2015-08-21,6,238,HOBBIES
P09,HOBBIES_1_151,2015-08-22,7,239,HOBBIES
P09,HOBBIES_1_151,2015-08-23,1,239,HOBBIES
P09,HOBBIES_1_151,2015-08-24,6,239,HOBBIES
P09,HOBBIES_1_151,2015-08-25,5,239,HOBBIES
P09,HOBBIES_1_151,2015-08-26,6,239,HOBBIES
P09,HOBBIES_1_151,2015-08-27,4,239,HOBBIES
P09,HOBBIES_1_151,2015-08-28,4,239,HOBBIES
P09,HOBBIES_1_151,2015-08-29,5,240,HOBBIES
P09,HOBBIES_1_151,2015-08-30,9,240,HOBBIES
P09,HOBBIES_1_151,2015-08-31,4,240,HOBBIES
P09,HOBBIES_1_151,2015-09-01,1,240,HOBBIES
P09,HOBBIES_1_151,2015-09-02,5,240,HOBBIES
P09,HOBBIES_1_151,2015-09-03,3,240,HOBBIES
P09,HOBBIES_1_151,2015-09-04,9,240,HOBBIES
P09,HOBBIES_1_151,2015-09-05,8,241,HOBBIES
P09,HOBBIES_1_151,2015-09-06,5,241,HOBBIES
P09,HOBBIES_1_151,2015-09-07,9,241,HOBBIES
P09,HOBBIES_1_151,2015-09-08,1,241,HOBBIES
P09,HOBBIES_1_151,2015-09-09,2,241,HOBBIES
P09,HOBBIES_1_151,2015-09-10,4,241,HOBBIES
P09,HOBBIES_1_151,2015-09-11,4,241,HOBBIES
P09,HOBBIES_1_151,2015-09-12,12,242,HOBBIES
P09,HOBBIES_1_151,2015-09-13,3,242,HOBBIES
P09,HOBBIES_1_151,2015-09-14,1,242,HOBBIES
P09,HOBBIES_1_151,2015-09-15,6,242,HOBBIES
P09,HOBBIES_1_151,2015-09-16,2,242,HOBBIES
P09,HOBBIES_1_151,2015-09-17,3,242,HOBBIES
P09,HOBBIES_1_151,2015-09-18,9,242,HOBBIES
P09,HOBBIES_1_151,2015-09-19,7,243,HOBBIES
P09,HOBBIES_1_151,2015-09-20,9,243,HOBBIES
P09,HOBBIES_1_151,2015-09-21,7,243,HOBBIES
P09,HOBBIES_1_151,2015-09-22,3,243,HOBBIES
P09,HOBBIES_1_151,2015-09-23,3,243,HOBBIES
P09,HOBBIES_1_151,2015-09-24,2,243,HOBBIES
P09,HOBBIES_1_151,2015-09-25,4,243,HOBBIES
P09,HOBBIES_1_151,2015-09-26,0,244,HOBBIES
P09,HOBBIES_1_151,2015-09-27,6,244,HOBBIES
P09,HOBBIES_1_151,2015-09-28,7,244,HOBBIES
P09,HOBBIES_1_151,2015-09-29,5,244,HOBBIES
P09,HOBBIES_1_151,2015-09-30,3,244,HOBBIES
P09,HOBBIES_1_151,2015-10-01,4,244,HOBBIES
P09,HOBBIES_1_151,2015-10-02,5,244,HOBBIES
P09,HOBBIES_1_151,2015-10-03,7,245,HOBBIES
P09,HOBBIES_1_151,2015-10-04,2,245,HOBBIES
P09,HOBBIES_1_151,2015-10-05,6,245,HOBBIES
P09,HOBBIES_1_151,2015-10-06,7,245,HOBBIES
P09,HOBBIES_1_151,2015-10-07,1,245,HOBBIES
P09,HOBBIES_1_151,2015-10-08,4,245,HOBBIES
P09,HOBBIES_1_151,2015-10-09,8,245,HOBBIES
P09,HOBBIES_1_151,2015-10-10,5,246,HOBBIES
P09,HOBBIES_1_151,2015-10-11,6,246,HOBBIES
P09,HOBBIES_1_151,2015-10-12,4,246,HOBBIES
P09,HOBBIES_1_151,2015-10-13,3,246,HOBBIES
P09,HOBBIES_1_151,2015-10-14,3,246,HOBBIES
P09,HOBBIES_1_151,2015-10-15,5,246,HOBBIES
P09,HOBBIES_1_151,2015-10-16,4,246,HOBBIES
P09,HOBBIES_1_151,2015-10-17,6,247,HOBBIES
P09,HOBBIES_1_151,2015-10-18,9,247,HOBBIES
P09,HOBBIES_1_151,2015-10-19,4,247,HOBBIES
P09,HOBBIES_1_151,2015-10-20,2,247,HOBBIES
P09,HOBBIES_1_151,2015-10-21,4,247,HOBBIES
P09,HOBBIES_1_151,2015-10-22,4,247,HOBBIES
P09,HOBBIES_1_151,2015-10-23,4,247,HOBBIES
P09,HOBBIES_1_151,2015-10-24,5,248,HOBBIES
P09,HOBBIES_1_151,2015-10-25,1,248,HOBBIES
P09,HOBBIES_1_151,2015-10-26,2,248,HOBBIES
P09,HOBBIES_1_151,2015-10-27,6,248,HOBBIES
P09,HOBBIES_1_151,2015-10-28,3,248,HOBBIES
P09,HOBBIES_1_151,2015-10-29,4,248,HOBBIES
P09,HOBBIES_1_151,2015-10-30,4,248,HOBBIES
P09,HOBBIES_1_151,2015-10-31,10,249,HOBBIES
P09,HOBBIES_1_151,2015-11-01,3,249,HOBBIES
P09,HOBBIES_1_151,2015-11-02,7,249,HOBBIES
P09,HOBBIES_1_151,2015-11-03,10,249,HOBBIES
P09,HOBBIES_1_151,2015-11-04,5,249,HOBBIES
P09,HOBBIES_1_151,2015-11-05,2,249,HOBBIES
P09,HOBBIES_1_151,2015-11-06,3,249,HOBBIES
P09,HOBBIES_1_151,2015-11-07,4,250,HOBBIES
P09,HOBBIES_1_151,2015-11-08,13,250,HOBBIES
P09,HOBBIES_1_151,2015-11-09,5,250,HOBBIES
P09,HOBBIES_1_151,2015-11-10,4,250,HOBBIES
P09,HOBBIES_1_151,2015-11-11,3,250,HOBBIES
P09,HOBBIES_1_151,2015-11-12,3,250,HOBBIES
P09,HOBBIES_1_151,2015-11-13,5,250,HOBBIES
P09,HOBBIES_1_151,2015-11-14,3,251,HOBBIES
P09,HOBBIES_1_151,2015-11-15,13,251,HOBBIES
P09,HOBBIES_1_151,2015-11-16,2,251,HOBBIES
P09,HOBBIES_1_151,2015-11-17,7,251,HOBBIES
P09,HOBBIES_1_151,2015-11-18,6,251,HOBBIES
P09,HOBBIES_1_151,2015-11-19,6,251,HOBBIES
P09,HOBBIES_1_151,2015-11-20,1,251,HOBBIES
P09,HOBBIES_1_151,2015-11-21,3,252,HOBBIES
P09,HOBBIES_1_151,2015-11-22,11,252,HOBBIES
P09,HOBBIES_1_151,2015-11-23,1,252,HOBBIES
P09,HOBBIES_1_151,2015-11-24,4,252,HOBBIES
P09,HOBBIES_1_151,2015-11-25,3,252,HOBBIES
P09,HOBBIES_1_151,2015-11-26,1,252,HOBBIES
P09,HOBBIES_1_151,2015-11-27,8,252,HOBBIES
P09,HOBBIES_1_151,2015-11-28,6,253,HOBBIES
P09,HOBBIES_1_151,2015-11-29,6,253,HOBBIES
P09,HOBBIES_1_151,2015-11-30,2,253,HOBBIES
P09,HOBBIES_1_151,2015-12-01,7,253,HOBBIES
P09,HOBBIES_1_151,2015-12-02,6,253,HOBBIES
P09,HOBBIES_1_151,2015-12-03,3,253,HOBBIES
P09,HOBBIES_1_151,2015-12-04,6,253,HOBBIES
P09,HOBBIES_1_151,2015-12-05,5,254,HOBBIES
P09,HOBBIES_1_151,2015-12-06,9,254,HOBBIES
P09,HOBBIES_1_151,2015-12-07,2,254,HOBBIES
P09,HOBBIES_1_151,2015-12-08,4,254,HOBBIES
P09,HOBBIES_1_151,2015-12-09,4,254,HOBBIES
P09,HOBBIES_1_151,2015-12-10,3,254,HOBBIES
P09,HOBBIES_1_151,2015-12-11,2,254,HOBBIES
P09,HOBBIES_1_151,2015-12-12,5,255,HOBBIES
P09,HOBBIES_1_151,2015-12-13,4,255,HOBBIES
P09,HOBBIES_1_151,2015-12-14,8,255,HOBBIES
P09,HOBBIES_1_151,2015-12-15,3,255,HOBBIES
P09,HOBBIES_1_151,2015-12-16,3,255,HOBBIES
P09,HOBBIES_1_151,2015-12-17,3,255,HOBBIES
P09,HOBBIES_1_151,2015-12-18,1,255,HOBBIES
P09,HOBBIES_1_151,2015-12-19,10,256,HOBBIES
P09,HOBBIES_1_151,2015-12-20,8,256,HOBBIES
P09,HOBBIES_1_151,2015-12-21,5,256,HOBBIES
P09,HOBBIES_1_151,2015-12-22,6,256,HOBBIES
P09,HOBBIES_1_151,2015-12-23,8,256,HOBBIES
P09,HOBBIES_1_151,2015-12-24,5,256,HOBBIES
P09,HOBBIES_1_151,2015-12-25,0,256,HOBBIES
P09,HOBBIES_1_151,2015-12-26,5,257,HOBBIES
P09,HOBBIES_1_151,2015-12-27,12,257,HOBBIES
P09,HOBBIES_1_151,2015-12-28,7,257,HOBBIES
P09,HOBBIES_1_151,2015-12-29,6,257,HOBBIES
P09,HOBBIES_1_151,2015-12-30,5,257,HOBBIES
P09,HOBBIES_1_151,2015-12-31,3,257,HOBBIES
P09,HOBBIES_1_151,2016-01-01,4,257,HOBBIES
P09,HOBBIES_1_151,2016-01-02,10,258,HOBBIES
P09,HOBBIES_1_151,2016-01-03,9,258,HOBBIES
P09,HOBBIES_1_151,2016-01-04,3,258,HOBBIES
P09,HOBBIES_1_151,2016-01-05,3,258,HOBBIES
P09,HOBBIES_1_151,2016-01-06,3,258,HOBBIES
P09,HOBBIES_1_151,2016-01-07,8,258,HOBBIES
P09,HOBBIES_1_151,2016-01-08,4,258,HOBBIES
P09,HOBBIES_1_151,2016-01-09,4,259,HOBBIES
P09,HOBBIES_1_151,2016-01-10,11,259,HOBBIES
P09,HOBBIES_1_151,2016-01-11,3,259,HOBBIES
P09,HOBBIES_1_151,2016-01-12,3,259,HOBBIES
P09,HOBBIES_1_151,2016-01-13,3,259,HOBBIES
P09,HOBBIES_1_151,2016-01-14,3,259,HOBBIES
P09,HOBBIES_1_151,2016-01-15,6,259,HOBBIES
P09,HOBBIES_1_151,2016-01-16,8,260,HOBBIES
P09,HOBBIES_1_151,2016-01-17,8,260,HOBBIES
P09,HOBBIES_1_151,2016-01-18,6,260,HOBBIES
P09,HOBBIES_1_151,2016-01-19,4,260,HOBBIES
P09,HOBBIES_1_151,2016-01-20,1,260,HOBBIES
P09,HOBBIES_1_151,2016-01-21,4,260,HOBBIES
P09,HOBBIES_1_151,2016-01-22,6,260,HOBBIES
P09,HOBBIES_1_151,2016-01-23,7,261,HOBBIES
P09,HOBBIES_1_151,2016-01-24,5,261,HOBBIES
P09,HOBBIES_1_151,2016-01-25,4,261,HOBBIES
P09,HOBBIES_1_151,2016-01-26,9,261,HOBBIES
P09,HOBBIES_1_151,2016-01-27,4,261,HOBBIES
P09,HOBBIES_1_151,2016-01-28,2,261,HOBBIES
P09,HOBBIES_1_151,2016-01-29,4,261,HOBBIES
P09,HOBBIES_1_151,2016-01-30,2,262,HOBBIES
P09,HOBBIES_1_151,2016-01-31,10,262,HOBBIES
P09,HOBBIES_1_151,2016-02-01,6,262,HOBBIES
P09,HOBBIES_1_151,2016-02-02,5,262,HOBBIES
P09,HOBBIES_1_151,2016-02-03,4,262,HOBBIES
P09,HOBBIES_1_151,2016-02-04,7,262,HOBBIES
P09,HOBBIES_1_151,2016-02-05,8,262,HOBBIES
P09,HOBBIES_1_151,2016-02-06,3,263,HOBBIES
P09,HOBBIES_1_151,2016-02-07,5,263,HOBBIES
P09,HOBBIES_1_151,2016-02-08,3,263,HOBBIES
P09,HOBBIES_1_151,2016-02-09,3,263,HOBBIES
P09,HOBBIES_1_151,2016-02-10,7,263,HOBBIES
P09,HOBBIES_1_151,2016-02-11,4,263,HOBBIES
P09,HOBBIES_1_151,2016-02-12,7,263,HOBBIES
P09,HOBBIES_1_151,2016-02-13,9,264,HOBBIES
P09,HOBBIES_1_151,2016-02-14,6,264,HOBBIES
P09,HOBBIES_1_151,2016-02-15,10,264,HOBBIES
P09,HOBBIES_1_151,2016-02-16,6,264,HOBBIES
P09,HOBBIES_1_151,2016-02-17,7,264,HOBBIES
P09,HOBBIES_1_151,2016-02-18,7,264,HOBBIES
P09,HOBBIES_1_151,2016-02-19,5,264,HOBBIES
P09,HOBBIES_1_151,2016-02-20,8,265,HOBBIES
P09,HOBBIES_1_151,2016-02-21,11,265,HOBBIES
P09,HOBBIES_1_151,2016-02-22,4,265,HOBBIES
P09,HOBBIES_1_151,2016-02-23,3,265,HOBBIES
P09,HOBBIES_1_151,2016-02-24,4,265,HOBBIES
P09,HOBBIES_1_151,2016-02-25,6,265,HOBBIES
P09,HOBBIES_1_151,2016-02-26,7,265,HOBBIES
P09,HOBBIES_1_151,2016-02-27,3,266,HOBBIES
P09,HOBBIES_1_151,2016-02-28,2,266,HOBBIES
P09,HOBBIES_1_151,2016-02-29,5,266,HOBBIES
P09,HOBBIES_1_151,2016-03-01,5,266,HOBBIES
P09,HOBBIES_1_151,2016-03-02,2,266,HOBBIES
P09,HOBBIES_1_151,2016-03-03,3,266,HOBBIES
P09,HOBBIES_1_151,2016-03-04,8,266,HOBBIES
P09,HOBBIES_1_151,2016-03-05,6,267,HOBBIES
P09,HOBBIES_1_151,2016-03-06,4,267,HOBBIES
P09,HOBBIES_1_151,2016-03-07,6,267,HOBBIES
P09,HOBBIES_1_151,2016-03-08,9,267,HOBBIES
P09,HOBBIES_1_151,2016-03-09,2,267,HOBBIES
P09,HOBBIES_1_151,2016-03-10,8,267,HOBBIES
P09,HOBBIES_1_151,2016-03-11,4,267,HOBBIES
P09,HOBBIES_1_151,2016-03-12,10,268,HOBBIES
P09,HOBBIES_1_151,2016-03-13,2,268,HOBBIES
P09,HOBBIES_1_151,2016-03-14,9,268,HOBBIES
P09,HOBBIES_1_151,2016-03-15,2,268,HOBBIES
P09,HOBBIES_1_151,2016-03-16,2,268,HOBBIES
P09,HOBBIES_1_151,2016-03-17,7,268,HOBBIES
P09,HOBBIES_1_151,2016-03-18,4,268,HOBBIES
P09,HOBBIES_1_151,2016-03-19,3,269,HOBBIES
P09,HOBBIES_1_151,2016-03-20,3,269,HOBBIES
P09,HOBBIES_1_151,2016-03-21,3,269,HOBBIES
P09,HOBBIES_1_151,2016-03-22,4,269,HOBBIES
P09,HOBBIES_1_151,2016-03-23,5,269,HOBBIES
P09,HOBBIES_1_151,2016-03-24,5,269,HOBBIES
P09,HOBBIES_1_151,2016-03-25,11,269,HOBBIES
P09,HOBBIES_1_151,2016-03-26,3,270,HOBBIES
P09,HOBBIES_1_151,2016-03-27,2,270,HOBBIES
P09,HOBBIES_1_151,2016-03-28,5,270,HOBBIES
P09,HOBBIES_1_151,2016-03-29,1,270,HOBBIES
P09,HOBBIES_1_151,2016-03-30,10,270,HOBBIES
P09,HOBBIES_1_151,2016-03-31,8,270,HOBBIES
P09,HOBBIES_1_151,2016-04-01,6,270,HOBBIES
P09,HOBBIES_1_151,2016-04-02,11,271,HOBBIES
P09,HOBBIES_1_151,2016-04-03,8,271,HOBBIES
P09,HOBBIES_1_151,2016-04-04,8,271,HOBBIES
P09,HOBBIES_1_151,2016-04-05,5,271,HOBBIES
P09,HOBBIES_1_151,2016-04-06,3,271,HOBBIES
P09,HOBBIES_1_151,2016-04-07,2,271,HOBBIES
P09,HOBBIES_1_151,2016-04-08,2,271,HOBBIES
P09,HOBBIES_1_151,2016-04-09,5,272,HOBBIES
P09,HOBBIES_1_151,2016-04-10,3,272,HOBBIES
P09,HOBBIES_1_151,2016-04-11,4,272,HOBBIES
P09,HOBBIES_1_151,2016-04-12,4,272,HOBBIES
P09,HOBBIES_1_151,2016-04-13,4,272,HOBBIES
P09,HOBBIES_1_151,2016-04-14,5,272,HOBBIES
P09,HOBBIES_1_151,2016-04-15,3,272,HOBBIES
P09,HOBBIES_1_151,2016-04-16,2,273,HOBBIES
P09,HOBBIES_1_151,2016-04-17,5,273,HOBBIES
P09,HOBBIES_1_151,2016-04-18,2,273,HOBBIES
P09,HOBBIES_1_151,2016-04-19,3,273,HOBBIES
P09,HOBBIES_1_151,2016-04-20,4,273,HOBBIES
P09,HOBBIES_1_151,2016-04-21,3,273,HOBBIES
P09,HOBBIES_1_151,2016-04-22,8,273,HOBBIES
P10,HOBBIES_1_225,2011-01-29,0,1,HOBBIES
P10,HOBBIES_1_225,2011-01-30,0,1,HOBBIES
P10,HOBBIES_1_225,2011-01-31,0,1,HOBBIES
P10,HOBBIES_1_225,2011-02-01,0,1,HOBBIES
P10,HOBBIES_1_225,2011-02-02,0,1,HOBBIES
P10,HOBBIES_1_225,2011-02-03,0,1,HOBBIES
P10,HOBBIES_1_225,2011-02-04,0,1,HOBBIES
P10,HOBBIES_1_225,2011-02-05,0,2,HOBBIES
P10,HOBBIES_1_225,2011-02-06,0,2,HOBBIES
P10,HOBBIES_1_225,2011-02-07,0,2,HOBBIES
P10,HOBBIES_1_225,2011-02-08,0,2,HOBBIES
P10,HOBBIES_1_225,2011-02-09,0,2,HOBBIES
P10,HOBBIES_1_225,2011-02-10,0,2,HOBBIES
P10,HOBBIES_1_225,2011-02-11,0,2,HOBBIES
P10,HOBBIES_1_225,2011-02-12,0,3,HOBBIES
P10,HOBBIES_1_225,2011-02-13,0,3,HOBBIES
P10,HOBBIES_1_225,2011-02-14,0,3,HOBBIES
P10,HOBBIES_1_225,2011-02-15,0,3,HOBBIES
P10,HOBBIES_1_225,2011-02-16,0,3,HOBBIES
P10,HOBBIES_1_225,2011-02-17,0,3,HOBBIES
P10,HOBBIES_1_225,2011-02-18,0,3,HOBBIES
P10,HOBBIES_1_225,2011-02-19,0,4,HOBBIES
P10,HOBBIES_1_225,2011-02-20,0,4,HOBBIES
P10,HOBBIES_1_225,2011-02-21,0,4,HOBBIES
P10,HOBBIES_1_225,2011-02-22,0,4,HOBBIES
P10,HOBBIES_1_225,2011-02-23,0,4,HOBBIES
P10,HOBBIES_1_225,2011-02-24,0,4,HOBBIES
P10,HOBBIES_1_225,2011-02-25,0,4,HOBBIES
P10,HOBBIES_1_225,2011-02-26,0,5,HOBBIES
P10,HOBBIES_1_225,2011-02-27,0,5,HOBBIES
P10,HOBBIES_1_225,2011-02-28,0,5,HOBBIES
P10,HOBBIES_1_225,2011-03-01,0,5,HOBBIES
P10,HOBBIES_1_225,2011-03-02,0,5,HOBBIES
P10,HOBBIES_1_225,2011-03-03,0,5,HOBBIES
P10,HOBBIES_1_225,2011-03-04,0,5,HOBBIES
P10,HOBBIES_1_225,2011-03-05,0,6,HOBBIES
P10,HOBBIES_1_225,2011-03-06,0,6,HOBBIES
P10,HOBBIES_1_225,2011-03-07,0,6,HOBBIES
P10,HOBBIES_1_225,2011-03-08,0,6,HOBBIES
P10,HOBBIES_1_225,2011-03-09,0,6,HOBBIES
P10,HOBBIES_1_225,2011-03-10,0,6,HOBBIES
P10,HOBBIES_1_225,2011-03-11,0,6,HOBBIES
P10,HOBBIES_1_225,2011-03-12,0,7,HOBBIES
P10,HOBBIES_1_225,2011-03-13,0,7,HOBBIES
P10,HOBBIES_1_225,2011-03-14,0,7,HOBBIES
P10,HOBBIES_1_225,2011-03-15,0,7,HOBBIES
P10,HOBBIES_1_225,2011-03-16,0,7,HOBBIES
P10,HOBBIES_1_225,2011-03-17,0,7,HOBBIES
P10,HOBBIES_1_225,2011-03-18,0,7,HOBBIES
P10,HOBBIES_1_225,2011-03-19,0,8,HOBBIES
P10,HOBBIES_1_225,2011-03-20,0,8,HOBBIES
P10,HOBBIES_1_225,2011-03-21,0,8,HOBBIES
P10,HOBBIES_1_225,2011-03-22,0,8,HOBBIES
P10,HOBBIES_1_225,2011-03-23,0,8,HOBBIES
P10,HOBBIES_1_225,2011-03-24,0,8,HOBBIES
P10,HOBBIES_1_225,2011-03-25,0,8,HOBBIES
P10,HOBBIES_1_225,2011-03-26,0,9,HOBBIES
P10,HOBBIES_1_225,2011-03-27,0,9,HOBBIES
P10,HOBBIES_1_225,2011-03-28,0,9,HOBBIES
P10,HOBBIES_1_225,2011-03-29,0,9,HOBBIES
P10,HOBBIES_1_225,2011-03-30,0,9,HOBBIES
P10,HOBBIES_1_225,2011-03-31,0,9,HOBBIES
P10,HOBBIES_1_225,2011-04-01,0,9,HOBBIES
P10,HOBBIES_1_225,2011-04-02,0,10,HOBBIES
P10,HOBBIES_1_225,2011-04-03,0,10,HOBBIES
P10,HOBBIES_1_225,2011-04-04,0,10,HOBBIES
P10,HOBBIES_1_225,2011-04-05,0,10,HOBBIES
P10,HOBBIES_1_225,2011-04-06,0,10,HOBBIES
P10,HOBBIES_1_225,2011-04-07,0,10,HOBBIES
P10,HOBBIES_1_225,2011-04-08,0,10,HOBBIES
P10,HOBBIES_1_225,2011-04-09,0,11,HOBBIES
P10,HOBBIES_1_225,2011-04-10,0,11,HOBBIES
P10,HOBBIES_1_225,2011-04-11,0,11,HOBBIES
P10,HOBBIES_1_225,2011-04-12,0,11,HOBBIES
P10,HOBBIES_1_225,2011-04-13,0,11,HOBBIES
P10,HOBBIES_1_225,2011-04-14,0,11,HOBBIES
P10,HOBBIES_1_225,2011-04-15,0,11,HOBBIES
P10,HOBBIES_1_225,2011-04-16,0,12,HOBBIES
P10,HOBBIES_1_225,2011-04-17,0,12,HOBBIES
P10,HOBBIES_1_225,2011-04-18,0,12,HOBBIES
P10,HOBBIES_1_225,2011-04-19,0,12,HOBBIES
P10,HOBBIES_1_225,2011-04-20,0,12,HOBBIES
P10,HOBBIES_1_225,2011-04-21,0,12,HOBBIES
P10,HOBBIES_1_225,2011-04-22,0,12,HOBBIES
P10,HOBBIES_1_225,2011-04-23,0,13,HOBBIES
P10,HOBBIES_1_225,2011-04-24,0,13,HOBBIES
P10,HOBBIES_1_225,2011-04-25,0,13,HOBBIES
P10,HOBBIES_1_225,2011-04-26,0,13,HOBBIES
P10,HOBBIES_1_225,2011-04-27,0,13,HOBBIES
P10,HOBBIES_1_225,2011-04-28,0,13,HOBBIES
P10,HOBBIES_1_225,2011-04-29,0,13,HOBBIES
P10,HOBBIES_1_225,2011-04-30,0,14,HOBBIES
P10,HOBBIES_1_225,2011-05-01,0,14,HOBBIES
P10,HOBBIES_1_225,2011-05-02,0,14,HOBBIES
P10,HOBBIES_1_225,2011-05-03,0,14,HOBBIES
P10,HOBBIES_1_225,2011-05-04,0,14,HOBBIES
P10,HOBBIES_1_225,2011-05-05,0,14,HOBBIES
P10,HOBBIES_1_225,2011-05-06,0,14,HOBBIES
P10,HOBBIES_1_225,2011-05-07,0,15,HOBBIES
P10,HOBBIES_1_225,2011-05-08,0,15,HOBBIES
P10,HOBBIES_1_225,2011-05-09,0,15,HOBBIES
P10,HOBBIES_1_225,2011-05-10,0,15,HOBBIES
P10,HOBBIES_1_225,2011-05-11,0,15,HOBBIES
P10,HOBBIES_1_225,2011-05-12,0,15,HOBBIES
P10,HOBBIES_1_225,2011-05-13,0,15,HOBBIES
P10,HOBBIES_1_225,2011-05-14,0,16,HOBBIES
P10,HOBBIES_1_225,2011-05-15,0,16,HOBBIES
P10,HOBBIES_1_225,2011-05-16,0,16,HOBBIES
P10,HOBBIES_1_225,2011-05-17,0,16,HOBBIES
P10,HOBBIES_1_225,2011-05-18,0,16,HOBBIES
P10,HOBBIES_1_225,2011-05-19,0,16,HOBBIES
P10,HOBBIES_1_225,2011-05-20,0,16,HOBBIES
P10,HOBBIES_1_225,2011-05-21,0,17,HOBBIES
P10,HOBBIES_1_225,2011-05-22,0,17,HOBBIES
P10,HOBBIES_1_225,2011-05-23,0,17,HOBBIES
P10,HOBBIES_1_225,2011-05-24,0,17,HOBBIES
P10,HOBBIES_1_225,2011-05-25,0,17,HOBBIES
P10,HOBBIES_1_225,2011-05-26,0,17,HOBBIES
P10,HOBBIES_1_225,2011-05-27,0,17,HOBBIES
P10,HOBBIES_1_225,2011-05-28,0,18,HOBBIES
P10,HOBBIES_1_225,2011-05-29,0,18,HOBBIES
P10,HOBBIES_1_225,2011-05-30,0,18,HOBBIES
P10,HOBBIES_1_225,2011-05-31,0,18,HOBBIES
P10,HOBBIES_1_225,2011-06-01,0,18,HOBBIES
P10,HOBBIES_1_225,2011-06-02,0,18,HOBBIES
P10,HOBBIES_1_225,2011-06-03,0,18,HOBBIES
P10,HOBBIES_1_225,2011-06-04,0,19,HOBBIES
P10,HOBBIES_1_225,2011-06-05,0,19,HOBBIES
P10,HOBBIES_1_225,2011-06-06,0,19,HOBBIES
P10,HOBBIES_1_225,2011-06-07,0,19,HOBBIES
P10,HOBBIES_1_225,2011-06-08,0,19,HOBBIES
P10,HOBBIES_1_225,2011-06-09,0,19,HOBBIES
P10,HOBBIES_1_225,2011-06-10,0,19,HOBBIES
P10,HOBBIES_1_225,2011-06-11,0,20,HOBBIES
P10,HOBBIES_1_225,2011-06-12,0,20,HOBBIES
P10,HOBBIES_1_225,2011-06-13,0,20,HOBBIES
P10,HOBBIES_1_225,2011-06-14,0,20,HOBBIES
P10,HOBBIES_1_225,2011-06-15,0,20,HOBBIES
P10,HOBBIES_1_225,2011-06-16,0,20,HOBBIES
P10,HOBBIES_1_225,2011-06-17,0,20,HOBBIES
P10,HOBBIES_1_225,2011-06-18,0,21,HOBBIES
P10,HOBBIES_1_225,2011-06-19,0,21,HOBBIES
P10,HOBBIES_1_225,2011-06-20,0,21,HOBBIES
P10,HOBBIES_1_225,2011-06-21,0,21,HOBBIES
P10,HOBBIES_1_225,2011-06-22,0,21,HOBBIES
P10,HOBBIES_1_225,2011-06-23,0,21,HOBBIES
P10,HOBBIES_1_225,2011-06-24,0,21,HOBBIES
P10,HOBBIES_1_225,2011-06-25,0,22,HOBBIES
P10,HOBBIES_1_225,2011-06-26,0,22,HOBBIES
P10,HOBBIES_1_225,2011-06-27,0,22,HOBBIES
P10,HOBBIES_1_225,2011-06-28,0,22,HOBBIES
P10,HOBBIES_1_225,2011-06-29,0,22,HOBBIES
P10,HOBBIES_1_225,2011-06-30,0,22,HOBBIES
P10,HOBBIES_1_225,2011-07-01,0,22,HOBBIES
P10,HOBBIES_1_225,2011-07-02,0,23,HOBBIES
P10,HOBBIES_1_225,2011-07-03,0,23,HOBBIES
P10,HOBBIES_1_225,2011-07-04,0,23,HOBBIES
P10,HOBBIES_1_225,2011-07-05,0,23,HOBBIES
P10,HOBBIES_1_225,2011-07-06,0,23,HOBBIES
P10,HOBBIES_1_225,2011-07-07,0,23,HOBBIES
P10,HOBBIES_1_225,2011-07-08,0,23,HOBBIES
P10,HOBBIES_1_225,2011-07-09,0,24,HOBBIES
P10,HOBBIES_1_225,2011-07-10,0,24,HOBBIES
P10,HOBBIES_1_225,2011-07-11,0,24,HOBBIES
P10,HOBBIES_1_225,2011-07-12,0,24,HOBBIES
P10,HOBBIES_1_225,2011-07-13,0,24,HOBBIES
P10,HOBBIES_1_225,2011-07-14,0,24,HOBBIES
P10,HOBBIES_1_225,2011-07-15,0,24,HOBBIES
P10,HOBBIES_1_225,2011-07-16,0,25,HOBBIES
P10,HOBBIES_1_225,2011-07-17,0,25,HOBBIES
P10,HOBBIES_1_225,2011-07-18,0,25,HOBBIES
P10,HOBBIES_1_225,2011-07-19,0,25,HOBBIES
P10,HOBBIES_1_225,2011-07-20,0,25,HOBBIES
P10,HOBBIES_1_225,2011-07-21,0,25,HOBBIES
P10,HOBBIES_1_225,2011-07-22,0,25,HOBBIES
P10,HOBBIES_1_225,2011-07-23,0,26,HOBBIES
P10,HOBBIES_1_225,2011-07-24,0,26,HOBBIES
P10,HOBBIES_1_225,2011-07-25,0,26,HOBBIES
P10,HOBBIES_1_225,2011-07-26,0,26,HOBBIES
P10,HOBBIES_1_225,2011-07-27,0,26,HOBBIES
P10,HOBBIES_1_225,2011-07-28,0,26,HOBBIES
P10,HOBBIES_1_225,2011-07-29,0,26,HOBBIES
P10,HOBBIES_1_225,2011-07-30,0,27,HOBBIES
P10,HOBBIES_1_225,2011-07-31,0,27,HOBBIES
P10,HOBBIES_1_225,2011-08-01,0,27,HOBBIES
P10,HOBBIES_1_225,2011-08-02,0,27,HOBBIES
P10,HOBBIES_1_225,2011-08-03,0,27,HOBBIES
P10,HOBBIES_1_225,2011-08-04,0,27,HOBBIES
P10,HOBBIES_1_225,2011-08-05,0,27,HOBBIES
P10,HOBBIES_1_225,2011-08-06,0,28,HOBBIES
P10,HOBBIES_1_225,2011-08-07,0,28,HOBBIES
P10,HOBBIES_1_225,2011-08-08,0,28,HOBBIES
P10,HOBBIES_1_225,2011-08-09,0,28,HOBBIES
P10,HOBBIES_1_225,2011-08-10,0,28,HOBBIES
P10,HOBBIES_1_225,2011-08-11,0,28,HOBBIES
P10,HOBBIES_1_225,2011-08-12,0,28,HOBBIES
P10,HOBBIES_1_225,2011-08-13,0,29,HOBBIES
P10,HOBBIES_1_225,2011-08-14,0,29,HOBBIES
P10,HOBBIES_1_225,2011-08-15,0,29,HOBBIES
P10,HOBBIES_1_225,2011-08-16,0,29,HOBBIES
P10,HOBBIES_1_225,2011-08-17,0,29,HOBBIES
P10,HOBBIES_1_225,2011-08-18,0,29,HOBBIES
P10,HOBBIES_1_225,2011-08-19,0,29,HOBBIES
P10,HOBBIES_1_225,2011-08-20,0,30,HOBBIES
P10,HOBBIES_1_225,2011-08-21,0,30,HOBBIES
P10,HOBBIES_1_225,2011-08-22,0,30,HOBBIES
P10,HOBBIES_1_225,2011-08-23,0,30,HOBBIES
P10,HOBBIES_1_225,2011-08-24,0,30,HOBBIES
P10,HOBBIES_1_225,2011-08-25,0,30,HOBBIES
P10,HOBBIES_1_225,2011-08-26,0,30,HOBBIES
P10,HOBBIES_1_225,2011-08-27,0,31,HOBBIES
P10,HOBBIES_1_225,2011-08-28,0,31,HOBBIES
P10,HOBBIES_1_225,2011-08-29,0,31,HOBBIES
P10,HOBBIES_1_225,2011-08-30,0,31,HOBBIES
P10,HOBBIES_1_225,2011-08-31,0,31,HOBBIES
P10,HOBBIES_1_225,2011-09-01,0,31,HOBBIES
P10,HOBBIES_1_225,2011-09-02,0,31,HOBBIES
P10,HOBBIES_1_225,2011-09-03,0,32,HOBBIES
P10,HOBBIES_1_225,2011-09-04,0,32,HOBBIES
P10,HOBBIES_1_225,2011-09-05,0,32,HOBBIES
P10,HOBBIES_1_225,2011-09-06,0,32,HOBBIES
P10,HOBBIES_1_225,2011-09-07,0,32,HOBBIES
P10,HOBBIES_1_225,2011-09-08,0,32,HOBBIES
P10,HOBBIES_1_225,2011-09-09,0,32,HOBBIES
P10,HOBBIES_1_225,2011-09-10,0,33,HOBBIES
P10,HOBBIES_1_225,2011-09-11,0,33,HOBBIES
P10,HOBBIES_1_225,2011-09-12,0,33,HOBBIES
P10,HOBBIES_1_225,2011-09-13,0,33,HOBBIES
P10,HOBBIES_1_225,2011-09-14,0,33,HOBBIES
P10,HOBBIES_1_225,2011-09-15,0,33,HOBBIES
P10,HOBBIES_1_225,2011-09-16,0,33,HOBBIES
P10,HOBBIES_1_225,2011-09-17,0,34,HOBBIES
P10,HOBBIES_1_225,2011-09-18,0,34,HOBBIES
P10,HOBBIES_1_225,2011-09-19,0,34,HOBBIES
P10,HOBBIES_1_225,2011-09-20,0,34,HOBBIES
P10,HOBBIES_1_225,2011-09-21,0,34,HOBBIES
P10,HOBBIES_1_225,2011-09-22,0,34,HOBBIES
P10,HOBBIES_1_225,2011-09-23,0,34,HOBBIES
P10,HOBBIES_1_225,2011-09-24,0,35,HOBBIES
P10,HOBBIES_1_225,2011-09-25,0,35,HOBBIES
P10,HOBBIES_1_225,2011-09-26,0,35,HOBBIES
P10,HOBBIES_1_225,2011-09-27,0,35,HOBBIES
P10,HOBBIES_1_225,2011-09-28,0,35,HOBBIES
P10,HOBBIES_1_225,2011-09-29,0,35,HOBBIES
P10,HOBBIES_1_225,2011-09-30,0,35,HOBBIES
P10,HOBBIES_1_225,2011-10-01,0,36,HOBBIES
P10,HOBBIES_1_225,2011-10-02,0,36,HOBBIES
P10,HOBBIES_1_225,2011-10-03,0,36,HOBBIES
P10,HOBBIES_1_225,2011-10-04,0,36,HOBBIES
P10,HOBBIES_1_225,2011-10-05,0,36,HOBBIES
P10,HOBBIES_1_225,2011-10-06,0,36,HOBBIES
P10,HOBBIES_1_225,2011-10-07,0,36,HOBBIES
P10,HOBBIES_1_225,2011-10-08,0,37,HOBBIES
P10,HOBBIES_1_225,2011-10-09,0,37,HOBBIES
P10,HOBBIES_1_225,2011-10-10,0,37,HOBBIES
P10,HOBBIES_1_225,2011-10-11,0,37,HOBBIES
P10,HOBBIES_1_225,2011-10-12,0,37,HOBBIES
P10,HOBBIES_1_225,2011-10-13,0,37,HOBBIES
P10,HOBBIES_1_225,2011-10-14,0,37,HOBBIES
P10,HOBBIES_1_225,2011-10-15,0,38,HOBBIES
P10,HOBBIES_1_225,2011-10-16,0,38,HOBBIES
P10,HOBBIES_1_225,2011-10-17,0,38,HOBBIES
P10,HOBBIES_1_225,2011-10-18,0,38,HOBBIES
P10,HOBBIES_1_225,2011-10-19,0,38,HOBBIES
P10,HOBBIES_1_225,2011-10-20,0,38,HOBBIES
P10,HOBBIES_1_225,2011-10-21,0,38,HOBBIES
P10,HOBBIES_1_225,2011-10-22,0,39,HOBBIES
P10,HOBBIES_1_225,2011-10-23,0,39,HOBBIES
P10,HOBBIES_1_225,2011-10-24,0,39,HOBBIES
P10,HOBBIES_1_225,2011-10-25,0,39,HOBBIES
P10,HOBBIES_1_225,2011-10-26,0,39,HOBBIES
P10,HOBBIES_1_225,2011-10-27,0,39,HOBBIES
P10,HOBBIES_1_225,2011-10-28,0,39,HOBBIES
P10,HOBBIES_1_225,2011-10-29,0,40,HOBBIES
P10,HOBBIES_1_225,2011-10-30,0,40,HOBBIES
P10,HOBBIES_1_225,2011-10-31,0,40,HOBBIES
P10,HOBBIES_1_225,2011-11-01,0,40,HOBBIES
P10,HOBBIES_1_225,2011-11-02,0,40,HOBBIES
P10,HOBBIES_1_225,2011-11-03,0,40,HOBBIES
P10,HOBBIES_1_225,2011-11-04,0,40,HOBBIES
P10,HOBBIES_1_225,2011-11-05,0,41,HOBBIES
P10,HOBBIES_1_225,2011-11-06,0,41,HOBBIES
P10,HOBBIES_1_225,2011-11-07,0,41,HOBBIES
P10,HOBBIES_1_225,2011-11-08,0,41,HOBBIES
P10,HOBBIES_1_225,2011-11-09,0,41,HOBBIES
P10,HOBBIES_1_225,2011-11-10,0,41,HOBBIES
P10,HOBBIES_1_225,2011-11-11,0,41,HOBBIES
P10,HOBBIES_1_225,2011-11-12,0,42,HOBBIES
P10,HOBBIES_1_225,2011-11-13,0,42,HOBBIES
P10,HOBBIES_1_225,2011-11-14,0,42,HOBBIES
P10,HOBBIES_1_225,2011-11-15,0,42,HOBBIES
P10,HOBBIES_1_225,2011-11-16,0,42,HOBBIES
P10,HOBBIES_1_225,2011-11-17,0,42,HOBBIES
P10,HOBBIES_1_225,2011-11-18,0,42,HOBBIES
P10,HOBBIES_1_225,2011-11-19,0,43,HOBBIES
P10,HOBBIES_1_225,2011-11-20,0,43,HOBBIES
P10,HOBBIES_1_225,2011-11-21,0,43,HOBBIES
P10,HOBBIES_1_225,2011-11-22,0,43,HOBBIES
P10,HOBBIES_1_225,2011-11-23,0,43,HOBBIES
P10,HOBBIES_1_225,2011-11-24,0,43,HOBBIES
P10,HOBBIES_1_225,2011-11-25,0,43,HOBBIES
P10,HOBBIES_1_225,2011-11-26,0,44,HOBBIES
P10,HOBBIES_1_225,2011-11-27,0,44,HOBBIES
P10,HOBBIES_1_225,2011-11-28,0,44,HOBBIES
P10,HOBBIES_1_225,2011-11-29,0,44,HOBBIES
P10,HOBBIES_1_225,2011-11-30,0,44,HOBBIES
P10,HOBBIES_1_225,2011-12-01,0,44,HOBBIES
P10,HOBBIES_1_225,2011-12-02,0,44,HOBBIES
P10,HOBBIES_1_225,2011-12-03,0,45,HOBBIES
P10,HOBBIES_1_225,2011-12-04,0,45,HOBBIES
P10,HOBBIES_1_225,2011-12-05,0,45,HOBBIES
P10,HOBBIES_1_225,2011-12-06,0,45,HOBBIES
P10,HOBBIES_1_225,2011-12-07,0,45,HOBBIES
P10,HOBBIES_1_225,2011-12-08,0,45,HOBBIES
P10,HOBBIES_1_225,2011-12-09,0,45,HOBBIES
P10,HOBBIES_1_225,2011-12-10,0,46,HOBBIES
P10,HOBBIES_1_225,2011-12-11,0,46,HOBBIES
P10,HOBBIES_1_225,2011-12-12,0,46,HOBBIES
P10,HOBBIES_1_225,2011-12-13,0,46,HOBBIES
P10,HOBBIES_1_225,2011-12-14,0,46,HOBBIES
P10,HOBBIES_1_225,2011-12-15,0,46,HOBBIES
P10,HOBBIES_1_225,2011-12-16,0,46,HOBBIES
P10,HOBBIES_1_225,2011-12-17,0,47,HOBBIES
P10,HOBBIES_1_225,2011-12-18,0,47,HOBBIES
P10,HOBBIES_1_225,2011-12-19,0,47,HOBBIES
P10,HOBBIES_1_225,2011-12-20,0,47,HOBBIES
P10,HOBBIES_1_225,2011-12-21,0,47,HOBBIES
P10,HOBBIES_1_225,2011-12-22,0,47,HOBBIES
P10,HOBBIES_1_225,2011-12-23,0,47,HOBBIES
P10,HOBBIES_1_225,2011-12-24,0,48,HOBBIES
P10,HOBBIES_1_225,2011-12-25,0,48,HOBBIES
P10,HOBBIES_1_225,2011-12-26,0,48,HOBBIES
P10,HOBBIES_1_225,2011-12-27,0,48,HOBBIES
P10,HOBBIES_1_225,2011-12-28,0,48,HOBBIES
P10,HOBBIES_1_225,2011-12-29,0,48,HOBBIES
P10,HOBBIES_1_225,2011-12-30,0,48,HOBBIES
P10,HOBBIES_1_225,2011-12-31,0,49,HOBBIES
P10,HOBBIES_1_225,2012-01-01,0,49,HOBBIES
P10,HOBBIES_1_225,2012-01-02,0,49,HOBBIES
P10,HOBBIES_1_225,2012-01-03,0,49,HOBBIES
P10,HOBBIES_1_225,2012-01-04,0,49,HOBBIES
P10,HOBBIES_1_225,2012-01-05,0,49,HOBBIES
P10,HOBBIES_1_225,2012-01-06,0,49,HOBBIES
P10,HOBBIES_1_225,2012-01-07,0,50,HOBBIES
P10,HOBBIES_1_225,2012-01-08,0,50,HOBBIES
P10,HOBBIES_1_225,2012-01-09,0,50,HOBBIES
P10,HOBBIES_1_225,2012-01-10,0,50,HOBBIES
P10,HOBBIES_1_225,2012-01-11,0,50,HOBBIES
P10,HOBBIES_1_225,2012-01-12,0,50,HOBBIES
P10,HOBBIES_1_225,2012-01-13,0,50,HOBBIES
P10,HOBBIES_1_225,2012-01-14,0,51,HOBBIES
P10,HOBBIES_1_225,2012-01-15,0,51,HOBBIES
P10,HOBBIES_1_225,2012-01-16,0,51,HOBBIES
P10,HOBBIES_1_225,2012-01-17,0,51,HOBBIES
P10,HOBBIES_1_225,2012-01-18,0,51,HOBBIES
P10,HOBBIES_1_225,2012-01-19,0,51,HOBBIES
P10,HOBBIES_1_225,2012-01-20,0,51,HOBBIES
P10,HOBBIES_1_225,2012-01-21,0,52,HOBBIES
P10,HOBBIES_1_225,2012-01-22,0,52,HOBBIES
P10,HOBBIES_1_225,2012-01-23,0,52,HOBBIES
P10,HOBBIES_1_225,2012-01-24,0,52,HOBBIES
P10,HOBBIES_1_225,2012-01-25,0,52,HOBBIES
P10,HOBBIES_1_225,2012-01-26,0,52,HOBBIES
P10,HOBBIES_1_225,2012-01-27,0,52,HOBBIES
P10,HOBBIES_1_225,2012-01-28,0,53,HOBBIES
P10,HOBBIES_1_225,2012-01-29,0,53,HOBBIES
P10,HOBBIES_1_225,2012-01-30,0,53,HOBBIES
P10,HOBBIES_1_225,2012-01-31,0,53,HOBBIES
P10,HOBBIES_1_225,2012-02-01,0,53,HOBBIES
P10,HOBBIES_1_225,2012-02-02,0,53,HOBBIES
P10,HOBBIES_1_225,2012-02-03,0,53,HOBBIES
P10,HOBBIES_1_225,2012-02-04,0,54,HOBBIES
P10,HOBBIES_1_225,2012-02-05,0,54,HOBBIES
P10,HOBBIES_1_225,2012-02-06,0,54,HOBBIES
P10,HOBBIES_1_225,2012-02-07,0,54,HOBBIES
P10,HOBBIES_1_225,2012-02-08,0,54,HOBBIES
P10,HOBBIES_1_225,2012-02-09,0,54,HOBBIES
P10,HOBBIES_1_225,2012-02-10,0,54,HOBBIES
P10,HOBBIES_1_225,2012-02-11,0,55,HOBBIES
P10,HOBBIES_1_225,2012-02-12,0,55,HOBBIES
P10,HOBBIES_1_225,2012-02-13,0,55,HOBBIES
P10,HOBBIES_1_225,2012-02-14,0,55,HOBBIES
P10,HOBBIES_1_225,2012-02-15,0,55,HOBBIES
P10,HOBBIES_1_225,2012-02-16,0,55,HOBBIES
P10,HOBBIES_1_225,2012-02-17,0,55,HOBBIES
P10,HOBBIES_1_225,2012-02-18,0,56,HOBBIES
P10,HOBBIES_1_225,2012-02-19,0,56,HOBBIES
P10,HOBBIES_1_225,2012-02-20,0,56,HOBBIES
P10,HOBBIES_1_225,2012-02-21,0,56,HOBBIES
P10,HOBBIES_1_225,2012-02-22,0,56,HOBBIES
P10,HOBBIES_1_225,2012-02-23,0,56,HOBBIES
P10,HOBBIES_1_225,2012-02-24,0,56,HOBBIES
P10,HOBBIES_1_225,2012-02-25,0,57,HOBBIES
P10,HOBBIES_1_225,2012-02-26,0,57,HOBBIES
P10,HOBBIES_1_225,2012-02-27,0,57,HOBBIES
P10,HOBBIES_1_225,2012-02-28,0,57,HOBBIES
P10,HOBBIES_1_225,2012-02-29,0,57,HOBBIES
P10,HOBBIES_1_225,2012-03-01,0,57,HOBBIES
P10,HOBBIES_1_225,2012-03-02,0,57,HOBBIES
P10,HOBBIES_1_225,2012-03-03,0,58,HOBBIES
P10,HOBBIES_1_225,2012-03-04,0,58,HOBBIES
P10,HOBBIES_1_225,2012-03-05,0,58,HOBBIES
P10,HOBBIES_1_225,2012-03-06,0,58,HOBBIES
P10,HOBBIES_1_225,2012-03-07,0,58,HOBBIES
P10,HOBBIES_1_225,2012-03-08,0,58,HOBBIES
P10,HOBBIES_1_225,2012-03-09,0,58,HOBBIES
P10,HOBBIES_1_225,2012-03-10,0,59,HOBBIES
P10,HOBBIES_1_225,2012-03-11,0,59,HOBBIES
P10,HOBBIES_1_225,2012-03-12,0,59,HOBBIES
P10,HOBBIES_1_225,2012-03-13,0,59,HOBBIES
P10,HOBBIES_1_225,2012-03-14,0,59,HOBBIES
P10,HOBBIES_1_225,2012-03-15,0,59,HOBBIES
P10,HOBBIES_1_225,2012-03-16,0,59,HOBBIES
P10,HOBBIES_1_225,2012-03-17,0,60,HOBBIES
P10,HOBBIES_1_225,2012-03-18,0,60,HOBBIES
P10,HOBBIES_1_225,2012-03-19,0,60,HOBBIES
P10,HOBBIES_1_225,2012-03-20,0,60,HOBBIES
P10,HOBBIES_1_225,2012-03-21,0,60,HOBBIES
P10,HOBBIES_1_225,2012-03-22,0,60,HOBBIES
P10,HOBBIES_1_225,2012-03-23,0,60,HOBBIES
P10,HOBBIES_1_225,2012-03-24,0,61,HOBBIES
P10,HOBBIES_1_225,2012-03-25,0,61,HOBBIES
P10,HOBBIES_1_225,2012-03-26,0,61,HOBBIES
P10,HOBBIES_1_225,2012-03-27,0,61,HOBBIES
P10,HOBBIES_1_225,2012-03-28,0,61,HOBBIES
P10,HOBBIES_1_225,2012-03-29,0,61,HOBBIES
P10,HOBBIES_1_225,2012-03-30,0,61,HOBBIES
P10,HOBBIES_1_225,2012-03-31,0,62,HOBBIES
P10,HOBBIES_1_225,2012-04-01,0,62,HOBBIES
P10,HOBBIES_1_225,2012-04-02,0,62,HOBBIES
P10,HOBBIES_1_225,2012-04-03,0,62,HOBBIES
P10,HOBBIES_1_225,2012-04-04,0,62,HOBBIES
P10,HOBBIES_1_225,2012-04-05,0,62,HOBBIES
P10,HOBBIES_1_225,2012-04-06,0,62,HOBBIES
P10,HOBBIES_1_225,2012-04-07,0,63,HOBBIES
P10,HOBBIES_1_225,2012-04-08,0,63,HOBBIES
P10,HOBBIES_1_225,2012-04-09,0,63,HOBBIES
P10,HOBBIES_1_225,2012-04-10,0,63,HOBBIES
P10,HOBBIES_1_225,2012-04-11,0,63,HOBBIES
P10,HOBBIES_1_225,2012-04-12,0,63,HOBBIES
P10,HOBBIES_1_225,2012-04-13,0,63,HOBBIES
P10,HOBBIES_1_225,2012-04-14,0,64,HOBBIES
P10,HOBBIES_1_225,2012-04-15,0,64,HOBBIES
P10,HOBBIES_1_225,2012-04-16,0,64,HOBBIES
P10,HOBBIES_1_225,2012-04-17,0,64,HOBBIES
P10,HOBBIES_1_225,2012-04-18,0,64,HOBBIES
P10,HOBBIES_1_225,2012-04-19,0,64,HOBBIES
P10,HOBBIES_1_225,2012-04-20,0,64,HOBBIES
P10,HOBBIES_1_225,2012-04-21,0,65,HOBBIES
P10,HOBBIES_1_225,2012-04-22,0,65,HOBBIES
P10,HOBBIES_1_225,2012-04-23,0,65,HOBBIES
P10,HOBBIES_1_225,2012-04-24,0,65,HOBBIES
P10,HOBBIES_1_225,2012-04-25,0,65,HOBBIES
P10,HOBBIES_1_225,2012-04-26,0,65,HOBBIES
P10,HOBBIES_1_225,2012-04-27,0,65,HOBBIES
P10,HOBBIES_1_225,2012-04-28,0,66,HOBBIES
P10,HOBBIES_1_225,2012-04-29,0,66,HOBBIES
P10,HOBBIES_1_225,2012-04-30,0,66,HOBBIES
P10,HOBBIES_1_225,2012-05-01,0,66,HOBBIES
P10,HOBBIES_1_225,2012-05-02,0,66,HOBBIES
P10,HOBBIES_1_225,2012-05-03,0,66,HOBBIES
P10,HOBBIES_1_225,2012-05-04,0,66,HOBBIES
P10,HOBBIES_1_225,2012-05-05,0,67,HOBBIES
P10,HOBBIES_1_225,2012-05-06,0,67,HOBBIES
P10,HOBBIES_1_225,2012-05-07,0,67,HOBBIES
P10,HOBBIES_1_225,2012-05-08,0,67,HOBBIES
P10,HOBBIES_1_225,2012-05-09,0,67,HOBBIES
P10,HOBBIES_1_225,2012-05-10,0,67,HOBBIES
P10,HOBBIES_1_225,2012-05-11,0,67,HOBBIES
P10,HOBBIES_1_225,2012-05-12,0,68,HOBBIES
P10,HOBBIES_1_225,2012-05-13,0,68,HOBBIES
P10,HOBBIES_1_225,2012-05-14,0,68,HOBBIES
P10,HOBBIES_1_225,2012-05-15,0,68,HOBBIES
P10,HOBBIES_1_225,2012-05-16,0,68,HOBBIES
P10,HOBBIES_1_225,2012-05-17,0,68,HOBBIES
P10,HOBBIES_1_225,2012-05-18,0,68,HOBBIES
P10,HOBBIES_1_225,2012-05-19,0,69,HOBBIES
P10,HOBBIES_1_225,2012-05-20,0,69,HOBBIES
P10,HOBBIES_1_225,2012-05-21,0,69,HOBBIES
P10,HOBBIES_1_225,2012-05-22,0,69,HOBBIES
P10,HOBBIES_1_225,2012-05-23,0,69,HOBBIES
P10,HOBBIES_1_225,2012-05-24,0,69,HOBBIES
P10,HOBBIES_1_225,2012-05-25,0,69,HOBBIES
P10,HOBBIES_1_225,2012-05-26,0,70,HOBBIES
P10,HOBBIES_1_225,2012-05-27,0,70,HOBBIES
P10,HOBBIES_1_225,2012-05-28,0,70,HOBBIES
P10,HOBBIES_1_225,2012-05-29,0,70,HOBBIES
P10,HOBBIES_1_225,2012-05-30,0,70,HOBBIES
P10,HOBBIES_1_225,2012-05-31,0,70,HOBBIES
P10,HOBBIES_1_225,2012-06-01,0,70,HOBBIES
P10,HOBBIES_1_225,2012-06-02,0,71,HOBBIES
P10,HOBBIES_1_225,2012-06-03,0,71,HOBBIES
P10,HOBBIES_1_225,2012-06-04,0,71,HOBBIES
P10,HOBBIES_1_225,2012-06-05,0,71,HOBBIES
P10,HOBBIES_1_225,2012-06-06,0,71,HOBBIES
P10,HOBBIES_1_225,2012-06-07,0,71,HOBBIES
P10,HOBBIES_1_225,2012-06-08,0,71,HOBBIES
P10,HOBBIES_1_225,2012-06-09,0,72,HOBBIES
P10,HOBBIES_1_225,2012-06-10,0,72,HOBBIES
P10,HOBBIES_1_225,2012-06-11,0,72,HOBBIES
P10,HOBBIES_1_225,2012-06-12,0,72,HOBBIES
P10,HOBBIES_1_225,2012-06-13,0,72,HOBBIES
P10,HOBBIES_1_225,2012-06-14,0,72,HOBBIES
P10,HOBBIES_1_225,2012-06-15,0,72,HOBBIES
P10,HOBBIES_1_225,2012-06-16,0,73,HOBBIES
P10,HOBBIES_1_225,2012-06-17,0,73,HOBBIES
P10,HOBBIES_1_225,2012-06-18,0,73,HOBBIES
P10,HOBBIES_1_225,2012-06-19,0,73,HOBBIES
P10,HOBBIES_1_225,2012-06-20,0,73,HOBBIES
P10,HOBBIES_1_225,2012-06-21,0,73,HOBBIES
P10,HOBBIES_1_225,2012-06-22,0,73,HOBBIES
P10,HOBBIES_1_225,2012-06-23,0,74,HOBBIES
P10,HOBBIES_1_225,2012-06-24,0,74,HOBBIES
P10,HOBBIES_1_225,2012-06-25,0,74,HOBBIES
P10,HOBBIES_1_225,2012-06-26,0,74,HOBBIES
P10,HOBBIES_1_225,2012-06-27,2,74,HOBBIES
P10,HOBBIES_1_225,2012-06-28,3,74,HOBBIES
P10,HOBBIES_1_225,2012-06-29,2,74,HOBBIES
P10,HOBBIES_1_225,2012-06-30,2,75,HOBBIES
P10,HOBBIES_1_225,2012-07-01,2,75,HOBBIES
P10,HOBBIES_1_225,2012-07-02,3,75,HOBBIES
P10,HOBBIES_1_225,2012-07-03,0,75,HOBBIES
P10,HOBBIES_1_225,2012-07-04,1,75,HOBBIES
P10,HOBBIES_1_225,2012-07-05,3,75,HOBBIES
P10,HOBBIES_1_225,2012-07-06,2,75,HOBBIES
P10,HOBBIES_1_225,2012-07-07,2,76,HOBBIES
P10,HOBBIES_1_225,2012-07-08,5,76,HOBBIES
P10,HOBBIES_1_225,2012-07-09,0,76,HOBBIES
P10,HOBBIES_1_225,2012-07-10,2,76,HOBBIES
P10,HOBBIES_1_225,2012-07-11,4,76,HOBBIES
P10,HOBBIES_1_225,2012-07-12,3,76,HOBBIES
P10,HOBBIES_1_225,2012-07-13,3,76,HOBBIES
P10,HOBBIES_1_225,2012-07-14,3,77,HOBBIES
P10,HOBBIES_1_225,2012-07-15,2,77,HOBBIES
P10,HOBBIES_1_225,2012-07-16,2,77,HOBBIES
P10,HOBBIES_1_225,2012-07-17,4,77,HOBBIES
P10,HOBBIES_1_225,2012-07-18,3,77,HOBBIES
P10,HOBBIES_1_225,2012-07-19,0,77,HOBBIES
P10,HOBBIES_1_225,2012-07-20,3,77,HOBBIES
P10,HOBBIES_1_225,2012-07-21,5,78,HOBBIES
P10,HOBBIES_1_225,2012-07-22,3,78,HOBBIES
P10,HOBBIES_1_225,2012-07-23,1,78,HOBBIES
P10,HOBBIES_1_225,2012-07-24,4,78,HOBBIES
P10,HOBBIES_1_225,2012-07-25,4,78,HOBBIES
P10,HOBBIES_1_225,2012-07-26,1,78,HOBBIES
P10,HOBBIES_1_225,2012-07-27,4,78,HOBBIES
P10,HOBBIES_1_225,2012-07-28,5,79,HOBBIES
P10,HOBBIES_1_225,2012-07-29,3,79,HOBBIES
P10,HOBBIES_1_225,2012-07-30,5,79,HOBBIES
P10,HOBBIES_1_225,2012-07-31,3,79,HOBBIES
P10,HOBBIES_1_225,2012-08-01,5,79,HOBBIES
P10,HOBBIES_1_225,2012-08-02,5,79,HOBBIES
P10,HOBBIES_1_225,2012-08-03,0,79,HOBBIES
P10,HOBBIES_1_225,2012-08-04,5,80,HOBBIES
P10,HOBBIES_1_225,2012-08-05,7,80,HOBBIES
P10,HOBBIES_1_225,2012-08-06,0,80,HOBBIES
P10,HOBBIES_1_225,2012-08-07,7,80,HOBBIES
P10,HOBBIES_1_225,2012-08-08,3,80,HOBBIES
P10,HOBBIES_1_225,2012-08-09,1,80,HOBBIES
P10,HOBBIES_1_225,2012-08-10,4,80,HOBBIES
P10,HOBBIES_1_225,2012-08-11,3,81,HOBBIES
P10,HOBBIES_1_225,2012-08-12,2,81,HOBBIES
P10,HOBBIES_1_225,2012-08-13,5,81,HOBBIES
P10,HOBBIES_1_225,2012-08-14,2,81,HOBBIES
P10,HOBBIES_1_225,2012-08-15,5,81,HOBBIES
P10,HOBBIES_1_225,2012-08-16,4,81,HOBBIES
P10,HOBBIES_1_225,2012-08-17,6,81,HOBBIES
P10,HOBBIES_1_225,2012-08-18,6,82,HOBBIES
P10,HOBBIES_1_225,2012-08-19,6,82,HOBBIES
P10,HOBBIES_1_225,2012-08-20,2,82,HOBBIES
P10,HOBBIES_1_225,2012-08-21,5,82,HOBBIES
P10,HOBBIES_1_225,2012-08-22,6,82,HOBBIES
P10,HOBBIES_1_225,2012-08-23,1,82,HOBBIES
P10,HOBBIES_1_225,2012-08-24,3,82,HOBBIES
P10,HOBBIES_1_225,2012-08-25,5,83,HOBBIES
P10,HOBBIES_1_225,2012-08-26,5,83,HOBBIES
P10,HOBBIES_1_225,2012-08-27,6,83,HOBBIES
P10,HOBBIES_1_225,2012-08-28,2,83,HOBBIES
P10,HOBBIES_1_225,2012-08-29,3,83,HOBBIES
P10,HOBBIES_1_225,2012-08-30,5,83,HOBBIES
P10,HOBBIES_1_225,2012-08-31,6,83,HOBBIES
P10,HOBBIES_1_225,2012-09-01,3,84,HOBBIES
P10,HOBBIES_1_225,2012-09-02,4,84,HOBBIES
P10,HOBBIES_1_225,2012-09-03,2,84,HOBBIES
P10,HOBBIES_1_225,2012-09-04,2,84,HOBBIES
P10,HOBBIES_1_225,2012-09-05,3,84,HOBBIES
P10,HOBBIES_1_225,2012-09-06,5,84,HOBBIES
P10,HOBBIES_1_225,2012-09-07,4,84,HOBBIES
P10,HOBBIES_1_225,2012-09-08,4,85,HOBBIES
P10,HOBBIES_1_225,2012-09-09,4,85,HOBBIES
P10,HOBBIES_1_225,2012-09-10,3,85,HOBBIES
P10,HOBBIES_1_225,2012-09-11,4,85,HOBBIES
P10,HOBBIES_1_225,2012-09-12,1,85,HOBBIES
P10,HOBBIES_1_225,2012-09-13,4,85,HOBBIES
P10,HOBBIES_1_225,2012-09-14,5,85,HOBBIES
P10,HOBBIES_1_225,2012-09-15,2,86,HOBBIES
P10,HOBBIES_1_225,2012-09-16,6,86,HOBBIES
P10,HOBBIES_1_225,2012-09-17,6,86,HOBBIES
P10,HOBBIES_1_225,2012-09-18,4,86,HOBBIES
P10,HOBBIES_1_225,2012-09-19,2,86,HOBBIES
P10,HOBBIES_1_225,2012-09-20,2,86,HOBBIES
P10,HOBBIES_1_225,2012-09-21,1,86,HOBBIES
P10,HOBBIES_1_225,2012-09-22,3,87,HOBBIES
P10,HOBBIES_1_225,2012-09-23,2,87,HOBBIES
P10,HOBBIES_1_225,2012-09-24,4,87,HOBBIES
P10,HOBBIES_1_225,2012-09-25,3,87,HOBBIES
P10,HOBBIES_1_225,2012-09-26,6,87,HOBBIES
P10,HOBBIES_1_225,2012-09-27,2,87,HOBBIES
P10,HOBBIES_1_225,2012-09-28,3,87,HOBBIES
P10,HOBBIES_1_225,2012-09-29,2,88,HOBBIES
P10,HOBBIES_1_225,2012-09-30,5,88,HOBBIES
P10,HOBBIES_1_225,2012-10-01,2,88,HOBBIES
P10,HOBBIES_1_225,2012-10-02,2,88,HOBBIES
P10,HOBBIES_1_225,2012-10-03,4,88,HOBBIES
P10,HOBBIES_1_225,2012-10-04,3,88,HOBBIES
P10,HOBBIES_1_225,2012-10-05,3,88,HOBBIES
P10,HOBBIES_1_225,2012-10-06,4,89,HOBBIES
P10,HOBBIES_1_225,2012-10-07,4,89,HOBBIES
P10,HOBBIES_1_225,2012-10-08,5,89,HOBBIES
P10,HOBBIES_1_225,2012-10-09,2,89,HOBBIES
P10,HOBBIES_1_225,2012-10-10,1,89,HOBBIES
P10,HOBBIES_1_225,2012-10-11,3,89,HOBBIES
P10,HOBBIES_1_225,2012-10-12,8,89,HOBBIES
P10,HOBBIES_1_225,2012-10-13,2,90,HOBBIES
P10,HOBBIES_1_225,2012-10-14,2,90,HOBBIES
P10,HOBBIES_1_225,2012-10-15,2,90,HOBBIES
P10,HOBBIES_1_225,2012-10-16,0,90,HOBBIES
P10,HOBBIES_1_225,2012-10-17,3,90,HOBBIES
P10,HOBBIES_1_225,2012-10-18,2,90,HOBBIES
P10,HOBBIES_1_225,2012-10-19,4,90,HOBBIES
P10,HOBBIES_1_225,2012-10-20,4,91,HOBBIES
P10,HOBBIES_1_225,2012-10-21,6,91,HOBBIES
P10,HOBBIES_1_225,2012-10-22,2,91,HOBBIES
P10,HOBBIES_1_225,2012-10-23,1,91,HOBBIES
P10,HOBBIES_1_225,2012-10-24,5,91,HOBBIES
P10,HOBBIES_1_225,2012-10-25,1,91,HOBBIES
P10,HOBBIES_1_225,2012-10-26,1,91,HOBBIES
P10,HOBBIES_1_225,2012-10-27,0,92,HOBBIES
P10,HOBBIES_1_225,2012-10-28,7,92,HOBBIES
P10,HOBBIES_1_225,2012-10-29,3,92,HOBBIES
P10,HOBBIES_1_225,2012-10-30,5,92,HOBBIES
P10,HOBBIES_1_225,2012-10-31,4,92,HOBBIES
P10,HOBBIES_1_225,2012-11-01,8,92,HOBBIES
P10,HOBBIES_1_225,2012-11-02,4,92,HOBBIES
P10,HOBBIES_1_225,2012-11-03,2,93,HOBBIES
P10,HOBBIES_1_225,2012-11-04,6,93,HOBBIES
P10,HOBBIES_1_225,2012-11-05,2,93,HOBBIES
P10,HOBBIES_1_225,2012-11-06,5,93,HOBBIES
P10,HOBBIES_1_225,2012-11-07,1,93,HOBBIES
P10,HOBBIES_1_225,2012-11-08,3,93,HOBBIES
P10,HOBBIES_1_225,2012-11-09,3,93,HOBBIES
P10,HOBBIES_1_225,2012-11-10,4,94,HOBBIES
P10,HOBBIES_1_225,2012-11-11,3,94,HOBBIES
P10,HOBBIES_1_225,2012-11-12,6,94,HOBBIES
P10,HOBBIES_1_225,2012-11-13,1,94,HOBBIES
P10,HOBBIES_1_225,2012-11-14,3,94,HOBBIES
P10,HOBBIES_1_225,2012-11-15,6,94,HOBBIES
P10,HOBBIES_1_225,2012-11-16,7,94,HOBBIES
P10,HOBBIES_1_225,2012-11-17,5,95,HOBBIES
P10,HOBBIES_1_225,2012-11-18,7,95,HOBBIES
P10,HOBBIES_1_225,2012-11-19,1,95,HOBBIES
P10,HOBBIES_1_225,2012-11-20,3,95,HOBBIES
P10,HOBBIES_1_225,2012-11-21,4,95,HOBBIES
P10,HOBBIES_1_225,2012-11-22,2,95,HOBBIES
P10,HOBBIES_1_225,2012-11-23,4,95,HOBBIES
P10,HOBBIES_1_225,2012-11-24,7,96,HOBBIES
P10,HOBBIES_1_225,2012-11-25,5,96,HOBBIES
P10,HOBBIES_1_225,2012-11-26,3,96,HOBBIES
P10,HOBBIES_1_225,2012-11-27,3,96,HOBBIES
P10,HOBBIES_1_225,2012-11-28,2,96,HOBBIES
P10,HOBBIES_1_225,2012-11-29,4,96,HOBBIES
P10,HOBBIES_1_225,2012-11-30,2,96,HOBBIES
P10,HOBBIES_1_225,2012-12-01,3,97,HOBBIES
P10,HOBBIES_1_225,2012-12-02,4,97,HOBBIES
P10,HOBBIES_1_225,2012-12-03,2,97,HOBBIES
P10,HOBBIES_1_225,2012-12-04,5,97,HOBBIES
P10,HOBBIES_1_225,2012-12-05,7,97,HOBBIES
P10,HOBBIES_1_225,2012-12-06,6,97,HOBBIES
P10,HOBBIES_1_225,2012-12-07,2,97,HOBBIES
P10,HOBBIES_1_225,2012-12-08,4,98,HOBBIES
P10,HOBBIES_1_225,2012-12-09,7,98,HOBBIES
P10,HOBBIES_1_225,2012-12-10,8,98,HOBBIES
P10,HOBBIES_1_225,2012-12-11,2,98,HOBBIES
P10,HOBBIES_1_225,2012-12-12,2,98,HOBBIES
P10,HOBBIES_1_225,2012-12-13,5,98,HOBBIES
P10,HOBBIES_1_225,2012-12-14,5,98,HOBBIES
P10,HOBBIES_1_225,2012-12-15,4,99,HOBBIES
P10,HOBBIES_1_225,2012-12-16,5,99,HOBBIES
P10,HOBBIES_1_225,2012-12-17,2,99,HOBBIES
P10,HOBBIES_1_225,2012-12-18,2,99,HOBBIES
P10,HOBBIES_1_225,2012-12-19,2,99,HOBBIES
P10,HOBBIES_1_225,2012-12-20,5,99,HOBBIES
P10,HOBBIES_1_225,2012-12-21,2,99,HOBBIES
P10,HOBBIES_1_225,2012-12-22,3,100,HOBBIES
P10,HOBBIES_1_225,2012-12-23,2,100,HOBBIES
P10,HOBBIES_1_225,2012-12-24,2,100,HOBBIES
P10,HOBBIES_1_225,2012-12-25,0,100,HOBBIES
P10,HOBBIES_1_225,2012-12-26,0,100,HOBBIES
P10,HOBBIES_1_225,2012-12-27,2,100,HOBBIES
P10,HOBBIES_1_225,2012-12-28,1,100,HOBBIES
P10,HOBBIES_1_225,2012-12-29,2,101,HOBBIES
P10,HOBBIES_1_225,2012-12-30,4,101,HOBBIES
P10,HOBBIES_1_225,2012-12-31,1,101,HOBBIES
P10,HOBBIES_1_225,2013-01-01,4,101,HOBBIES
P10,HOBBIES_1_225,2013-01-02,3,101,HOBBIES
P10,HOBBIES_1_225,2013-01-03,3,101,HOBBIES
P10,HOBBIES_1_225,2013-01-04,4,101,HOBBIES
P10,HOBBIES_1_225,2013-01-05,3,102,HOBBIES
P10,HOBBIES_1_225,2013-01-06,2,102,HOBBIES
P10,HOBBIES_1_225,2013-01-07,5,102,HOBBIES
P10,HOBBIES_1_225,2013-01-08,6,102,HOBBIES
P10,HOBBIES_1_225,2013-01-09,2,102,HOBBIES
P10,HOBBIES_1_225,2013-01-10,4,102,HOBBIES
P10,HOBBIES_1_225,2013-01-11,3,102,HOBBIES
P10,HOBBIES_1_225,2013-01-12,5,103,HOBBIES
P10,HOBBIES_1_225,2013-01-13,2,103,HOBBIES
P10,HOBBIES_1_225,2013-01-14,2,103,HOBBIES
P10,HOBBIES_1_225,2013-01-15,3,103,HOBBIES
P10,HOBBIES_1_225,2013-01-16,5,103,HOBBIES
P10,HOBBIES_1_225,2013-01-17,2,103,HOBBIES
P10,HOBBIES_1_225,2013-01-18,6,103,HOBBIES
P10,HOBBIES_1_225,2013-01-19,3,104,HOBBIES
P10,HOBBIES_1_225,2013-01-20,5,104,HOBBIES
P10,HOBBIES_1_225,2013-01-21,3,104,HOBBIES
P10,HOBBIES_1_225,2013-01-22,3,104,HOBBIES
P10,HOBBIES_1_225,2013-01-23,7,104,HOBBIES
P10,HOBBIES_1_225,2013-01-24,2,104,HOBBIES
P10,HOBBIES_1_225,2013-01-25,4,104,HOBBIES
P10,HOBBIES_1_225,2013-01-26,5,105,HOBBIES
P10,HOBBIES_1_225,2013-01-27,2,105,HOBBIES
P10,HOBBIES_1_225,2013-01-28,4,105,HOBBIES
P10,HOBBIES_1_225,2013-01-29,3,105,HOBBIES
P10,HOBBIES_1_225,2013-01-30,1,105,HOBBIES
P10,HOBBIES_1_225,2013-01-31,5,105,HOBBIES
P10,HOBBIES_1_225,2013-02-01,5,105,HOBBIES
P10,HOBBIES_1_225,2013-02-02,6,106,HOBBIES
P10,HOBBIES_1_225,2013-02-03,4,106,HOBBIES
P10,HOBBIES_1_225,2013-02-04,1,106,HOBBIES
P10,HOBBIES_1_225,2013-02-05,2,106,HOBBIES
P10,HOBBIES_1_225,2013-02-06,5,106,HOBBIES
P10,HOBBIES_1_225,2013-02-07,6,106,HOBBIES
P10,HOBBIES_1_225,2013-02-08,3,106,HOBBIES
P10,HOBBIES_1_225,2013-02-09,4,107,HOBBIES
P10,HOBBIES_1_225,2013-02-10,1,107,HOBBIES
P10,HOBBIES_1_225,2013-02-11,5,107,HOBBIES
P10,HOBBIES_1_225,2013-02-12,3,107,HOBBIES
P10,HOBBIES_1_225,2013-02-13,0,107,HOBBIES
P10,HOBBIES_1_225,2013-02-14,2,107,HOBBIES
P10,HOBBIES_1_225,2013-02-15,3,107,HOBBIES
P10,HOBBIES_1_225,2013-02-16,4,108,HOBBIES
P10,HOBBIES_1_225,2013-02-17,4,108,HOBBIES
P10,HOBBIES_1_225,2013-02-18,8,108,HOBBIES
P10,HOBBIES_1_225,2013-02-19,3,108,HOBBIES
P10,HOBBIES_1_225,2013-02-20,2,108,HOBBIES
P10,HOBBIES_1_225,2013-02-21,5,108,HOBBIES
P10,HOBBIES_1_225,2013-02-22,3,108,HOBBIES
P10,HOBBIES_1_225,2013-02-23,7,109,HOBBIES
P10,HOBBIES_1_225,2013-02-24,4,109,HOBBIES
P10,HOBBIES_1_225,2013-02-25,6,109,HOBBIES
P10,HOBBIES_1_225,2013-02-26,4,109,HOBBIES
P10,HOBBIES_1_225,2013-02-27,6,109,HOBBIES
P10,HOBBIES_1_225,2013-02-28,2,109,HOBBIES
P10,HOBBIES_1_225,2013-03-01,2,109,HOBBIES
P10,HOBBIES_1_225,2013-03-02,6,110,HOBBIES
P10,HOBBIES_1_225,2013-03-03,4,110,HOBBIES
P10,HOBBIES_1_225,2013-03-04,6,110,HOBBIES
P10,HOBBIES_1_225,2013-03-05,2,110,HOBBIES
P10,HOBBIES_1_225,2013-03-06,0,110,HOBBIES
P10,HOBBIES_1_225,2013-03-07,4,110,HOBBIES
P10,HOBBIES_1_225,2013-03-08,3,110,HOBBIES
P10,HOBBIES_1_225,2013-03-09,2,111,HOBBIES
P10,HOBBIES_1_225,2013-03-10,7,111,HOBBIES
P10,HOBBIES_1_225,2013-03-11,4,111,HOBBIES
P10,HOBBIES_1_225,2013-03-12,4,111,HOBBIES
P10,HOBBIES_1_225,2013-03-13,2,111,HOBBIES
P10,HOBBIES_1_225,2013-03-14,4,111,HOBBIES
P10,HOBBIES_1_225,2013-03-15,6,111,HOBBIES
P10,HOBBIES_1_225,2013-03-16,5,112,HOBBIES
P10,HOBBIES_1_225,2013-03-17,1,112,HOBBIES
P10,HOBBIES_1_225,2013-03-18,1,112,HOBBIES
P10,HOBBIES_1_225,2013-03-19,4,112,HOBBIES
P10,HOBBIES_1_225,2013-03-20,3,112,HOBBIES
P10,HOBBIES_1_225,2013-03-21,3,112,HOBBIES
P10,HOBBIES_1_225,2013-03-22,0,112,HOBBIES
P10,HOBBIES_1_225,2013-03-23,4,113,HOBBIES
P10,HOBBIES_1_225,2013-03-24,2,113,HOBBIES
P10,HOBBIES_1_225,2013-03-25,1,113,HOBBIES
P10,HOBBIES_1_225,2013-03-26,4,113,HOBBIES
P10,HOBBIES_1_225,2013-03-27,1,113,HOBBIES
P10,HOBBIES_1_225,2013-03-28,1,113,HOBBIES
P10,HOBBIES_1_225,2013-03-29,1,113,HOBBIES
P10,HOBBIES_1_225,2013-03-30,3,114,HOBBIES
P10,HOBBIES_1_225,2013-03-31,2,114,HOBBIES
P10,HOBBIES_1_225,2013-04-01,4,114,HOBBIES
P10,HOBBIES_1_225,2013-04-02,2,114,HOBBIES
P10,HOBBIES_1_225,2013-04-03,4,114,HOBBIES
P10,HOBBIES_1_225,2013-04-04,4,114,HOBBIES
P10,HOBBIES_1_225,2013-04-05,2,114,HOBBIES
P10,HOBBIES_1_225,2013-04-06,5,115,HOBBIES
P10,HOBBIES_1_225,2013-04-07,3,115,HOBBIES
P10,HOBBIES_1_225,2013-04-08,3,115,HOBBIES
P10,HOBBIES_1_225,2013-04-09,1,115,HOBBIES
P10,HOBBIES_1_225,2013-04-10,3,115,HOBBIES
P10,HOBBIES_1_225,2013-04-11,2,115,HOBBIES
P10,HOBBIES_1_225,2013-04-12,5,115,HOBBIES
P10,HOBBIES_1_225,2013-04-13,3,116,HOBBIES
P10,HOBBIES_1_225,2013-04-14,4,116,HOBBIES
P10,HOBBIES_1_225,2013-04-15,4,116,HOBBIES
P10,HOBBIES_1_225,2013-04-16,3,116,HOBBIES
P10,HOBBIES_1_225,2013-04-17,2,116,HOBBIES
P10,HOBBIES_1_225,2013-04-18,5,116,HOBBIES
P10,HOBBIES_1_225,2013-04-19,4,116,HOBBIES
P10,HOBBIES_1_225,2013-04-20,2,117,HOBBIES
P10,HOBBIES_1_225,2013-04-21,3,117,HOBBIES
P10,HOBBIES_1_225,2013-04-22,3,117,HOBBIES
P10,HOBBIES_1_225,2013-04-23,3,117,HOBBIES
P10,HOBBIES_1_225,2013-04-24,3,117,HOBBIES
P10,HOBBIES_1_225,2013-04-25,6,117,HOBBIES
P10,HOBBIES_1_225,2013-04-26,6,117,HOBBIES
P10,HOBBIES_1_225,2013-04-27,2,118,HOBBIES
P10,HOBBIES_1_225,2013-04-28,2,118,HOBBIES
P10,HOBBIES_1_225,2013-04-29,4,118,HOBBIES
P10,HOBBIES_1_225,2013-04-30,1,118,HOBBIES
P10,HOBBIES_1_225,2013-05-01,1,118,HOBBIES
P10,HOBBIES_1_225,2013-05-02,2,118,HOBBIES
P10,HOBBIES_1_225,2013-05-03,2,118,HOBBIES
P10,HOBBIES_1_225,2013-05-04,3,119,HOBBIES
P10,HOBBIES_1_225,2013-05-05,5,119,HOBBIES
P10,HOBBIES_1_225,2013-05-06,4,119,HOBBIES
P10,HOBBIES_1_225,2013-05-07,2,119,HOBBIES
P10,HOBBIES_1_225,2013-05-08,7,119,HOBBIES
P10,HOBBIES_1_225,2013-05-09,2,119,HOBBIES
P10,HOBBIES_1_225,2013-05-10,3,119,HOBBIES
P10,HOBBIES_1_225,2013-05-11,3,120,HOBBIES
P10,HOBBIES_1_225,2013-05-12,3,120,HOBBIES
P10,HOBBIES_1_225,2013-05-13,2,120,HOBBIES
P10,HOBBIES_1_225,2013-05-14,4,120,HOBBIES
P10,HOBBIES_1_225,2013-05-15,4,120,HOBBIES
P10,HOBBIES_1_225,2013-05-16,3,120,HOBBIES
P10,HOBBIES_1_225,2013-05-17,4,120,HOBBIES
P10,HOBBIES_1_225,2013-05-18,3,121,HOBBIES
P10,HOBBIES_1_225,2013-05-19,4,121,HOBBIES
P10,HOBBIES_1_225,2013-05-20,3,121,HOBBIES
P10,HOBBIES_1_225,2013-05-21,4,121,HOBBIES
P10,HOBBIES_1_225,2013-05-22,4,121,HOBBIES
P10,HOBBIES_1_225,2013-05-23,5,121,HOBBIES
P10,HOBBIES_1_225,2013-05-24,3,121,HOBBIES
P10,HOBBIES_1_225,2013-05-25,3,122,HOBBIES
P10,HOBBIES_1_225,2013-05-26,4,122,HOBBIES
P10,HOBBIES_1_225,2013-05-27,3,122,HOBBIES
P10,HOBBIES_1_225,2013-05-28,1,122,HOBBIES
P10,HOBBIES_1_225,2013-05-29,2,122,HOBBIES
P10,HOBBIES_1_225,2013-05-30,2,122,HOBBIES
P10,HOBBIES_1_225,2013-05-31,2,122,HOBBIES
P10,HOBBIES_1_225,2013-06-01,5,123,HOBBIES
P10,HOBBIES_1_225,2013-06-02,3,123,HOBBIES
P10,HOBBIES_1_225,2013-06-03,1,123,HOBBIES
P10,HOBBIES_1_225,2013-06-04,7,123,HOBBIES
P10,HOBBIES_1_225,2013-06-05,4,123,HOBBIES
P10,HOBBIES_1_225,2013-06-06,2,123,HOBBIES
P10,HOBBIES_1_225,2013-06-07,7,123,HOBBIES
P10,HOBBIES_1_225,2013-06-08,4,124,HOBBIES
P10,HOBBIES_1_225,2013-06-09,6,124,HOBBIES
P10,HOBBIES_1_225,2013-06-10,5,124,HOBBIES
P10,HOBBIES_1_225,2013-06-11,3,124,HOBBIES
P10,HOBBIES_1_225,2013-06-12,4,124,HOBBIES
P10,HOBBIES_1_225,2013-06-13,5,124,HOBBIES
P10,HOBBIES_1_225,2013-06-14,5,124,HOBBIES
P10,HOBBIES_1_225,2013-06-15,4,125,HOBBIES
P10,HOBBIES_1_225,2013-06-16,6,125,HOBBIES
P10,HOBBIES_1_225,2013-06-17,4,125,HOBBIES
P10,HOBBIES_1_225,2013-06-18,1,125,HOBBIES
P10,HOBBIES_1_225,2013-06-19,5,125,HOBBIES
P10,HOBBIES_1_225,2013-06-20,2,125,HOBBIES
P10,HOBBIES_1_225,2013-06-21,5,125,HOBBIES
P10,HOBBIES_1_225,2013-06-22,3,126,HOBBIES
P10,HOBBIES_1_225,2013-06-23,5,126,HOBBIES
P10,HOBBIES_1_225,2013-06-24,4,126,HOBBIES
P10,HOBBIES_1_225,2013-06-25,4,126,HOBBIES
P10,HOBBIES_1_225,2013-06-26,4,126,HOBBIES
P10,HOBBIES_1_225,2013-06-27,1,126,HOBBIES
P10,HOBBIES_1_225,2013-06-28,8,126,HOBBIES
P10,HOBBIES_1_225,2013-06-29,5,127,HOBBIES
P10,HOBBIES_1_225,2013-06-30,6,127,HOBBIES
P10,HOBBIES_1_225,2013-07-01,5,127,HOBBIES
P10,HOBBIES_1_225,2013-07-02,2,127,HOBBIES
P10,HOBBIES_1_225,2013-07-03,2,127,HOBBIES
P10,HOBBIES_1_225,2013-07-04,3,127,HOBBIES
P10,HOBBIES_1_225,2013-07-05,5,127,HOBBIES
P10,HOBBIES_1_225,2013-07-06,1,128,HOBBIES
P10,HOBBIES_1_225,2013-07-07,4,128,HOBBIES
P10,HOBBIES_1_225,2013-07-08,4,128,HOBBIES
P10,HOBBIES_1_225,2013-07-09,4,128,HOBBIES
P10,HOBBIES_1_225,2013-07-10,3,128,HOBBIES
P10,HOBBIES_1_225,2013-07-11,1,128,HOBBIES
P10,HOBBIES_1_225,2013-07-12,7,128,HOBBIES
P10,HOBBIES_1_225,2013-07-13,6,129,HOBBIES
P10,HOBBIES_1_225,2013-07-14,1,129,HOBBIES
P10,HOBBIES_1_225,2013-07-15,4,129,HOBBIES
P10,HOBBIES_1_225,2013-07-16,2,129,HOBBIES
P10,HOBBIES_1_225,2013-07-17,4,129,HOBBIES
P10,HOBBIES_1_225,2013-07-18,6,129,HOBBIES
P10,HOBBIES_1_225,2013-07-19,2,129,HOBBIES
P10,HOBBIES_1_225,2013-07-20,3,130,HOBBIES
P10,HOBBIES_1_225,2013-07-21,3,130,HOBBIES
P10,HOBBIES_1_225,2013-07-22,4,130,HOBBIES
P10,HOBBIES_1_225,2013-07-23,3,130,HOBBIES
P10,HOBBIES_1_225,2013-07-24,7,130,HOBBIES
P10,HOBBIES_1_225,2013-07-25,3,130,HOBBIES
P10,HOBBIES_1_225,2013-07-26,4,130,HOBBIES
P10,HOBBIES_1_225,2013-07-27,4,131,HOBBIES
P10,HOBBIES_1_225,2013-07-28,9,131,HOBBIES
P10,HOBBIES_1_225,2013-07-29,2,131,HOBBIES
P10,HOBBIES_1_225,2013-07-30,4,131,HOBBIES
P10,HOBBIES_1_225,2013-07-31,5,131,HOBBIES
P10,HOBBIES_1_225,2013-08-01,5,131,HOBBIES
P10,HOBBIES_1_225,2013-08-02,2,131,HOBBIES
P10,HOBBIES_1_225,2013-08-03,6,132,HOBBIES
P10,HOBBIES_1_225,2013-08-04,3,132,HOBBIES
P10,HOBBIES_1_225,2013-08-05,4,132,HOBBIES
P10,HOBBIES_1_225,2013-08-06,4,132,HOBBIES
P10,HOBBIES_1_225,2013-08-07,3,132,HOBBIES
P10,HOBBIES_1_225,2013-08-08,5,132,HOBBIES
P10,HOBBIES_1_225,2013-08-09,3,132,HOBBIES
P10,HOBBIES_1_225,2013-08-10,5,133,HOBBIES
P10,HOBBIES_1_225,2013-08-11,4,133,HOBBIES
P10,HOBBIES_1_225,2013-08-12,4,133,HOBBIES
P10,HOBBIES_1_225,2013-08-13,4,133,HOBBIES
P10,HOBBIES_1_225,2013-08-14,3,133,HOBBIES
P10,HOBBIES_1_225,2013-08-15,4,133,HOBBIES
P10,HOBBIES_1_225,2013-08-16,4,133,HOBBIES
P10,HOBBIES_1_225,2013-08-17,1,134,HOBBIES
P10,HOBBIES_1_225,2013-08-18,11,134,HOBBIES
P10,HOBBIES_1_225,2013-08-19,6,134,HOBBIES
P10,HOBBIES_1_225,2013-08-20,4,134,HOBBIES
P10,HOBBIES_1_225,2013-08-21,3,134,HOBBIES
P10,HOBBIES_1_225,2013-08-22,2,134,HOBBIES
P10,HOBBIES_1_225,2013-08-23,0,134,HOBBIES
P10,HOBBIES_1_225,2013-08-24,3,135,HOBBIES
P10,HOBBIES_1_225,2013-08-25,5,135,HOBBIES
P10,HOBBIES_1_225,2013-08-26,0,135,HOBBIES
P10,HOBBIES_1_225,2013-08-27,3,135,HOBBIES
P10,HOBBIES_1_225,2013-08-28,4,135,HOBBIES
P10,HOBBIES_1_225,2013-08-29,3,135,HOBBIES
P10,HOBBIES_1_225,2013-08-30,5,135,HOBBIES
P10,HOBBIES_1_225,2013-08-31,5,136,HOBBIES
P10,HOBBIES_1_225,2013-09-01,4,136,HOBBIES
P10,HOBBIES_1_225,2013-09-02,6,136,HOBBIES
P10,HOBBIES_1_225,2013-09-03,2,136,HOBBIES
P10,HOBBIES_1_225,2013-09-04,3,136,HOBBIES
P10,HOBBIES_1_225,2013-09-05,4,136,HOBBIES
P10,HOBBIES_1_225,2013-09-06,3,136,HOBBIES
P10,HOBBIES_1_225,2013-09-07,2,137,HOBBIES
P10,HOBBIES_1_225,2013-09-08,1,137,HOBBIES
P10,HOBBIES_1_225,2013-09-09,2,137,HOBBIES
P10,HOBBIES_1_225,2013-09-10,2,137,HOBBIES
P10,HOBBIES_1_225,2013-09-11,4,137,HOBBIES
P10,HOBBIES_1_225,2013-09-12,4,137,HOBBIES
P10,HOBBIES_1_225,2013-09-13,5,137,HOBBIES
P10,HOBBIES_1_225,2013-09-14,4,138,HOBBIES
P10,HOBBIES_1_225,2013-09-15,3,138,HOBBIES
P10,HOBBIES_1_225,2013-09-16,1,138,HOBBIES
P10,HOBBIES_1_225,2013-09-17,7,138,HOBBIES
P10,HOBBIES_1_225,2013-09-18,6,138,HOBBIES
P10,HOBBIES_1_225,2013-09-19,3,138,HOBBIES
P10,HOBBIES_1_225,2013-09-20,2,138,HOBBIES
P10,HOBBIES_1_225,2013-09-21,4,139,HOBBIES
P10,HOBBIES_1_225,2013-09-22,1,139,HOBBIES
P10,HOBBIES_1_225,2013-09-23,2,139,HOBBIES
P10,HOBBIES_1_225,2013-09-24,3,139,HOBBIES
P10,HOBBIES_1_225,2013-09-25,3,139,HOBBIES
P10,HOBBIES_1_225,2013-09-26,3,139,HOBBIES
P10,HOBBIES_1_225,2013-09-27,4,139,HOBBIES
P10,HOBBIES_1_225,2013-09-28,5,140,HOBBIES
P10,HOBBIES_1_225,2013-09-29,3,140,HOBBIES
P10,HOBBIES_1_225,2013-09-30,5,140,HOBBIES
P10,HOBBIES_1_225,2013-10-01,5,140,HOBBIES
P10,HOBBIES_1_225,2013-10-02,2,140,HOBBIES
P10,HOBBIES_1_225,2013-10-03,3,140,HOBBIES
P10,HOBBIES_1_225,2013-10-04,3,140,HOBBIES
P10,HOBBIES_1_225,2013-10-05,1,141,HOBBIES
P10,HOBBIES_1_225,2013-10-06,3,141,HOBBIES
P10,HOBBIES_1_225,2013-10-07,3,141,HOBBIES
P10,HOBBIES_1_225,2013-10-08,4,141,HOBBIES
P10,HOBBIES_1_225,2013-10-09,3,141,HOBBIES
P10,HOBBIES_1_225,2013-10-10,5,141,HOBBIES
P10,HOBBIES_1_225,2013-10-11,5,141,HOBBIES
P10,HOBBIES_1_225,2013-10-12,2,142,HOBBIES
P10,HOBBIES_1_225,2013-10-13,5,142,HOBBIES
P10,HOBBIES_1_225,2013-10-14,5,142,HOBBIES
P10,HOBBIES_1_225,2013-10-15,8,142,HOBBIES
P10,HOBBIES_1_225,2013-10-16,1,142,HOBBIES
P10,HOBBIES_1_225,2013-10-17,4,142,HOBBIES
P10,HOBBIES_1_225,2013-10-18,5,142,HOBBIES
P10,HOBBIES_1_225,2013-10-19,4,143,HOBBIES
P10,HOBBIES_1_225,2013-10-20,3,143,HOBBIES
P10,HOBBIES_1_225,2013-10-21,6,143,HOBBIES
P10,HOBBIES_1_225,2013-10-22,3,143,HOBBIES
P10,HOBBIES_1_225,2013-10-23,2,143,HOBBIES
P10,HOBBIES_1_225,2013-10-24,4,143,HOBBIES
P10,HOBBIES_1_225,2013-10-25,3,143,HOBBIES
P10,HOBBIES_1_225,2013-10-26,2,144,HOBBIES
P10,HOBBIES_1_225,2013-10-27,5,144,HOBBIES
P10,HOBBIES_1_225,2013-10-28,6,144,HOBBIES
P10,HOBBIES_1_225,2013-10-29,5,144,HOBBIES
P10,HOBBIES_1_225,2013-10-30,5,144,HOBBIES
P10,HOBBIES_1_225,2013-10-31,2,144,HOBBIES
P10,HOBBIES_1_225,2013-11-01,6,144,HOBBIES
P10,HOBBIES_1_225,2013-11-02,6,145,HOBBIES
P10,HOBBIES_1_225,2013-11-03,5,145,HOBBIES
P10,HOBBIES_1_225,2013-11-04,3,145,HOBBIES
P10,HOBBIES_1_225,2013-11-05,2,145,HOBBIES
P10,HOBBIES_1_225,2013-11-06,2,145,HOBBIES
P10,HOBBIES_1_225,2013-11-07,6,145,HOBBIES
P10,HOBBIES_1_225,2013-11-08,4,145,HOBBIES
P10,HOBBIES_1_225,2013-11-09,6,146,HOBBIES
P10,HOBBIES_1_225,2013-11-10,5,146,HOBBIES
P10,HOBBIES_1_225,2013-11-11,4,146,HOBBIES
P10,HOBBIES_1_225,2013-11-12,5,146,HOBBIES
P10,HOBBIES_1_225,2013-11-13,4,146,HOBBIES
P10,HOBBIES_1_225,2013-11-14,4,146,HOBBIES
P10,HOBBIES_1_225,2013-11-15,5,146,HOBBIES
P10,HOBBIES_1_225,2013-11-16,7,147,HOBBIES
P10,HOBBIES_1_225,2013-11-17,8,147,HOBBIES
P10,HOBBIES_1_225,2013-11-18,4,147,HOBBIES
P10,HOBBIES_1_225,2013-11-19,1,147,HOBBIES
P10,HOBBIES_1_225,2013-11-20,4,147,HOBBIES
P10,HOBBIES_1_225,2013-11-21,3,147,HOBBIES
P10,HOBBIES_1_225,2013-11-22,4,147,HOBBIES
P10,HOBBIES_1_225,2013-11-23,9,148,HOBBIES
P10,HOBBIES_1_225,2013-11-24,5,148,HOBBIES
P10,HOBBIES_1_225,2013-11-25,4,148,HOBBIES
P10,HOBBIES_1_225,2013-11-26,6,148,HOBBIES
P10,HOBBIES_1_225,2013-11-27,4,148,HOBBIES
P10,HOBBIES_1_225,2013-11-28,3,148,HOBBIES
P10,HOBBIES_1_225,2013-11-29,2,148,HOBBIES
P10,HOBBIES_1_225,2013-11-30,4,149,HOBBIES
P10,HOBBIES_1_225,2013-12-01,7,149,HOBBIES
P10,HOBBIES_1_225,2013-12-02,6,149,HOBBIES
P10,HOBBIES_1_225,2013-12-03,5,149,HOBBIES
P10,HOBBIES_1_225,2013-12-04,3,149,HOBBIES
P10,HOBBIES_1_225,2013-12-05,3,149,HOBBIES
P10,HOBBIES_1_225,2013-12-06,4,149,HOBBIES
P10,HOBBIES_1_225,2013-12-07,5,150,HOBBIES
P10,HOBBIES_1_225,2013-12-08,9,150,HOBBIES
P10,HOBBIES_1_225,2013-12-09,5,150,HOBBIES
P10,HOBBIES_1_225,2013-12-10,2,150,HOBBIES
P10,HOBBIES_1_225,2013-12-11,4,150,HOBBIES
P10,HOBBIES_1_225,2013-12-12,4,150,HOBBIES
P10,HOBBIES_1_225,2013-12-13,3,150,HOBBIES
P10,HOBBIES_1_225,2013-12-14,7,151,HOBBIES
P10,HOBBIES_1_225,2013-12-15,5,151,HOBBIES
P10,HOBBIES_1_225,2013-12-16,1,151,HOBBIES
P10,HOBBIES_1_225,2013-12-17,3,151,HOBBIES
P10,HOBBIES_1_225,2013-12-18,5,151,HOBBIES
P10,HOBBIES_1_225,2013-12-19,2,151,HOBBIES
P10,HOBBIES_1_225,2013-12-20,0,151,HOBBIES
P10,HOBBIES_1_225,2013-12-21,7,152,HOBBIES
P10,HOBBIES_1_225,2013-12-22,4,152,HOBBIES
P10,HOBBIES_1_225,2013-12-23,11,152,HOBBIES
P10,HOBBIES_1_225,2013-12-24,6,152,HOBBIES
P10,HOBBIES_1_225,2013-12-25,0,152,HOBBIES
P10,HOBBIES_1_225,2013-12-26,5,152,HOBBIES
P10,HOBBIES_1_225,2013-12-27,3,152,HOBBIES
P10,HOBBIES_1_225,2013-12-28,7,153,HOBBIES
P10,HOBBIES_1_225,2013-12-29,3,153,HOBBIES
P10,HOBBIES_1_225,2013-12-30,3,153,HOBBIES
P10,HOBBIES_1_225,2013-12-31,2,153,HOBBIES
P10,HOBBIES_1_225,2014-01-01,1,153,HOBBIES
P10,HOBBIES_1_225,2014-01-02,7,153,HOBBIES
P10,HOBBIES_1_225,2014-01-03,7,153,HOBBIES
P10,HOBBIES_1_225,2014-01-04,6,154,HOBBIES
P10,HOBBIES_1_225,2014-01-05,10,154,HOBBIES
P10,HOBBIES_1_225,2014-01-06,2,154,HOBBIES
P10,HOBBIES_1_225,2014-01-07,5,154,HOBBIES
P10,HOBBIES_1_225,2014-01-08,4,154,HOBBIES
P10,HOBBIES_1_225,2014-01-09,4,154,HOBBIES
P10,HOBBIES_1_225,2014-01-10,4,154,HOBBIES
P10,HOBBIES_1_225,2014-01-11,4,155,HOBBIES
P10,HOBBIES_1_225,2014-01-12,3,155,HOBBIES
P10,HOBBIES_1_225,2014-01-13,4,155,HOBBIES
P10,HOBBIES_1_225,2014-01-14,4,155,HOBBIES
P10,HOBBIES_1_225,2014-01-15,6,155,HOBBIES
P10,HOBBIES_1_225,2014-01-16,2,155,HOBBIES
P10,HOBBIES_1_225,2014-01-17,7,155,HOBBIES
P10,HOBBIES_1_225,2014-01-18,4,156,HOBBIES
P10,HOBBIES_1_225,2014-01-19,5,156,HOBBIES
P10,HOBBIES_1_225,2014-01-20,5,156,HOBBIES
P10,HOBBIES_1_225,2014-01-21,2,156,HOBBIES
P10,HOBBIES_1_225,2014-01-22,4,156,HOBBIES
P10,HOBBIES_1_225,2014-01-23,4,156,HOBBIES
P10,HOBBIES_1_225,2014-01-24,3,156,HOBBIES
P10,HOBBIES_1_225,2014-01-25,10,157,HOBBIES
P10,HOBBIES_1_225,2014-01-26,5,157,HOBBIES
P10,HOBBIES_1_225,2014-01-27,3,157,HOBBIES
P10,HOBBIES_1_225,2014-01-28,3,157,HOBBIES
P10,HOBBIES_1_225,2014-01-29,4,157,HOBBIES
P10,HOBBIES_1_225,2014-01-30,5,157,HOBBIES
P10,HOBBIES_1_225,2014-01-31,3,157,HOBBIES
P10,HOBBIES_1_225,2014-02-01,5,158,HOBBIES
P10,HOBBIES_1_225,2014-02-02,5,158,HOBBIES
P10,HOBBIES_1_225,2014-02-03,2,158,HOBBIES
P10,HOBBIES_1_225,2014-02-04,2,158,HOBBIES
P10,HOBBIES_1_225,2014-02-05,3,158,HOBBIES
P10,HOBBIES_1_225,2014-02-06,5,158,HOBBIES
P10,HOBBIES_1_225,2014-02-07,3,158,HOBBIES
P10,HOBBIES_1_225,2014-02-08,6,159,HOBBIES
P10,HOBBIES_1_225,2014-02-09,2,159,HOBBIES
P10,HOBBIES_1_225,2014-02-10,2,159,HOBBIES
P10,HOBBIES_1_225,2014-02-11,2,159,HOBBIES
P10,HOBBIES_1_225,2014-02-12,8,159,HOBBIES
P10,HOBBIES_1_225,2014-02-13,4,159,HOBBIES
P10,HOBBIES_1_225,2014-02-14,4,159,HOBBIES
P10,HOBBIES_1_225,2014-02-15,6,160,HOBBIES
P10,HOBBIES_1_225,2014-02-16,2,160,HOBBIES
P10,HOBBIES_1_225,2014-02-17,2,160,HOBBIES
P10,HOBBIES_1_225,2014-02-18,5,160,HOBBIES
P10,HOBBIES_1_225,2014-02-19,4,160,HOBBIES
P10,HOBBIES_1_225,2014-02-20,4,160,HOBBIES
P10,HOBBIES_1_225,2014-02-21,3,160,HOBBIES
P10,HOBBIES_1_225,2014-02-22,8,161,HOBBIES
P10,HOBBIES_1_225,2014-02-23,9,161,HOBBIES
P10,HOBBIES_1_225,2014-02-24,6,161,HOBBIES
P10,HOBBIES_1_225,2014-02-25,2,161,HOBBIES
P10,HOBBIES_1_225,2014-02-26,6,161,HOBBIES
P10,HOBBIES_1_225,2014-02-27,10,161,HOBBIES
P10,HOBBIES_1_225,2014-02-28,4,161,HOBBIES
P10,HOBBIES_1_225,2014-03-01,3,162,HOBBIES
P10,HOBBIES_1_225,2014-03-02,10,162,HOBBIES
P10,HOBBIES_1_225,2014-03-03,5,162,HOBBIES
P10,HOBBIES_1_225,2014-03-04,5,162,HOBBIES
P10,HOBBIES_1_225,2014-03-05,2,162,HOBBIES
P10,HOBBIES_1_225,2014-03-06,7,162,HOBBIES
P10,HOBBIES_1_225,2014-03-07,2,162,HOBBIES
P10,HOBBIES_1_225,2014-03-08,8,163,HOBBIES
P10,HOBBIES_1_225,2014-03-09,7,163,HOBBIES
P10,HOBBIES_1_225,2014-03-10,5,163,HOBBIES
P10,HOBBIES_1_225,2014-03-11,2,163,HOBBIES
P10,HOBBIES_1_225,2014-03-12,3,163,HOBBIES
P10,HOBBIES_1_225,2014-03-13,1,163,HOBBIES
P10,HOBBIES_1_225,2014-03-14,3,163,HOBBIES
P10,HOBBIES_1_225,2014-03-15,2,164,HOBBIES
P10,HOBBIES_1_225,2014-03-16,4,164,HOBBIES
P10,HOBBIES_1_225,2014-03-17,4,164,HOBBIES
P10,HOBBIES_1_225,2014-03-18,3,164,HOBBIES
P10,HOBBIES_1_225,2014-03-19,4,164,HOBBIES
P10,HOBBIES_1_225,2014-03-20,3,164,HOBBIES
P10,HOBBIES_1_225,2014-03-21,7,164,HOBBIES
P10,HOBBIES_1_225,2014-03-22,7,165,HOBBIES
P10,HOBBIES_1_225,2014-03-23,3,165,HOBBIES
P10,HOBBIES_1_225,2014-03-24,4,165,HOBBIES
P10,HOBBIES_1_225,2014-03-25,2,165,HOBBIES
P10,HOBBIES_1_225,2014-03-26,7,165,HOBBIES
P10,HOBBIES_1_225,2014-03-27,3,165,HOBBIES
P10,HOBBIES_1_225,2014-03-28,5,165,HOBBIES
P10,HOBBIES_1_225,2014-03-29,2,166,HOBBIES
P10,HOBBIES_1_225,2014-03-30,5,166,HOBBIES
P10,HOBBIES_1_225,2014-03-31,3,166,HOBBIES
P10,HOBBIES_1_225,2014-04-01,8,166,HOBBIES
P10,HOBBIES_1_225,2014-04-02,1,166,HOBBIES
P10,HOBBIES_1_225,2014-04-03,6,166,HOBBIES
P10,HOBBIES_1_225,2014-04-04,3,166,HOBBIES
P10,HOBBIES_1_225,2014-04-05,5,167,HOBBIES
P10,HOBBIES_1_225,2014-04-06,6,167,HOBBIES
P10,HOBBIES_1_225,2014-04-07,5,167,HOBBIES
P10,HOBBIES_1_225,2014-04-08,4,167,HOBBIES
P10,HOBBIES_1_225,2014-04-09,2,167,HOBBIES
P10,HOBBIES_1_225,2014-04-10,4,167,HOBBIES
P10,HOBBIES_1_225,2014-04-11,5,167,HOBBIES
P10,HOBBIES_1_225,2014-04-12,8,168,HOBBIES
P10,HOBBIES_1_225,2014-04-13,4,168,HOBBIES
P10,HOBBIES_1_225,2014-04-14,5,168,HOBBIES
P10,HOBBIES_1_225,2014-04-15,3,168,HOBBIES
P10,HOBBIES_1_225,2014-04-16,7,168,HOBBIES
P10,HOBBIES_1_225,2014-04-17,2,168,HOBBIES
P10,HOBBIES_1_225,2014-04-18,6,168,HOBBIES
P10,HOBBIES_1_225,2014-04-19,4,169,HOBBIES
P10,HOBBIES_1_225,2014-04-20,7,169,HOBBIES
P10,HOBBIES_1_225,2014-04-21,5,169,HOBBIES
P10,HOBBIES_1_225,2014-04-22,3,169,HOBBIES
P10,HOBBIES_1_225,2014-04-23,2,169,HOBBIES
P10,HOBBIES_1_225,2014-04-24,3,169,HOBBIES
P10,HOBBIES_1_225,2014-04-25,3,169,HOBBIES
P10,HOBBIES_1_225,2014-04-26,6,170,HOBBIES
P10,HOBBIES_1_225,2014-04-27,5,170,HOBBIES
P10,HOBBIES_1_225,2014-04-28,4,170,HOBBIES
P10,HOBBIES_1_225,2014-04-29,2,170,HOBBIES
P10,HOBBIES_1_225,2014-04-30,5,170,HOBBIES
P10,HOBBIES_1_225,2014-05-01,6,170,HOBBIES
P10,HOBBIES_1_225,2014-05-02,5,170,HOBBIES
P10,HOBBIES_1_225,2014-05-03,4,171,HOBBIES
P10,HOBBIES_1_225,2014-05-04,1,171,HOBBIES
P10,HOBBIES_1_225,2014-05-05,1,171,HOBBIES
P10,HOBBIES_1_225,2014-05-06,1,171,HOBBIES
P10,HOBBIES_1_225,2014-05-07,3,171,HOBBIES
P10,HOBBIES_1_225,2014-05-08,3,171,HOBBIES
P10,HOBBIES_1_225,2014-05-09,4,171,HOBBIES
P10,HOBBIES_1_225,2014-05-10,8,172,HOBBIES
P10,HOBBIES_1_225,2014-05-11,5,172,HOBBIES
P10,HOBBIES_1_225,2014-05-12,4,172,HOBBIES
P10,HOBBIES_1_225,2014-05-13,3,172,HOBBIES
P10,HOBBIES_1_225,2014-05-14,0,172,HOBBIES
P10,HOBBIES_1_225,2014-05-15,3,172,HOBBIES
P10,HOBBIES_1_225,2014-05-16,3,172,HOBBIES
P10,HOBBIES_1_225,2014-05-17,5,173,HOBBIES
P10,HOBBIES_1_225,2014-05-18,5,173,HOBBIES
P10,HOBBIES_1_225,2014-05-19,5,173,HOBBIES
P10,HOBBIES_1_225,2014-05-20,4,173,HOBBIES
P10,HOBBIES_1_225,2014-05-21,2,173,HOBBIES
P10,HOBBIES_1_225,2014-05-22,5,173,HOBBIES
P10,HOBBIES_1_225,2014-05-23,2,173,HOBBIES
P10,HOBBIES_1_225,2014-05-24,2,174,HOBBIES
P10,HOBBIES_1_225,2014-05-25,3,174,HOBBIES
P10,HOBBIES_1_225,2014-05-26,2,174,HOBBIES
P10,HOBBIES_1_225,2014-05-27,1,174,HOBBIES
P10,HOBBIES_1_225,2014-05-28,1,174,HOBBIES
P10,HOBBIES_1_225,2014-05-29,2,174,HOBBIES
P10,HOBBIES_1_225,2014-05-30,5,174,HOBBIES
P10,HOBBIES_1_225,2014-05-31,3,175,HOBBIES
P10,HOBBIES_1_225,2014-06-01,6,175,HOBBIES
P10,HOBBIES_1_225,2014-06-02,5,175,HOBBIES
P10,HOBBIES_1_225,2014-06-03,3,175,HOBBIES
P10,HOBBIES_1_225,2014-06-04,4,175,HOBBIES
P10,HOBBIES_1_225,2014-06-05,1,175,HOBBIES
P10,HOBBIES_1_225,2014-06-06,1,175,HOBBIES
P10,HOBBIES_1_225,2014-06-07,3,176,HOBBIES
P10,HOBBIES_1_225,2014-06-08,5,176,HOBBIES
P10,HOBBIES_1_225,2014-06-09,3,176,HOBBIES
P10,HOBBIES_1_225,2014-06-10,5,176,HOBBIES
P10,HOBBIES_1_225,2014-06-11,5,176,HOBBIES
P10,HOBBIES_1_225,2014-06-12,6,176,HOBBIES
P10,HOBBIES_1_225,2014-06-13,2,176,HOBBIES
P10,HOBBIES_1_225,2014-06-14,3,177,HOBBIES
P10,HOBBIES_1_225,2014-06-15,4,177,HOBBIES
P10,HOBBIES_1_225,2014-06-16,2,177,HOBBIES
P10,HOBBIES_1_225,2014-06-17,1,177,HOBBIES
P10,HOBBIES_1_225,2014-06-18,0,177,HOBBIES
P10,HOBBIES_1_225,2014-06-19,3,177,HOBBIES
P10,HOBBIES_1_225,2014-06-20,1,177,HOBBIES
P10,HOBBIES_1_225,2014-06-21,4,178,HOBBIES
P10,HOBBIES_1_225,2014-06-22,4,178,HOBBIES
P10,HOBBIES_1_225,2014-06-23,2,178,HOBBIES
P10,HOBBIES_1_225,2014-06-24,1,178,HOBBIES
P10,HOBBIES_1_225,2014-06-25,2,178,HOBBIES
P10,HOBBIES_1_225,2014-06-26,5,178,HOBBIES
P10,HOBBIES_1_225,2014-06-27,3,178,HOBBIES
P10,HOBBIES_1_225,2014-06-28,2,179,HOBBIES
P10,HOBBIES_1_225,2014-06-29,3,179,HOBBIES
P10,HOBBIES_1_225,2014-06-30,0,179,HOBBIES
P10,HOBBIES_1_225,2014-07-01,2,179,HOBBIES
P10,HOBBIES_1_225,2014-07-02,2,179,HOBBIES
P10,HOBBIES_1_225,2014-07-03,4,179,HOBBIES
P10,HOBBIES_1_225,2014-07-04,3,179,HOBBIES
P10,HOBBIES_1_225,2014-07-05,2,180,HOBBIES
P10,HOBBIES_1_225,2014-07-06,2,180,HOBBIES
P10,HOBBIES_1_225,2014-07-07,0,180,HOBBIES
P10,HOBBIES_1_225,2014-07-08,2,180,HOBBIES
P10,HOBBIES_1_225,2014-07-09,4,180,HOBBIES
P10,HOBBIES_1_225,2014-07-10,5,180,HOBBIES
P10,HOBBIES_1_225,2014-07-11,7,180,HOBBIES
P10,HOBBIES_1_225,2014-07-12,3,181,HOBBIES
P10,HOBBIES_1_225,2014-07-13,4,181,HOBBIES
P10,HOBBIES_1_225,2014-07-14,1,181,HOBBIES
P10,HOBBIES_1_225,2014-07-15,5,181,HOBBIES
P10,HOBBIES_1_225,2014-07-16,2,181,HOBBIES
P10,HOBBIES_1_225,2014-07-17,2,181,HOBBIES
P10,HOBBIES_1_225,2014-07-18,1,181,HOBBIES
P10,HOBBIES_1_225,2014-07-19,7,182,HOBBIES
P10,HOBBIES_1_225,2014-07-20,3,182,HOBBIES
P10,HOBBIES_1_225,2014-07-21,2,182,HOBBIES
P10,HOBBIES_1_225,2014-07-22,2,182,HOBBIES
P10,HOBBIES_1_225,2014-07-23,2,182,HOBBIES
P10,HOBBIES_1_225,2014-07-24,4,182,HOBBIES
P10,HOBBIES_1_225,2014-07-25,3,182,HOBBIES
P10,HOBBIES_1_225,2014-07-26,2,183,HOBBIES
P10,HOBBIES_1_225,2014-07-27,3,183,HOBBIES
P10,HOBBIES_1_225,2014-07-28,2,183,HOBBIES
P10,HOBBIES_1_225,2014-07-29,1,183,HOBBIES
P10,HOBBIES_1_225,2014-07-30,2,183,HOBBIES
P10,HOBBIES_1_225,2014-07-31,3,183,HOBBIES
P10,HOBBIES_1_225,2014-08-01,2,183,HOBBIES
P10,HOBBIES_1_225,2014-08-02,4,184,HOBBIES
P10,HOBBIES_1_225,2014-08-03,4,184,HOBBIES
P10,HOBBIES_1_225,2014-08-04,2,184,HOBBIES
P10,HOBBIES_1_225,2014-08-05,6,184,HOBBIES
P10,HOBBIES_1_225,2014-08-06,4,184,HOBBIES
P10,HOBBIES_1_225,2014-08-07,4,184,HOBBIES
P10,HOBBIES_1_225,2014-08-08,3,184,HOBBIES
P10,HOBBIES_1_225,2014-08-09,2,185,HOBBIES
P10,HOBBIES_1_225,2014-08-10,3,185,HOBBIES
P10,HOBBIES_1_225,2014-08-11,2,185,HOBBIES
P10,HOBBIES_1_225,2014-08-12,2,185,HOBBIES
P10,HOBBIES_1_225,2014-08-13,1,185,HOBBIES
P10,HOBBIES_1_225,2014-08-14,1,185,HOBBIES
P10,HOBBIES_1_225,2014-08-15,2,185,HOBBIES
P10,HOBBIES_1_225,2014-08-16,4,186,HOBBIES
P10,HOBBIES_1_225,2014-08-17,3,186,HOBBIES
P10,HOBBIES_1_225,2014-08-18,6,186,HOBBIES
P10,HOBBIES_1_225,2014-08-19,2,186,HOBBIES
P10,HOBBIES_1_225,2014-08-20,3,186,HOBBIES
P10,HOBBIES_1_225,2014-08-21,3,186,HOBBIES
P10,HOBBIES_1_225,2014-08-22,3,186,HOBBIES
P10,HOBBIES_1_225,2014-08-23,4,187,HOBBIES
P10,HOBBIES_1_225,2014-08-24,10,187,HOBBIES
P10,HOBBIES_1_225,2014-08-25,1,187,HOBBIES
P10,HOBBIES_1_225,2014-08-26,5,187,HOBBIES
P10,HOBBIES_1_225,2014-08-27,2,187,HOBBIES
P10,HOBBIES_1_225,2014-08-28,1,187,HOBBIES
P10,HOBBIES_1_225,2014-08-29,5,187,HOBBIES
P10,HOBBIES_1_225,2014-08-30,5,188,HOBBIES
P10,HOBBIES_1_225,2014-08-31,2,188,HOBBIES
P10,HOBBIES_1_225,2014-09-01,3,188,HOBBIES
P10,HOBBIES_1_225,2014-09-02,3,188,HOBBIES
P10,HOBBIES_1_225,2014-09-03,0,188,HOBBIES
P10,HOBBIES_1_225,2014-09-04,7,188,HOBBIES
P10,HOBBIES_1_225,2014-09-05,4,188,HOBBIES
P10,HOBBIES_1_225,2014-09-06,2,189,HOBBIES
P10,HOBBIES_1_225,2014-09-07,4,189,HOBBIES
P10,HOBBIES_1_225,2014-09-08,2,189,HOBBIES
P10,HOBBIES_1_225,2014-09-09,7,189,HOBBIES
P10,HOBBIES_1_225,2014-09-10,2,189,HOBBIES
P10,HOBBIES_1_225,2014-09-11,7,189,HOBBIES
P10,HOBBIES_1_225,2014-09-12,3,189,HOBBIES
P10,HOBBIES_1_225,2014-09-13,2,190,HOBBIES
P10,HOBBIES_1_225,2014-09-14,3,190,HOBBIES
P10,HOBBIES_1_225,2014-09-15,5,190,HOBBIES
P10,HOBBIES_1_225,2014-09-16,2,190,HOBBIES
P10,HOBBIES_1_225,2014-09-17,1,190,HOBBIES
P10,HOBBIES_1_225,2014-09-18,0,190,HOBBIES
P10,HOBBIES_1_225,2014-09-19,4,190,HOBBIES
P10,HOBBIES_1_225,2014-09-20,0,191,HOBBIES
P10,HOBBIES_1_225,2014-09-21,4,191,HOBBIES
P10,HOBBIES_1_225,2014-09-22,3,191,HOBBIES
P10,HOBBIES_1_225,2014-09-23,4,191,HOBBIES
P10,HOBBIES_1_225,2014-09-24,5,191,HOBBIES
P10,HOBBIES_1_225,2014-09-25,1,191,HOBBIES
P10,HOBBIES_1_225,2014-09-26,3,191,HOBBIES
P10,HOBBIES_1_225,2014-09-27,1,192,HOBBIES
P10,HOBBIES_1_225,2014-09-28,2,192,HOBBIES
P10,HOBBIES_1_225,2014-09-29,2,192,HOBBIES
P10,HOBBIES_1_225,2014-09-30,5,192,HOBBIES
P10,HOBBIES_1_225,2014-10-01,2,192,HOBBIES
P10,HOBBIES_1_225,2014-10-02,3,192,HOBBIES
P10,HOBBIES_1_225,2014-10-03,3,192,HOBBIES
P10,HOBBIES_1_225,2014-10-04,2,193,HOBBIES
P10,HOBBIES_1_225,2014-10-05,9,193,HOBBIES
P10,HOBBIES_1_225,2014-10-06,4,193,HOBBIES
P10,HOBBIES_1_225,2014-10-07,4,193,HOBBIES
P10,HOBBIES_1_225,2014-10-08,0,193,HOBBIES
P10,HOBBIES_1_225,2014-10-09,1,193,HOBBIES
P10,HOBBIES_1_225,2014-10-10,8,193,HOBBIES
P10,HOBBIES_1_225,2014-10-11,6,194,HOBBIES
P10,HOBBIES_1_225,2014-10-12,2,194,HOBBIES
P10,HOBBIES_1_225,2014-10-13,2,194,HOBBIES
P10,HOBBIES_1_225,2014-10-14,5,194,HOBBIES
P10,HOBBIES_1_225,2014-10-15,2,194,HOBBIES
P10,HOBBIES_1_225,2014-10-16,4,194,HOBBIES
P10,HOBBIES_1_225,2014-10-17,1,194,HOBBIES
P10,HOBBIES_1_225,2014-10-18,4,195,HOBBIES
P10,HOBBIES_1_225,2014-10-19,4,195,HOBBIES
P10,HOBBIES_1_225,2014-10-20,4,195,HOBBIES
P10,HOBBIES_1_225,2014-10-21,3,195,HOBBIES
P10,HOBBIES_1_225,2014-10-22,2,195,HOBBIES
P10,HOBBIES_1_225,2014-10-23,4,195,HOBBIES
P10,HOBBIES_1_225,2014-10-24,3,195,HOBBIES
P10,HOBBIES_1_225,2014-10-25,6,196,HOBBIES
P10,HOBBIES_1_225,2014-10-26,4,196,HOBBIES
P10,HOBBIES_1_225,2014-10-27,2,196,HOBBIES
P10,HOBBIES_1_225,2014-10-28,6,196,HOBBIES
P10,HOBBIES_1_225,2014-10-29,5,196,HOBBIES
P10,HOBBIES_1_225,2014-10-30,5,196,HOBBIES
P10,HOBBIES_1_225,2014-10-31,1,196,HOBBIES
P10,HOBBIES_1_225,2014-11-01,3,197,HOBBIES
P10,HOBBIES_1_225,2014-11-02,4,197,HOBBIES
P10,HOBBIES_1_225,2014-11-03,2,197,HOBBIES
P10,HOBBIES_1_225,2014-11-04,7,197,HOBBIES
P10,HOBBIES_1_225,2014-11-05,4,197,HOBBIES
P10,HOBBIES_1_225,2014-11-06,1,197,HOBBIES
P10,HOBBIES_1_225,2014-11-07,5,197,HOBBIES
P10,HOBBIES_1_225,2014-11-08,5,198,HOBBIES
P10,HOBBIES_1_225,2014-11-09,3,198,HOBBIES
P10,HOBBIES_1_225,2014-11-10,1,198,HOBBIES
P10,HOBBIES_1_225,2014-11-11,4,198,HOBBIES
P10,HOBBIES_1_225,2014-11-12,5,198,HOBBIES
P10,HOBBIES_1_225,2014-11-13,2,198,HOBBIES
P10,HOBBIES_1_225,2014-11-14,5,198,HOBBIES
P10,HOBBIES_1_225,2014-11-15,3,199,HOBBIES
P10,HOBBIES_1_225,2014-11-16,3,199,HOBBIES
P10,HOBBIES_1_225,2014-11-17,3,199,HOBBIES
P10,HOBBIES_1_225,2014-11-18,3,199,HOBBIES
P10,HOBBIES_1_225,2014-11-19,0,199,HOBBIES
P10,HOBBIES_1_225,2014-11-20,3,199,HOBBIES
P10,HOBBIES_1_225,2014-11-21,2,199,HOBBIES
P10,HOBBIES_1_225,2014-11-22,3,200,HOBBIES
P10,HOBBIES_1_225,2014-11-23,8,200,HOBBIES
P10,HOBBIES_1_225,2014-11-24,7,200,HOBBIES
P10,HOBBIES_1_225,2014-11-25,3,200,HOBBIES
P10,HOBBIES_1_225,2014-11-26,3,200,HOBBIES
P10,HOBBIES_1_225,2014-11-27,2,200,HOBBIES
P10,HOBBIES_1_225,2014-11-28,1,200,HOBBIES
P10,HOBBIES_1_225,2014-11-29,5,201,HOBBIES
P10,HOBBIES_1_225,2014-11-30,4,201,HOBBIES
P10,HOBBIES_1_225,2014-12-01,6,201,HOBBIES
P10,HOBBIES_1_225,2014-12-02,3,201,HOBBIES
P10,HOBBIES_1_225,2014-12-03,2,201,HOBBIES
P10,HOBBIES_1_225,2014-12-04,3,201,HOBBIES
P10,HOBBIES_1_225,2014-12-05,1,201,HOBBIES
P10,HOBBIES_1_225,2014-12-06,4,202,HOBBIES
P10,HOBBIES_1_225,2014-12-07,5,202,HOBBIES
P10,HOBBIES_1_225,2014-12-08,5,202,HOBBIES
P10,HOBBIES_1_225,2014-12-09,4,202,HOBBIES
P10,HOBBIES_1_225,2014-12-10,7,202,HOBBIES
P10,HOBBIES_1_225,2014-12-11,1,202,HOBBIES
P10,HOBBIES_1_225,2014-12-12,1,202,HOBBIES
P10,HOBBIES_1_225,2014-12-13,1,203,HOBBIES
P10,HOBBIES_1_225,2014-12-14,0,203,HOBBIES
P10,HOBBIES_1_225,2014-12-15,3,203,HOBBIES
P10,HOBBIES_1_225,2014-12-16,5,203,HOBBIES
P10,HOBBIES_1_225,2014-12-17,4,203,HOBBIES
P10,HOBBIES_1_225,2014-12-18,5,203,HOBBIES
P10,HOBBIES_1_225,2014-12-19,3,203,HOBBIES
P10,HOBBIES_1_225,2014-12-20,4,204,HOBBIES
P10,HOBBIES_1_225,2014-12-21,6,204,HOBBIES
P10,HOBBIES_1_225,2014-12-22,3,204,HOBBIES
P10,HOBBIES_1_225,2014-12-23,5,204,HOBBIES
P10,HOBBIES_1_225,2014-12-24,3,204,HOBBIES
P10,HOBBIES_1_225,2014-12-25,0,204,HOBBIES
P10,HOBBIES_1_225,2014-12-26,8,204,HOBBIES
P10,HOBBIES_1_225,2014-12-27,5,205,HOBBIES
P10,HOBBIES_1_225,2014-12-28,3,205,HOBBIES
P10,HOBBIES_1_225,2014-12-29,2,205,HOBBIES
P10,HOBBIES_1_225,2014-12-30,4,205,HOBBIES
P10,HOBBIES_1_225,2014-12-31,8,205,HOBBIES
P10,HOBBIES_1_225,2015-01-01,0,205,HOBBIES
P10,HOBBIES_1_225,2015-01-02,5,205,HOBBIES
P10,HOBBIES_1_225,2015-01-03,1,206,HOBBIES
P10,HOBBIES_1_225,2015-01-04,5,206,HOBBIES
P10,HOBBIES_1_225,2015-01-05,2,206,HOBBIES
P10,HOBBIES_1_225,2015-01-06,2,206,HOBBIES
P10,HOBBIES_1_225,2015-01-07,1,206,HOBBIES
P10,HOBBIES_1_225,2015-01-08,3,206,HOBBIES
P10,HOBBIES_1_225,2015-01-09,5,206,HOBBIES
P10,HOBBIES_1_225,2015-01-10,4,207,HOBBIES
P10,HOBBIES_1_225,2015-01-11,2,207,HOBBIES
P10,HOBBIES_1_225,2015-01-12,1,207,HOBBIES
P10,HOBBIES_1_225,2015-01-13,3,207,HOBBIES
P10,HOBBIES_1_225,2015-01-14,4,207,HOBBIES
P10,HOBBIES_1_225,2015-01-15,0,207,HOBBIES
P10,HOBBIES_1_225,2015-01-16,2,207,HOBBIES
P10,HOBBIES_1_225,2015-01-17,9,208,HOBBIES
P10,HOBBIES_1_225,2015-01-18,3,208,HOBBIES
P10,HOBBIES_1_225,2015-01-19,7,208,HOBBIES
P10,HOBBIES_1_225,2015-01-20,2,208,HOBBIES
P10,HOBBIES_1_225,2015-01-21,2,208,HOBBIES
P10,HOBBIES_1_225,2015-01-22,4,208,HOBBIES
P10,HOBBIES_1_225,2015-01-23,4,208,HOBBIES
P10,HOBBIES_1_225,2015-01-24,1,209,HOBBIES
P10,HOBBIES_1_225,2015-01-25,5,209,HOBBIES
P10,HOBBIES_1_225,2015-01-26,3,209,HOBBIES
P10,HOBBIES_1_225,2015-01-27,2,209,HOBBIES
P10,HOBBIES_1_225,2015-01-28,4,209,HOBBIES
P10,HOBBIES_1_225,2015-01-29,3,209,HOBBIES
P10,HOBBIES_1_225,2015-01-30,3,209,HOBBIES
P10,HOBBIES_1_225,2015-01-31,5,210,HOBBIES
P10,HOBBIES_1_225,2015-02-01,4,210,HOBBIES
P10,HOBBIES_1_225,2015-02-02,1,210,HOBBIES
P10,HOBBIES_1_225,2015-02-03,8,210,HOBBIES
P10,HOBBIES_1_225,2015-02-04,2,210,HOBBIES
P10,HOBBIES_1_225,2015-02-05,4,210,HOBBIES
P10,HOBBIES_1_225,2015-02-06,2,210,HOBBIES
P10,HOBBIES_1_225,2015-02-07,7,211,HOBBIES
P10,HOBBIES_1_225,2015-02-08,3,211,HOBBIES
P10,HOBBIES_1_225,2015-02-09,7,211,HOBBIES
P10,HOBBIES_1_225,2015-02-10,5,211,HOBBIES
P10,HOBBIES_1_225,2015-02-11,3,211,HOBBIES
P10,HOBBIES_1_225,2015-02-12,2,211,HOBBIES
P10,HOBBIES_1_225,2015-02-13,6,211,HOBBIES
P10,HOBBIES_1_225,2015-02-14,7,212,HOBBIES
P10,HOBBIES_1_225,2015-02-15,4,212,HOBBIES
P10,HOBBIES_1_225,2015-02-16,5,212,HOBBIES
P10,HOBBIES_1_225,2015-02-17,7,212,HOBBIES
P10,HOBBIES_1_225,2015-02-18,4,212,HOBBIES
P10,HOBBIES_1_225,2015-02-19,4,212,HOBBIES
P10,HOBBIES_1_225,2015-02-20,7,212,HOBBIES
P10,HOBBIES_1_225,2015-02-21,6,213,HOBBIES
P10,HOBBIES_1_225,2015-02-22,2,213,HOBBIES
P10,HOBBIES_1_225,2015-02-23,4,213,HOBBIES
P10,HOBBIES_1_225,2015-02-24,1,213,HOBBIES
P10,HOBBIES_1_225,2015-02-25,7,213,HOBBIES
P10,HOBBIES_1_225,2015-02-26,6,213,HOBBIES
P10,HOBBIES_1_225,2015-02-27,2,213,HOBBIES
P10,HOBBIES_1_225,2015-02-28,7,214,HOBBIES
P10,HOBBIES_1_225,2015-03-01,7,214,HOBBIES
P10,HOBBIES_1_225,2015-03-02,8,214,HOBBIES
P10,HOBBIES_1_225,2015-03-03,4,214,HOBBIES
P10,HOBBIES_1_225,2015-03-04,4,214,HOBBIES
P10,HOBBIES_1_225,2015-03-05,3,214,HOBBIES
P10,HOBBIES_1_225,2015-03-06,2,214,HOBBIES
P10,HOBBIES_1_225,2015-03-07,5,215,HOBBIES
P10,HOBBIES_1_225,2015-03-08,7,215,HOBBIES
P10,HOBBIES_1_225,2015-03-09,6,215,HOBBIES
P10,HOBBIES_1_225,2015-03-10,5,215,HOBBIES
P10,HOBBIES_1_225,2015-03-11,6,215,HOBBIES
P10,HOBBIES_1_225,2015-03-12,1,215,HOBBIES
P10,HOBBIES_1_225,2015-03-13,2,215,HOBBIES
P10,HOBBIES_1_225,2015-03-14,5,216,HOBBIES
P10,HOBBIES_1_225,2015-03-15,9,216,HOBBIES
P10,HOBBIES_1_225,2015-03-16,3,216,HOBBIES
P10,HOBBIES_1_225,2015-03-17,6,216,HOBBIES
P10,HOBBIES_1_225,2015-03-18,0,216,HOBBIES
P10,HOBBIES_1_225,2015-03-19,4,216,HOBBIES
P10,HOBBIES_1_225,2015-03-20,3,216,HOBBIES
P10,HOBBIES_1_225,2015-03-21,8,217,HOBBIES
P10,HOBBIES_1_225,2015-03-22,4,217,HOBBIES
P10,HOBBIES_1_225,2015-03-23,4,217,HOBBIES
P10,HOBBIES_1_225,2015-03-24,3,217,HOBBIES
P10,HOBBIES_1_225,2015-03-25,8,217,HOBBIES
P10,HOBBIES_1_225,2015-03-26,4,217,HOBBIES
P10,HOBBIES_1_225,2015-03-27,3,217,HOBBIES
P10,HOBBIES_1_225,2015-03-28,5,218,HOBBIES
P10,HOBBIES_1_225,2015-03-29,5,218,HOBBIES
P10,HOBBIES_1_225,2015-03-30,3,218,HOBBIES
P10,HOBBIES_1_225,2015-03-31,4,218,HOBBIES
P10,HOBBIES_1_225,2015-04-01,6,218,HOBBIES
P10,HOBBIES_1_225,2015-04-02,4,218,HOBBIES
P10,HOBBIES_1_225,2015-04-03,3,218,HOBBIES
P10,HOBBIES_1_225,2015-04-04,12,219,HOBBIES
P10,HOBBIES_1_225,2015-04-05,2,219,HOBBIES
P10,HOBBIES_1_225,2015-04-06,4,219,HOBBIES
P10,HOBBIES_1_225,2015-04-07,4,219,HOBBIES
P10,HOBBIES_1_225,2015-04-08,2,219,HOBBIES
P10,HOBBIES_1_225,2015-04-09,2,219,HOBBIES
P10,HOBBIES_1_225,2015-04-10,5,219,HOBBIES
P10,HOBBIES_1_225,2015-04-11,3,220,HOBBIES
P10,HOBBIES_1_225,2015-04-12,5,220,HOBBIES
P10,HOBBIES_1_225,2015-04-13,6,220,HOBBIES
P10,HOBBIES_1_225,2015-04-14,6,220,HOBBIES
P10,HOBBIES_1_225,2015-04-15,4,220,HOBBIES
P10,HOBBIES_1_225,2015-04-16,2,220,HOBBIES
P10,HOBBIES_1_225,2015-04-17,4,220,HOBBIES
P10,HOBBIES_1_225,2015-04-18,8,221,HOBBIES
P10,HOBBIES_1_225,2015-04-19,5,221,HOBBIES
P10,HOBBIES_1_225,2015-04-20,2,221,HOBBIES
P10,HOBBIES_1_225,2015-04-21,4,221,HOBBIES
P10,HOBBIES_1_225,2015-04-22,3,221,HOBBIES
P10,HOBBIES_1_225,2015-04-23,2,221,HOBBIES
P10,HOBBIES_1_225,2015-04-24,5,221,HOBBIES
P10,HOBBIES_1_225,2015-04-25,4,222,HOBBIES
P10,HOBBIES_1_225,2015-04-26,6,222,HOBBIES
P10,HOBBIES_1_225,2015-04-27,6,222,HOBBIES
P10,HOBBIES_1_225,2015-04-28,5,222,HOBBIES
P10,HOBBIES_1_225,2015-04-29,4,222,HOBBIES
P10,HOBBIES_1_225,2015-04-30,5,222,HOBBIES
P10,HOBBIES_1_225,2015-05-01,3,222,HOBBIES
P10,HOBBIES_1_225,2015-05-02,9,223,HOBBIES
P10,HOBBIES_1_225,2015-05-03,2,223,HOBBIES
P10,HOBBIES_1_225,2015-05-04,6,223,HOBBIES
P10,HOBBIES_1_225,2015-05-05,4,223,HOBBIES
P10,HOBBIES_1_225,2015-05-06,3,223,HOBBIES
P10,HOBBIES_1_225,2015-05-07,7,223,HOBBIES
P10,HOBBIES_1_225,2015-05-08,3,223,HOBBIES
P10,HOBBIES_1_225,2015-05-09,11,224,HOBBIES
P10,HOBBIES_1_225,2015-05-10,1,224,HOBBIES
P10,HOBBIES_1_225,2015-05-11,4,224,HOBBIES
P10,HOBBIES_1_225,2015-05-12,4,224,HOBBIES
P10,HOBBIES_1_225,2015-05-13,3,224,HOBBIES
P10,HOBBIES_1_225,2015-05-14,3,224,HOBBIES
P10,HOBBIES_1_225,2015-05-15,1,224,HOBBIES
P10,HOBBIES_1_225,2015-05-16,6,225,HOBBIES
P10,HOBBIES_1_225,2015-05-17,9,225,HOBBIES
P10,HOBBIES_1_225,2015-05-18,2,225,HOBBIES
P10,HOBBIES_1_225,2015-05-19,3,225,HOBBIES
P10,HOBBIES_1_225,2015-05-20,7,225,HOBBIES
P10,HOBBIES_1_225,2015-05-21,5,225,HOBBIES
P10,HOBBIES_1_225,2015-05-22,3,225,HOBBIES
P10,HOBBIES_1_225,2015-05-23,4,226,HOBBIES
P10,HOBBIES_1_225,2015-05-24,6,226,HOBBIES
P10,HOBBIES_1_225,2015-05-25,9,226,HOBBIES
P10,HOBBIES_1_225,2015-05-26,4,226,HOBBIES
P10,HOBBIES_1_225,2015-05-27,5,226,HOBBIES
P10,HOBBIES_1_225,2015-05-28,5,226,HOBBIES
P10,HOBBIES_1_225,2015-05-29,4,226,HOBBIES
P10,HOBBIES_1_225,2015-05-30,5,227,HOBBIES
P10,HOBBIES_1_225,2015-05-31,7,227,HOBBIES
P10,HOBBIES_1_225,2015-06-01,7,227,HOBBIES
P10,HOBBIES_1_225,2015-06-02,4,227,HOBBIES
P10,HOBBIES_1_225,2015-06-03,2,227,HOBBIES
P10,HOBBIES_1_225,2015-06-04,2,227,HOBBIES
P10,HOBBIES_1_225,2015-06-05,5,227,HOBBIES
P10,HOBBIES_1_225,2015-06-06,2,228,HOBBIES
P10,HOBBIES_1_225,2015-06-07,6,228,HOBBIES
P10,HOBBIES_1_225,2015-06-08,10,228,HOBBIES
P10,HOBBIES_1_225,2015-06-09,7,228,HOBBIES
P10,HOBBIES_1_225,2015-06-10,4,228,HOBBIES
P10,HOBBIES_1_225,2015-06-11,2,228,HOBBIES
P10,HOBBIES_1_225,2015-06-12,3,228,HOBBIES
P10,HOBBIES_1_225,2015-06-13,2,229,HOBBIES
P10,HOBBIES_1_225,2015-06-14,5,229,HOBBIES
P10,HOBBIES_1_225,2015-06-15,13,229,HOBBIES
P10,HOBBIES_1_225,2015-06-16,4,229,HOBBIES
P10,HOBBIES_1_225,2015-06-17,6,229,HOBBIES
P10,HOBBIES_1_225,2015-06-18,3,229,HOBBIES
P10,HOBBIES_1_225,2015-06-19,2,229,HOBBIES
P10,HOBBIES_1_225,2015-06-20,5,230,HOBBIES
P10,HOBBIES_1_225,2015-06-21,5,230,HOBBIES
P10,HOBBIES_1_225,2015-06-22,6,230,HOBBIES
P10,HOBBIES_1_225,2015-06-23,3,230,HOBBIES
P10,HOBBIES_1_225,2015-06-24,3,230,HOBBIES
P10,HOBBIES_1_225,2015-06-25,2,230,HOBBIES
P10,HOBBIES_1_225,2015-06-26,4,230,HOBBIES
P10,HOBBIES_1_225,2015-06-27,4,231,HOBBIES
P10,HOBBIES_1_225,2015-06-28,5,231,HOBBIES
P10,HOBBIES_1_225,2015-06-29,4,231,HOBBIES
P10,HOBBIES_1_225,2015-06-30,6,231,HOBBIES
P10,HOBBIES_1_225,2015-07-01,4,231,HOBBIES
P10,HOBBIES_1_225,2015-07-02,8,231,HOBBIES
P10,HOBBIES_1_225,2015-07-03,5,231,HOBBIES
P10,HOBBIES_1_225,2015-07-04,2,232,HOBBIES
P10,HOBBIES_1_225,2015-07-05,2,232,HOBBIES
P10,HOBBIES_1_225,2015-07-06,3,232,HOBBIES
P10,HOBBIES_1_225,2015-07-07,5,232,HOBBIES
P10,HOBBIES_1_225,2015-07-08,5,232,HOBBIES
P10,HOBBIES_1_225,2015-07-09,2,232,HOBBIES
P10,HOBBIES_1_225,2015-07-10,6,232,HOBBIES
P10,HOBBIES_1_225,2015-07-11,6,233,HOBBIES
P10,HOBBIES_1_225,2015-07-12,2,233,HOBBIES
P10,HOBBIES_1_225,2015-07-13,2,233,HOBBIES
P10,HOBBIES_1_225,2015-07-14,1,233,HOBBIES
P10,HOBBIES_1_225,2015-07-15,1,233,HOBBIES
P10,HOBBIES_1_225,2015-07-16,3,233,HOBBIES
P10,HOBBIES_1_225,2015-07-17,8,233,HOBBIES
P10,HOBBIES_1_225,2015-07-18,4,234,HOBBIES
P10,HOBBIES_1_225,2015-07-19,4,234,HOBBIES
P10,HOBBIES_1_225,2015-07-20,6,234,HOBBIES
P10,HOBBIES_1_225,2015-07-21,6,234,HOBBIES
P10,HOBBIES_1_225,2015-07-22,3,234,HOBBIES
P10,HOBBIES_1_225,2015-07-23,6,234,HOBBIES
P10,HOBBIES_1_225,2015-07-24,1,234,HOBBIES
P10,HOBBIES_1_225,2015-07-25,7,235,HOBBIES
P10,HOBBIES_1_225,2015-07-26,6,235,HOBBIES
P10,HOBBIES_1_225,2015-07-27,4,235,HOBBIES
P10,HOBBIES_1_225,2015-07-28,3,235,HOBBIES
P10,HOBBIES_1_225,2015-07-29,5,235,HOBBIES
P10,HOBBIES_1_225,2015-07-30,2,235,HOBBIES
P10,HOBBIES_1_225,2015-07-31,6,235,HOBBIES
P10,HOBBIES_1_225,2015-08-01,5,236,HOBBIES
P10,HOBBIES_1_225,2015-08-02,5,236,HOBBIES
P10,HOBBIES_1_225,2015-08-03,5,236,HOBBIES
P10,HOBBIES_1_225,2015-08-04,3,236,HOBBIES
P10,HOBBIES_1_225,2015-08-05,3,236,HOBBIES
P10,HOBBIES_1_225,2015-08-06,8,236,HOBBIES
P10,HOBBIES_1_225,2015-08-07,4,236,HOBBIES
P10,HOBBIES_1_225,2015-08-08,6,237,HOBBIES
P10,HOBBIES_1_225,2015-08-09,5,237,HOBBIES
P10,HOBBIES_1_225,2015-08-10,7,237,HOBBIES
P10,HOBBIES_1_225,2015-08-11,4,237,HOBBIES
P10,HOBBIES_1_225,2015-08-12,6,237,HOBBIES
P10,HOBBIES_1_225,2015-08-13,4,237,HOBBIES
P10,HOBBIES_1_225,2015-08-14,2,237,HOBBIES
P10,HOBBIES_1_225,2015-08-15,7,238,HOBBIES
P10,HOBBIES_1_225,2015-08-16,4,238,HOBBIES
P10,HOBBIES_1_225,2015-08-17,0,238,HOBBIES
P10,HOBBIES_1_225,2015-08-18,7,238,HOBBIES
P10,HOBBIES_1_225,2015-08-19,3,238,HOBBIES
P10,HOBBIES_1_225,2015-08-20,6,238,HOBBIES
P10,HOBBIES_1_225,2015-08-21,7,238,HOBBIES
P10,HOBBIES_1_225,2015-08-22,5,239,HOBBIES
P10,HOBBIES_1_225,2015-08-23,5,239,HOBBIES
P10,HOBBIES_1_225,2015-08-24,4,239,HOBBIES
P10,HOBBIES_1_225,2015-08-25,4,239,HOBBIES
P10,HOBBIES_1_225,2015-08-26,8,239,HOBBIES
P10,HOBBIES_1_225,2015-08-27,3,239,HOBBIES
P10,HOBBIES_1_225,2015-08-28,4,239,HOBBIES
P10,HOBBIES_1_225,2015-08-29,2,240,HOBBIES
P10,HOBBIES_1_225,2015-08-30,7,240,HOBBIES
P10,HOBBIES_1_225,2015-08-31,3,240,HOBBIES
P10,HOBBIES_1_225,2015-09-01,3,240,HOBBIES
P10,HOBBIES_1_225,2015-09-02,4,240,HOBBIES
P10,HOBBIES_1_225,2015-09-03,4,240,HOBBIES
P10,HOBBIES_1_225,2015-09-04,4,240,HOBBIES
P10,HOBBIES_1_225,2015-09-05,4,241,HOBBIES
P10,HOBBIES_1_225,2015-09-06,6,241,HOBBIES
P10,HOBBIES_1_225,2015-09-07,7,241,HOBBIES
P10,HOBBIES_1_225,2015-09-08,3,241,HOBBIES
P10,HOBBIES_1_225,2015-09-09,4,241,HOBBIES
P10,HOBBIES_1_225,2015-09-10,5,241,HOBBIES
P10,HOBBIES_1_225,2015-09-11,3,241,HOBBIES
P10,HOBBIES_1_225,2015-09-12,4,242,HOBBIES
P10,HOBBIES_1_225,2015-09-13,5,242,HOBBIES
P10,HOBBIES_1_225,2015-09-14,8,242,HOBBIES
P10,HOBBIES_1_225,2015-09-15,6,242,HOBBIES
P10,HOBBIES_1_225,2015-09-16,6,242,HOBBIES
P10,HOBBIES_1_225,2015-09-17,4,242,HOBBIES
P10,HOBBIES_1_225,2015-09-18,5,242,HOBBIES
P10,HOBBIES_1_225,2015-09-19,6,243,HOBBIES
P10,HOBBIES_1_225,2015-09-20,4,243,HOBBIES
P10,HOBBIES_1_225,2015-09-21,3,243,HOBBIES
P10,HOBBIES_1_225,2015-09-22,3,243,HOBBIES
P10,HOBBIES_1_225,2015-09-23,4,243,HOBBIES
P10,HOBBIES_1_225,2015-09-24,5,243,HOBBIES
P10,HOBBIES_1_225,2015-09-25,2,243,HOBBIES
P10,HOBBIES_1_225,2015-09-26,3,244,HOBBIES
P10,HOBBIES_1_225,2015-09-27,7,244,HOBBIES
P10,HOBBIES_1_225,2015-09-28,3,244,HOBBIES
P10,HOBBIES_1_225,2015-09-29,4,244,HOBBIES
P10,HOBBIES_1_225,2015-09-30,1,244,HOBBIES
P10,HOBBIES_1_225,2015-10-01,4,244,HOBBIES
P10,HOBBIES_1_225,2015-10-02,3,244,HOBBIES
P10,HOBBIES_1_225,2015-10-03,4,245,HOBBIES
P10,HOBBIES_1_225,2015-10-04,7,245,HOBBIES
P10,HOBBIES_1_225,2015-10-05,7,245,HOBBIES
P10,HOBBIES_1_225,2015-10-06,4,245,HOBBIES
P10,HOBBIES_1_225,2015-10-07,3,245,HOBBIES
P10,HOBBIES_1_225,2015-10-08,4,245,HOBBIES
P10,HOBBIES_1_225,2015-10-09,5,245,HOBBIES
P10,HOBBIES_1_225,2015-10-10,2,246,HOBBIES
P10,HOBBIES_1_225,2015-10-11,4,246,HOBBIES
P10,HOBBIES_1_225,2015-10-12,5,246,HOBBIES
P10,HOBBIES_1_225,2015-10-13,2,246,HOBBIES
P10,HOBBIES_1_225,2015-10-14,2,246,HOBBIES
P10,HOBBIES_1_225,2015-10-15,3,246,HOBBIES
P10,HOBBIES_1_225,2015-10-16,7,246,HOBBIES
P10,HOBBIES_1_225,2015-10-17,8,247,HOBBIES
P10,HOBBIES_1_225,2015-10-18,3,247,HOBBIES
P10,HOBBIES_1_225,2015-10-19,5,247,HOBBIES
P10,HOBBIES_1_225,2015-10-20,1,247,HOBBIES
P10,HOBBIES_1_225,2015-10-21,5,247,HOBBIES
P10,HOBBIES_1_225,2015-10-22,4,247,HOBBIES
P10,HOBBIES_1_225,2015-10-23,5,247,HOBBIES
P10,HOBBIES_1_225,2015-10-24,6,248,HOBBIES
P10,HOBBIES_1_225,2015-10-25,3,248,HOBBIES
P10,HOBBIES_1_225,2015-10-26,5,248,HOBBIES
P10,HOBBIES_1_225,2015-10-27,6,248,HOBBIES
P10,HOBBIES_1_225,2015-10-28,8,248,HOBBIES
P10,HOBBIES_1_225,2015-10-29,7,248,HOBBIES
P10,HOBBIES_1_225,2015-10-30,1,248,HOBBIES
P10,HOBBIES_1_225,2015-10-31,6,249,HOBBIES
P10,HOBBIES_1_225,2015-11-01,10,249,HOBBIES
P10,HOBBIES_1_225,2015-11-02,4,249,HOBBIES
P10,HOBBIES_1_225,2015-11-03,6,249,HOBBIES
P10,HOBBIES_1_225,2015-11-04,6,249,HOBBIES
P10,HOBBIES_1_225,2015-11-05,1,249,HOBBIES
P10,HOBBIES_1_225,2015-11-06,3,249,HOBBIES
P10,HOBBIES_1_225,2015-11-07,5,250,HOBBIES
P10,HOBBIES_1_225,2015-11-08,3,250,HOBBIES
P10,HOBBIES_1_225,2015-11-09,7,250,HOBBIES
P10,HOBBIES_1_225,2015-11-10,4,250,HOBBIES
P10,HOBBIES_1_225,2015-11-11,7,250,HOBBIES
P10,HOBBIES_1_225,2015-11-12,4,250,HOBBIES
P10,HOBBIES_1_225,2015-11-13,3,250,HOBBIES
P10,HOBBIES_1_225,2015-11-14,3,251,HOBBIES
P10,HOBBIES_1_225,2015-11-15,3,251,HOBBIES
P10,HOBBIES_1_225,2015-11-16,4,251,HOBBIES
P10,HOBBIES_1_225,2015-11-17,3,251,HOBBIES
P10,HOBBIES_1_225,2015-11-18,5,251,HOBBIES
P10,HOBBIES_1_225,2015-11-19,1,251,HOBBIES
P10,HOBBIES_1_225,2015-11-20,7,251,HOBBIES
P10,HOBBIES_1_225,2015-11-21,8,252,HOBBIES
P10,HOBBIES_1_225,2015-11-22,8,252,HOBBIES
P10,HOBBIES_1_225,2015-11-23,3,252,HOBBIES
P10,HOBBIES_1_225,2015-11-24,3,252,HOBBIES
P10,HOBBIES_1_225,2015-11-25,3,252,HOBBIES
P10,HOBBIES_1_225,2015-11-26,1,252,HOBBIES
P10,HOBBIES_1_225,2015-11-27,4,252,HOBBIES
P10,HOBBIES_1_225,2015-11-28,5,253,HOBBIES
P10,HOBBIES_1_225,2015-11-29,4,253,HOBBIES
P10,HOBBIES_1_225,2015-11-30,3,253,HOBBIES
P10,HOBBIES_1_225,2015-12-01,4,253,HOBBIES
P10,HOBBIES_1_225,2015-12-02,4,253,HOBBIES
P10,HOBBIES_1_225,2015-12-03,6,253,HOBBIES
P10,HOBBIES_1_225,2015-12-04,3,253,HOBBIES
P10,HOBBIES_1_225,2015-12-05,7,254,HOBBIES
P10,HOBBIES_1_225,2015-12-06,4,254,HOBBIES
P10,HOBBIES_1_225,2015-12-07,1,254,HOBBIES
P10,HOBBIES_1_225,2015-12-08,5,254,HOBBIES
P10,HOBBIES_1_225,2015-12-09,6,254,HOBBIES
P10,HOBBIES_1_225,2015-12-10,2,254,HOBBIES
P10,HOBBIES_1_225,2015-12-11,1,254,HOBBIES
P10,HOBBIES_1_225,2015-12-12,4,255,HOBBIES
P10,HOBBIES_1_225,2015-12-13,1,255,HOBBIES
P10,HOBBIES_1_225,2015-12-14,4,255,HOBBIES
P10,HOBBIES_1_225,2015-12-15,7,255,HOBBIES
P10,HOBBIES_1_225,2015-12-16,4,255,HOBBIES
P10,HOBBIES_1_225,2015-12-17,2,255,HOBBIES
P10,HOBBIES_1_225,2015-12-18,2,255,HOBBIES
P10,HOBBIES_1_225,2015-12-19,1,256,HOBBIES
P10,HOBBIES_1_225,2015-12-20,6,256,HOBBIES
P10,HOBBIES_1_225,2015-12-21,4,256,HOBBIES
P10,HOBBIES_1_225,2015-12-22,4,256,HOBBIES
P10,HOBBIES_1_225,2015-12-23,6,256,HOBBIES
P10,HOBBIES_1_225,2015-12-24,2,256,HOBBIES
P10,HOBBIES_1_225,2015-12-25,0,256,HOBBIES
P10,HOBBIES_1_225,2015-12-26,6,257,HOBBIES
P10,HOBBIES_1_225,2015-12-27,3,257,HOBBIES
P10,HOBBIES_1_225,2015-12-28,0,257,HOBBIES
P10,HOBBIES_1_225,2015-12-29,2,257,HOBBIES
P10,HOBBIES_1_225,2015-12-30,5,257,HOBBIES
P10,HOBBIES_1_225,2015-12-31,6,257,HOBBIES
P10,HOBBIES_1_225,2016-01-01,4,257,HOBBIES
P10,HOBBIES_1_225,2016-01-02,3,258,HOBBIES
P10,HOBBIES_1_225,2016-01-03,4,258,HOBBIES
P10,HOBBIES_1_225,2016-01-04,1,258,HOBBIES
P10,HOBBIES_1_225,2016-01-05,2,258,HOBBIES
P10,HOBBIES_1_225,2016-01-06,3,258,HOBBIES
P10,HOBBIES_1_225,2016-01-07,3,258,HOBBIES
P10,HOBBIES_1_225,2016-01-08,4,258,HOBBIES
P10,HOBBIES_1_225,2016-01-09,2,259,HOBBIES
P10,HOBBIES_1_225,2016-01-10,1,259,HOBBIES
P10,HOBBIES_1_225,2016-01-11,7,259,HOBBIES
P10,HOBBIES_1_225,2016-01-12,4,259,HOBBIES
P10,HOBBIES_1_225,2016-01-13,4,259,HOBBIES
P10,HOBBIES_1_225,2016-01-14,5,259,HOBBIES
P10,HOBBIES_1_225,2016-01-15,0,259,HOBBIES
P10,HOBBIES_1_225,2016-01-16,3,260,HOBBIES
P10,HOBBIES_1_225,2016-01-17,6,260,HOBBIES
P10,HOBBIES_1_225,2016-01-18,3,260,HOBBIES
P10,HOBBIES_1_225,2016-01-19,2,260,HOBBIES
P10,HOBBIES_1_225,2016-01-20,5,260,HOBBIES
P10,HOBBIES_1_225,2016-01-21,1,260,HOBBIES
P10,HOBBIES_1_225,2016-01-22,2,260,HOBBIES
P10,HOBBIES_1_225,2016-01-23,5,261,HOBBIES
P10,HOBBIES_1_225,2016-01-24,4,261,HOBBIES
P10,HOBBIES_1_225,2016-01-25,6,261,HOBBIES
P10,HOBBIES_1_225,2016-01-26,5,261,HOBBIES
P10,HOBBIES_1_225,2016-01-27,3,261,HOBBIES
P10,HOBBIES_1_225,2016-01-28,2,261,HOBBIES
P10,HOBBIES_1_225,2016-01-29,3,261,HOBBIES
P10,HOBBIES_1_225,2016-01-30,2,262,HOBBIES
P10,HOBBIES_1_225,2016-01-31,4,262,HOBBIES
P10,HOBBIES_1_225,2016-02-01,3,262,HOBBIES
P10,HOBBIES_1_225,2016-02-02,2,262,HOBBIES
P10,HOBBIES_1_225,2016-02-03,2,262,HOBBIES
P10,HOBBIES_1_225,2016-02-04,5,262,HOBBIES
P10,HOBBIES_1_225,2016-02-05,6,262,HOBBIES
P10,HOBBIES_1_225,2016-02-06,5,263,HOBBIES
P10,HOBBIES_1_225,2016-02-07,6,263,HOBBIES
P10,HOBBIES_1_225,2016-02-08,2,263,HOBBIES
P10,HOBBIES_1_225,2016-02-09,4,263,HOBBIES
P10,HOBBIES_1_225,2016-02-10,3,263,HOBBIES
P10,HOBBIES_1_225,2016-02-11,5,263,HOBBIES
P10,HOBBIES_1_225,2016-02-12,0,263,HOBBIES
P10,HOBBIES_1_225,2016-02-13,4,264,HOBBIES
P10,HOBBIES_1_225,2016-02-14,7,264,HOBBIES
P10,HOBBIES_1_225,2016-02-15,6,264,HOBBIES
P10,HOBBIES_1_225,2016-02-16,2,264,HOBBIES
P10,HOBBIES_1_225,2016-02-17,2,264,HOBBIES
P10,HOBBIES_1_225,2016-02-18,2,264,HOBBIES
P10,HOBBIES_1_225,2016-02-19,5,264,HOBBIES
P10,HOBBIES_1_225,2016-02-20,4,265,HOBBIES
P10,HOBBIES_1_225,2016-02-21,9,265,HOBBIES
P10,HOBBIES_1_225,2016-02-22,1,265,HOBBIES
P10,HOBBIES_1_225,2016-02-23,2,265,HOBBIES
P10,HOBBIES_1_225,2016-02-24,4,265,HOBBIES
P10,HOBBIES_1_225,2016-02-25,0,265,HOBBIES
P10,HOBBIES_1_225,2016-02-26,4,265,HOBBIES
P10,HOBBIES_1_225,2016-02-27,4,266,HOBBIES
P10,HOBBIES_1_225,2016-02-28,6,266,HOBBIES
P10,HOBBIES_1_225,2016-02-29,3,266,HOBBIES
P10,HOBBIES_1_225,2016-03-01,2,266,HOBBIES
P10,HOBBIES_1_225,2016-03-02,1,266,HOBBIES
P10,HOBBIES_1_225,2016-03-03,1,266,HOBBIES
P10,HOBBIES_1_225,2016-03-04,2,266,HOBBIES
P10,HOBBIES_1_225,2016-03-05,5,267,HOBBIES
P10,HOBBIES_1_225,2016-03-06,5,267,HOBBIES
P10,HOBBIES_1_225,2016-03-07,2,267,HOBBIES
P10,HOBBIES_1_225,2016-03-08,2,267,HOBBIES
P10,HOBBIES_1_225,2016-03-09,1,267,HOBBIES
P10,HOBBIES_1_225,2016-03-10,7,267,HOBBIES
P10,HOBBIES_1_225,2016-03-11,6,267,HOBBIES
P10,HOBBIES_1_225,2016-03-12,2,268,HOBBIES
P10,HOBBIES_1_225,2016-03-13,5,268,HOBBIES
P10,HOBBIES_1_225,2016-03-14,1,268,HOBBIES
P10,HOBBIES_1_225,2016-03-15,4,268,HOBBIES
P10,HOBBIES_1_225,2016-03-16,6,268,HOBBIES
P10,HOBBIES_1_225,2016-03-17,1,268,HOBBIES
P10,HOBBIES_1_225,2016-03-18,1,268,HOBBIES
P10,HOBBIES_1_225,2016-03-19,5,269,HOBBIES
P10,HOBBIES_1_225,2016-03-20,6,269,HOBBIES
P10,HOBBIES_1_225,2016-03-21,3,269,HOBBIES
P10,HOBBIES_1_225,2016-03-22,1,269,HOBBIES
P10,HOBBIES_1_225,2016-03-23,5,269,HOBBIES
P10,HOBBIES_1_225,2016-03-24,5,269,HOBBIES
P10,HOBBIES_1_225,2016-03-25,4,269,HOBBIES
P10,HOBBIES_1_225,2016-03-26,3,270,HOBBIES
P10,HOBBIES_1_225,2016-03-27,5,270,HOBBIES
P10,HOBBIES_1_225,2016-03-28,3,270,HOBBIES
P10,HOBBIES_1_225,2016-03-29,3,270,HOBBIES
P10,HOBBIES_1_225,2016-03-30,2,270,HOBBIES
P10,HOBBIES_1_225,2016-03-31,3,270,HOBBIES
P10,HOBBIES_1_225,2016-04-01,2,270,HOBBIES
P10,HOBBIES_1_225,2016-04-02,1,271,HOBBIES
P10,HOBBIES_1_225,2016-04-03,6,271,HOBBIES
P10,HOBBIES_1_225,2016-04-04,5,271,HOBBIES
P10,HOBBIES_1_225,2016-04-05,1,271,HOBBIES
P10,HOBBIES_1_225,2016-04-06,4,271,HOBBIES
P10,HOBBIES_1_225,2016-04-07,4,271,HOBBIES
P10,HOBBIES_1_225,2016-04-08,0,271,HOBBIES
P10,HOBBIES_1_225,2016-04-09,2,272,HOBBIES
P10,HOBBIES_1_225,2016-04-10,1,272,HOBBIES
P10,HOBBIES_1_225,2016-04-11,2,272,HOBBIES
P10,HOBBIES_1_225,2016-04-12,1,272,HOBBIES
P10,HOBBIES_1_225,2016-04-13,2,272,HOBBIES
P10,HOBBIES_1_225,2016-04-14,4,272,HOBBIES
P10,HOBBIES_1_225,2016-04-15,2,272,HOBBIES
P10,HOBBIES_1_225,2016-04-16,4,273,HOBBIES
P10,HOBBIES_1_225,2016-04-17,0,273,HOBBIES
P10,HOBBIES_1_225,2016-04-18,1,273,HOBBIES
P10,HOBBIES_1_225,2016-04-19,3,273,HOBBIES
P10,HOBBIES_1_225,2016-04-20,2,273,HOBBIES
P10,HOBBIES_1_225,2016-04-21,0,273,HOBBIES
P10,HOBBIES_1_225,2016-04-22,4,273,HOBBIES
